warning: Git tree '/Users/petitstrawberry/Development/Rust/Scarlet' is dirty
    Blocking waiting for file lock on package cache
    Blocking waiting for file lock on package cache
    Blocking waiting for file lock on package cache
    Blocking waiting for file lock on package cache
    Blocking waiting for file lock on package cache
    Blocking waiting for file lock on package cache
    Blocking waiting for file lock on shared package cache
   Compiling compiler_builtins v0.1.160 (/nix/store/14q5lk7drlypwwwlv8vv3qachyqx9za6-scarlet-rust-toolchain-39c689a4859b/lib/rustlib/src/rust/library/compiler-builtins/compiler-builtins)
   Compiling core v0.0.0 (/nix/store/14q5lk7drlypwwwlv8vv3qachyqx9za6-scarlet-rust-toolchain-39c689a4859b/lib/rustlib/src/rust/library/core)
   Compiling version_check v0.9.5
   Compiling scarlet v1.0.1 (/Users/petitstrawberry/Development/Rust/Scarlet/kernel)
   Compiling generic-array v0.14.7
   Compiling alloc v0.0.0 (/nix/store/14q5lk7drlypwwwlv8vv3qachyqx9za6-scarlet-rust-toolchain-39c689a4859b/lib/rustlib/src/rust/library/alloc)
    Checking typenum v1.20.1
    Checking cfg-if v1.0.5
    Checking scopeguard v1.2.0
    Checking zeroize v1.9.0
    Checking allocator-api2 v0.2.21
    Checking equivalent v1.0.2
    Checking foldhash v0.2.0
    Checking font8x8 v0.3.1
    Checking limine v0.6.5
    Checking scarlet-abi v1.0.0 (/Users/petitstrawberry/Development/Rust/Scarlet/user/lib/scarlet-abi)
    Checking fdt v0.1.5
    Checking lock_api v0.4.14
    Checking talc v4.4.3
    Checking hashbrown v0.16.1
    Checking crypto-common v0.1.7
    Checking inout v0.1.4
    Checking block-buffer v0.10.4
    Checking cipher v0.4.4
    Checking digest v0.10.7
    Checking sha2 v0.10.9
    Checking chacha20 v0.9.1
warning: unused import: `crate::arch::hv::reg_index::reg`
   --> src/abi/linux/device/kvm/riscv64.rs:604:9
    |
604 |     use crate::arch::hv::reg_index::reg;
    |         ^^^^^^^^^^^^^^^^^^^^^^^^^^^^^^^
    |
    = note: `#[warn(unused_imports)]` (part of `#[warn(unused)]`) on by default

warning: unused import: `vec`
  --> src/abi/linux/generic/fs.rs:18:5
   |
18 |     vec,
   |     ^^^

warning: unused imports: `is_direct_mapped` and `virt_to_phys`
  --> src/abi/linux/generic/mm.rs:10:16
   |
10 |     vm::addr::{is_direct_mapped, virt_to_phys},
   |                ^^^^^^^^^^^^^^^^  ^^^^^^^^^^^^

warning: unused import: `String`
  --> src/abi/xv6/riscv64/mod.rs:12:14
   |
12 |     string::{String, ToString},
   |              ^^^^^^

warning: unused import: `crate::environment::STACK_SIZE`
  --> src/arch/riscv/mod.rs:15:5
   |
15 | use crate::environment::STACK_SIZE;
   |     ^^^^^^^^^^^^^^^^^^^^^^^^^^^^^^

warning: unused import: `crate::mem::KERNEL_STACK`
  --> src/arch/riscv/mod.rs:16:5
   |
16 | use crate::mem::KERNEL_STACK;
   |     ^^^^^^^^^^^^^^^^^^^^^^^^

warning: unused import: `crate::vm::vmem::MemoryArea`
 --> src/arch/riscv/context.rs:9:5
  |
9 | use crate::vm::vmem::MemoryArea;
  |     ^^^^^^^^^^^^^^^^^^^^^^^^^^^

warning: unused import: `crate::arch::hv::csr`
 --> src/arch/riscv/hv/csr.rs:5:5
  |
5 | use crate::arch::hv::csr;
  |     ^^^^^^^^^^^^^^^^^^^^

warning: unused imports: `write_hstatus` and `write_vsatp`
 --> src/arch/riscv/hv/guest_vcpu.rs:3:43
  |
3 | use crate::arch::hv::csr::{GuestCsrState, write_hstatus, write_vsatp};
  |                                           ^^^^^^^^^^^^^  ^^^^^^^^^^^

warning: unused import: `super::csr`
 --> src/arch/riscv/hv/guest_vcpu.rs:9:5
  |
9 | use super::csr;
  |     ^^^^^^^^^^

warning: unused imports: `write_hcounteren`, `write_hedeleg`, `write_hgeie`, `write_hideleg`, `write_htimedelta`, and `write_hvip`
 --> src/arch/riscv/hv/vm.rs:9:5
  |
9 |     write_hcounteren, write_hedeleg, write_hgeie, write_hideleg, write_htimedelta, write_hvip,
  |     ^^^^^^^^^^^^^^^^  ^^^^^^^^^^^^^  ^^^^^^^^^^^  ^^^^^^^^^^^^^  ^^^^^^^^^^^^^^^^  ^^^^^^^^^^

warning: unused import: `self`
  --> src/arch/riscv/hv/vm.rs:18:28
   |
18 | use crate::arch::hv::csr::{self, HypervisorCsrState};
   |                            ^^^^

warning: unused import: `Arch`
  --> src/arch/riscv/hv/vm.rs:19:19
   |
19 | use crate::arch::{Arch, Trapframe, set_next_mode, set_trapvector};
   |                   ^^^^

warning: unused import: `crate::library::std::print`
  --> src/arch/riscv/hv/vm.rs:24:5
   |
24 | use crate::library::std::print;
   |     ^^^^^^^^^^^^^^^^^^^^^^^^^^

warning: unused imports: `hypervisor` and `print`
  --> src/arch/riscv/hv/vm.rs:30:13
   |
30 | use crate::{hypervisor, print};
   |             ^^^^^^^^^^  ^^^^^

warning: unused imports: `compiler_fence` and `fence`
  --> src/arch/riscv/hv/mod.rs:11:26
   |
11 | use core::sync::atomic::{compiler_fence, fence};
   |                          ^^^^^^^^^^^^^^  ^^^^^

warning: unused import: `read_hvip`
  --> src/arch/riscv/hv/mod.rs:21:9
   |
21 |         read_hvip, write_hcounteren, write_hedeleg, write_hgatp, write_hgeie, write_hideleg,
   |         ^^^^^^^^^

warning: unused import: `crate::environment::PAGE_SIZE`
 --> src/arch/riscv/trap/kernel.rs:6:5
  |
6 | use crate::environment::PAGE_SIZE;
  |     ^^^^^^^^^^^^^^^^^^^^^^^^^^^^^

warning: unused import: `crate::initcall::early`
  --> src/arch/riscv/trap/mod.rs:47:13
   |
47 |         use crate::initcall::early;
   |             ^^^^^^^^^^^^^^^^^^^^^^

warning: unnecessary parentheses around function argument
   --> src/boot/limine.rs:172:56
    |
172 |         let area = PhysicalMemoryArea::new(entry.base, (entry.base + entry.length - 1));
    |                                                        ^                             ^
    |
    = note: `#[warn(unused_parens)]` (part of `#[warn(unused)]`) on by default
help: remove these parentheses
    |
172 -         let area = PhysicalMemoryArea::new(entry.base, (entry.base + entry.length - 1));
172 +         let area = PhysicalMemoryArea::new(entry.base, entry.base + entry.length - 1 );
    |

warning: unnecessary parentheses around assigned value
   --> src/boot/limine.rs:272:25
    |
272 |         let entry_end = (entry.base + entry.length - 1);
    |                         ^                             ^
    |
help: remove these parentheses
    |
272 -         let entry_end = (entry.base + entry.length - 1);
272 +         let entry_end = entry.base + entry.length - 1 ;
    |

warning: unused imports: `boxed::Box` and `vec`
  --> src/drivers/network/virtio_net.rs:27:13
   |
27 | use alloc::{boxed::Box, collections::VecDeque, string::String, vec, vec::Vec};
   |             ^^^^^^^^^^                                         ^^^

warning: unused import: `crate::initcall::early`
 --> src/drivers/uart/pl011.rs:7:5
  |
7 | use crate::initcall::early;
  |     ^^^^^^^^^^^^^^^^^^^^^^

warning: unused import: `driver_initcall`
  --> src/drivers/uart/pl011.rs:21:5
   |
21 |     driver_initcall,
   |     ^^^^^^^^^^^^^^^

warning: unused import: `driver_initcall`
  --> src/drivers/uart/qcom_geni.rs:25:5
   |
25 |     driver_initcall,
   |     ^^^^^^^^^^^^^^^

warning: unnecessary parentheses around method argument
   --> src/drivers/virtio/device/tests.rs:172:9
    |
172 |         (1u32 << (crate::drivers::virtio::features::VIRTIO_F_VERSION_1 - 32)),
    |         ^                                                                   ^
    |
help: remove these parentheses
    |
172 -         (1u32 << (crate::drivers::virtio::features::VIRTIO_F_VERSION_1 - 32)),
172 +         1u32 << (crate::drivers::virtio::features::VIRTIO_F_VERSION_1 - 32) ,
    |

warning: unused import: `alloc::boxed::Box`
  --> src/drivers/virtio_input.rs:13:5
   |
13 | use alloc::boxed::Box;
   |     ^^^^^^^^^^^^^^^^^

warning: unused import: `alloc::vec`
  --> src/drivers/virtio_input.rs:16:5
   |
16 | use alloc::vec;
   |     ^^^^^^^^^^

warning: unused import: `alloc::vec::Vec`
  --> src/drivers/virtio_input.rs:17:5
   |
17 | use alloc::vec::Vec;
   |     ^^^^^^^^^^^^^^^

warning: unused import: `crate::environment::PAGE_SIZE`
  --> src/drivers/virtio_input.rs:28:5
   |
28 | use crate::environment::PAGE_SIZE;
   |     ^^^^^^^^^^^^^^^^^^^^^^^^^^^^^

warning: unused imports: `boxed::Box` and `vec`
  --> src/drivers/virtio_rng.rs:23:13
   |
23 | use alloc::{boxed::Box, collections::VecDeque, vec};
   |             ^^^^^^^^^^                         ^^^

warning: unused import: `crate::environment::PAGE_SIZE`
  --> src/drivers/virtio_rng.rs:29:5
   |
29 | use crate::environment::PAGE_SIZE;
   |     ^^^^^^^^^^^^^^^^^^^^^^^^^^^^^

warning: unused import: `AbiModule`
   --> src/executor/tests.rs:222:22
    |
222 |     use crate::abi::{AbiModule, RuntimeConfig};
    |                      ^^^^^^^^^

warning: unused import: `crate::object::KernelObject`
   --> src/executor/tests.rs:223:9
    |
223 |     use crate::object::KernelObject;
    |         ^^^^^^^^^^^^^^^^^^^^^^^^^^^

warning: unused import: `alloc::string::String`
   --> src/executor/tests.rs:224:9
    |
224 |     use alloc::string::String;
    |         ^^^^^^^^^^^^^^^^^^^^^

warning: unused import: `alloc::sync::Arc`
   --> src/executor/tests.rs:225:9
    |
225 |     use alloc::sync::Arc;
    |         ^^^^^^^^^^^^^^^^

warning: unused imports: `boxed::Box` and `vec`
 --> src/fs/vfs_v2/drivers/ext2/node.rs:7:13
  |
7 | use alloc::{boxed::Box, collections::BTreeMap, format, string::String, sync::Weak, vec, vec::Vec};
  |             ^^^^^^^^^^                                                             ^^^

warning: unused imports: `FileSystemError` and `drivers::block::virtio_blk::VirtioBlockDevice`
  --> src/fs/vfs_v2/drivers/ext2/tests.rs:13:5
   |
13 |     drivers::block::virtio_blk::VirtioBlockDevice,
   |     ^^^^^^^^^^^^^^^^^^^^^^^^^^^^^^^^^^^^^^^^^^^^^
14 |     fs::{
15 |         FileSystemError, FileSystemErrorKind, FileSystemType, FileType, SocketFileInfo,
   |         ^^^^^^^^^^^^^^^

warning: unused imports: `boxed::Box` and `vec`
  --> src/fs/vfs_v2/drivers/fat32/node.rs:8:5
   |
 8 |     boxed::Box,
   |     ^^^^^^^^^^
...
12 |     vec,
   |     ^^^

warning: unused import: `crate::println`
  --> src/hypervisor/syscall.rs:10:5
   |
10 | use crate::println;
   |     ^^^^^^^^^^^^^^

warning: unused import: `crate::sync::IrqSpinLock`
 --> src/hypervisor/vcpu.rs:3:5
  |
3 | use crate::sync::IrqSpinLock;
  |     ^^^^^^^^^^^^^^^^^^^^^^^^

warning: unused import: `alloc::sync::Arc`
 --> src/hypervisor/vcpu.rs:4:5
  |
4 | use alloc::sync::Arc;
  |     ^^^^^^^^^^^^^^^^

warning: unused import: `alloc::sync::Weak`
 --> src/hypervisor/vcpu.rs:5:5
  |
5 | use alloc::sync::Weak;
  |     ^^^^^^^^^^^^^^^^^

warning: unused import: `crate::arch::hv::guest_vcpu::GuestVcpu`
 --> src/hypervisor/vcpu.rs:8:5
  |
8 | use crate::arch::hv::guest_vcpu::GuestVcpu;
  |     ^^^^^^^^^^^^^^^^^^^^^^^^^^^^^^^^^^^^^^

warning: unused import: `crate::vm::vmem::VirtualMemoryMap`
  --> src/ipc/shared_memory.rs:15:5
   |
15 | use crate::vm::vmem::VirtualMemoryMap;
   |     ^^^^^^^^^^^^^^^^^^^^^^^^^^^^^^^^^

warning: unused import: `alloc::vec::Vec`
   --> src/ipc/shared_memory.rs:509:9
    |
509 |     use alloc::vec::Vec;
    |         ^^^^^^^^^^^^^^^

warning: unused import: `crate::earlycon::EarlyConsole`
  --> src/log.rs:11:5
   |
11 | use crate::earlycon::EarlyConsole;
   |     ^^^^^^^^^^^^^^^^^^^^^^^^^^^^^

warning: unused import: `vec`
  --> src/network/protocol_stack.rs:49:63
   |
49 | use alloc::{collections::BTreeMap, string::String, sync::Arc, vec, vec::Vec};
   |                                                               ^^^

warning: unused imports: `ArpCacheEntry` and `ArpEntryState`
  --> src/network/virtio_net_tests.rs:22:27
   |
22 | use crate::network::arp::{ArpCacheEntry, ArpEntryState, ArpLayer, ArpPacket};
   |                           ^^^^^^^^^^^^^  ^^^^^^^^^^^^^

warning: unused import: `EthernetLayer`
  --> src/network/virtio_net_tests.rs:23:48
   |
23 | use crate::network::ethernet::{EthernetHeader, EthernetLayer, ether_type};
   |                                                ^^^^^^^^^^^^^

warning: unused import: `IcmpLayer`
  --> src/network/virtio_net_tests.rs:25:50
   |
25 | use crate::network::icmp::{IcmpEcho, IcmpHeader, IcmpLayer, code, message_type};
   |                                                  ^^^^^^^^^

warning: unused import: `Ipv4Layer`
  --> src/network/virtio_net_tests.rs:26:53
   |
26 | use crate::network::ipv4::{Ipv4Address, Ipv4Header, Ipv4Layer, protocol};
   |                                                     ^^^^^^^^^

warning: unused import: `crate::network::socket::SocketError`
  --> src/network/virtio_net_tests.rs:27:5
   |
27 | use crate::network::socket::SocketError;
   |     ^^^^^^^^^^^^^^^^^^^^^^^^^^^^^^^^^^^

warning: unused imports: `SocketAddress`, `SocketControl`, `SocketObject`, and `SocketState`
  --> src/network/virtio_net_tests.rs:28:30
   |
28 | use crate::network::socket::{SocketAddress, SocketControl, SocketObject, SocketState};
   |                              ^^^^^^^^^^^^^  ^^^^^^^^^^^^^  ^^^^^^^^^^^^  ^^^^^^^^^^^

warning: unused imports: `UdpLayer` and `UdpSocket`
  --> src/network/virtio_net_tests.rs:30:38
   |
30 | use crate::network::udp::{UdpHeader, UdpLayer, UdpSocket};
   |                                      ^^^^^^^^  ^^^^^^^^^

warning: unused import: `LayerContext`
  --> src/network/virtio_net_tests.rs:31:22
   |
31 | use crate::network::{LayerContext, NetworkInterface, NetworkLayer, get_network_manager};
   |                      ^^^^^^^^^^^^

warning: unused import: `phys_to_virt`
 --> src/task/elf_loader/mod.rs:9:23
  |
9 | use crate::vm::addr::{phys_to_virt, virt_to_phys};
  |                       ^^^^^^^^^^^^

warning: unused import: `VirtualMemoryRegion`
  --> src/task/elf_loader/mod.rs:10:78
   |
10 | use crate::vm::vmem::{MemoryArea, VirtualMemoryMap, VirtualMemoryPermission, VirtualMemoryRegion};
   |                                                                              ^^^^^^^^^^^^^^^^^^^

warning: unused import: `alloc::boxed::Box`
  --> src/task/elf_loader/mod.rs:11:5
   |
11 | use alloc::boxed::Box;
   |     ^^^^^^^^^^^^^^^^^

warning: unused import: `crate::arch`
 --> src/test.rs:3:5
  |
3 | use crate::arch;
  |     ^^^^^^^^^^^

warning: unused import: `object::capability::selectable::Selectable`
  --> src/abi/linux/generic/pipe.rs:11:5
   |
11 |     object::capability::selectable::Selectable,
   |     ^^^^^^^^^^^^^^^^^^^^^^^^^^^^^^^^^^^^^^^^^^

warning: unused import: `object::capability::StreamOps`
  --> src/fs/vfs_v2/drivers/ext2/tests.rs:18:5
   |
18 |     object::capability::StreamOps,
   |     ^^^^^^^^^^^^^^^^^^^^^^^^^^^^^

warning: unused import: `NetworkLayer`
  --> src/network/virtio_net_tests.rs:31:54
   |
31 | use crate::network::{LayerContext, NetworkInterface, NetworkLayer, get_network_manager};
   |                                                      ^^^^^^^^^^^^

warning: unused variable: `arg1`
   --> src/abi/linux/device/kvm/riscv64.rs:684:17
    |
684 |             let arg1 = vcpu.get_reg(reg::A1).unwrap_or(0);
    |                 ^^^^ help: if this is intentional, prefix it with an underscore: `_arg1`
    |
    = note: `#[warn(unused_variables)]` (part of `#[warn(unused)]`) on by default

warning: unused variable: `vaddr`
   --> src/abi/linux/device/kvm/mod.rs:972:26
    |
972 | fn clean_run_page_to_poc(vaddr: usize) {
    |                          ^^^^^ help: if this is intentional, prefix it with an underscore: `_vaddr`

warning: unused variable: `vaddr`
   --> src/abi/linux/device/kvm/mod.rs:978:30
    |
978 | fn refresh_run_page_from_poc(vaddr: usize) {
    |                              ^^^^^ help: if this is intentional, prefix it with an underscore: `_vaddr`

warning: variable `sbi_count` is assigned to, but never used
    --> src/abi/linux/device/kvm/mod.rs:1106:17
     |
1106 |             let mut sbi_count = 0u32;
     |                 ^^^^^^^^^^^^^
     |
     = note: consider using `_sbi_count` instead

warning: value assigned to `sbi_count` is never read
    --> src/abi/linux/device/kvm/mod.rs:1134:29
     |
1134 | ...                   sbi_count += 1;
     |                       ^^^^^^^^^^^^^^
     |
     = help: maybe it is overwritten before being read?
     = note: `#[warn(unused_assignments)]` (part of `#[warn(unused)]`) on by default

warning: unused variable: `err`
    --> src/abi/linux/generic/fs.rs:3321:13
     |
3321 |         Err(err) => {
     |             ^^^ help: if this is intentional, prefix it with an underscore: `_err`

warning: unused variable: `kind`
    --> src/abi/linux/generic/fs.rs:3323:21
     |
3323 |                 let kind = kernel_obj.type_name();
     |                     ^^^^ help: if this is intentional, prefix it with an underscore: `_kind`

warning: unused variable: `aligned_length`
   --> src/abi/linux/generic/mm.rs:808:5
    |
808 |     aligned_length: usize,
    |     ^^^^^^^^^^^^^^ help: if this is intentional, prefix it with an underscore: `_aligned_length`

warning: variable does not need to be mutable
   --> src/abi/linux/generic/mod.rs:625:13
    |
625 |         let mut sibling = exiting.clone();
    |             ----^^^^^^^
    |             |
    |             help: remove this `mut`
    |
    = note: `#[warn(unused_mut)]` (part of `#[warn(unused)]`) on by default

warning: unused variable: `pc_before_switch`
   --> src/abi/scarlet/riscv.rs:920:29
    |
920 |                         let pc_before_switch = task.vcpu.lock().get_pc();
    |                             ^^^^^^^^^^^^^^^^ help: if this is intentional, prefix it with an underscore: `_pc_before_switch`

warning: unused variable: `parent_id`
  --> src/abi/xv6/riscv64/proc.rs:54:17
   |
54 |             let parent_id = parent_task.get_id();
   |                 ^^^^^^^^^ help: if this is intentional, prefix it with an underscore: `_parent_id`

warning: unused variable: `vmid`
   --> src/arch/riscv/hv/mmu.rs:123:66
    |
123 | pub fn verify_hgatp_stage2(expected_pagetable: &Stage2PageTable, vmid: u16) {
    |                                                                  ^^^^ help: if this is intentional, prefix it with an underscore: `_vmid`

warning: unused variable: `msg`
   --> src/arch/riscv/trap/exception.rs:300:21
    |
300 |                 Err(msg) => {
    |                     ^^^ help: if this is intentional, prefix it with an underscore: `_msg`

warning: unnecessary `unsafe` block
  --> src/arch/riscv/trap/kernel.rs:17:5
   |
17 |     unsafe {
   |     ^^^^^^ unnecessary `unsafe` block
   |
   = note: `#[warn(unused_unsafe)]` (part of `#[warn(unused)]`) on by default

warning: unnecessary `unsafe` block
  --> src/arch/riscv/trap/user.rs:16:5
   |
16 |     unsafe {
   |     ^^^^^^ unnecessary `unsafe` block

warning: unnecessary `unsafe` block
   --> src/arch/riscv/trap/user.rs:175:5
    |
175 |     unsafe {
    |     ^^^^^^ unnecessary `unsafe` block

warning: unnecessary `unsafe` block
   --> src/arch/riscv/trap/user.rs:311:5
    |
311 |     unsafe {
    |     ^^^^^^ unnecessary `unsafe` block

warning[E0133]: dereference of raw pointer is unsafe and requires unsafe block
   --> src/device/fdt.rs:157:14
    |
157 |         &mut *MANAGER.0.get()
    |              ^^^^^^^^^^^^^^^^ dereference of raw pointer
    |
    = note: for more information, see <https://doc.rust-lang.org/edition-guide/rust-2024/unsafe-op-in-unsafe-fn.html>
    = note: raw pointers may be null, dangling or unaligned; they can violate aliasing rules and cause data races: all of these are undefined behavior
note: an unsafe function restricts its caller, but its body is safe by default
   --> src/device/fdt.rs:155:5
    |
155 |     pub unsafe fn get_mut_manager() -> &'static mut FdtManager<'static> {
    |     ^^^^^^^^^^^^^^^^^^^^^^^^^^^^^^^^^^^^^^^^^^^^^^^^^^^^^^^^^^^^^^^^^^^
    = note: `#[warn(unsafe_op_in_unsafe_fn)]` (part of `#[warn(rust_2024_compatibility)]`) on by default

warning: unused variable: `trapframe`
   --> src/device/input/event_device.rs:563:9
    |
563 |         trapframe: &mut Trapframe,
    |         ^^^^^^^^^ help: if this is intentional, prefix it with an underscore: `_trapframe`

warning: unused variable: `enabled`
   --> src/device/network/mod.rs:417:36
    |
417 |     fn set_promiscuous_mode(&self, enabled: bool) -> Result<(), &'static str> {
    |                                    ^^^^^^^ help: if this is intentional, prefix it with an underscore: `_enabled`

warning: unused variable: `read_count`
   --> src/drivers/block/virtio_blk.rs:397:13
    |
397 |         let read_count = requests
    |             ^^^^^^^^^^ help: if this is intentional, prefix it with an underscore: `_read_count`

warning: unused variable: `write_count`
   --> src/drivers/block/virtio_blk.rs:401:13
    |
401 |         let write_count = requests
    |             ^^^^^^^^^^^ help: if this is intentional, prefix it with an underscore: `_write_count`

warning: unused variable: `status_ptr`
   --> src/drivers/block/virtio_blk.rs:481:17
    |
481 |             let status_ptr = status_alloc.as_ptr() as *mut u8;
    |                 ^^^^^^^^^^ help: if this is intentional, prefix it with an underscore: `_status_ptr`

warning: unused variable: `status`
   --> src/drivers/block/virtio_blk.rs:597:17
    |
597 |             let status = self.read32_register(crate::drivers::virtio::device::Register::Status);
    |                 ^^^^^^ help: if this is intentional, prefix it with an underscore: `_status`

warning: variable does not need to be mutable
    --> src/drivers/graphics/virtio_gpu.rs:2445:13
     |
2445 |         let mut device = VirtioGpuDevice::new(vaddr);
     |             ----^^^^^^
     |             |
     |             help: remove this `mut`

warning: variable does not need to be mutable
    --> src/drivers/graphics/virtio_gpu.rs:2453:13
     |
2453 |         let mut device = VirtioGpuDevice::new(vaddr);
     |             ----^^^^^^
     |             |
     |             help: remove this `mut`

warning: variable does not need to be mutable
    --> src/drivers/graphics/virtio_gpu.rs:2536:13
     |
2536 |         let mut device = VirtioGpuDevice::new(vaddr);
     |             ----^^^^^^
     |             |
     |             help: remove this `mut`

warning: variable does not need to be mutable
    --> src/drivers/graphics/virtio_gpu.rs:2600:13
     |
2600 |         let mut device = VirtioGpuDevice::new(vaddr);
     |             ----^^^^^^
     |             |
     |             help: remove this `mut`

warning: variable does not need to be mutable
    --> src/drivers/graphics/virtio_gpu.rs:2672:13
     |
2672 |         let mut device = VirtioGpuDevice::new(vaddr);
     |             ----^^^^^^
     |             |
     |             help: remove this `mut`

warning: variable does not need to be mutable
    --> src/drivers/graphics/virtio_gpu.rs:2776:13
     |
2776 |         let mut device = VirtioGpuDevice::new(vaddr);
     |             ----^^^^^^
     |             |
     |             help: remove this `mut`

warning: variable does not need to be mutable
    --> src/drivers/graphics/virtio_gpu.rs:2842:13
     |
2842 |         let mut device = VirtioGpuDevice::new(vaddr);
     |             ----^^^^^^
     |             |
     |             help: remove this `mut`

warning: variable does not need to be mutable
    --> src/drivers/graphics/virtio_gpu.rs:2896:13
     |
2896 |         let mut device = VirtioGpuDevice::new(vaddr);
     |             ----^^^^^^
     |             |
     |             help: remove this `mut`

warning: variable does not need to be mutable
   --> src/drivers/network/virtio_net.rs:117:9
    |
117 |     let mut task =
    |         ----^^^^
    |         |
    |         help: remove this `mut`

warning: unused variable: `buffer_ptr`
   --> src/drivers/network/virtio_net.rs:440:17
    |
440 |             let buffer_ptr = buffer_alloc.as_ptr() as *mut u8;
    |                 ^^^^^^^^^^ help: if this is intentional, prefix it with an underscore: `_buffer_ptr`

warning: variable does not need to be mutable
  --> src/executor/tests.rs:21:9
   |
21 |     let mut task = new_user_task("BackupTestTask".to_string(), 1001);
   |         ----^^^^
   |         |
   |         help: remove this `mut`

warning: variable does not need to be mutable
   --> src/executor/tests.rs:141:9
    |
141 |     let mut task = new_user_task("ArgvTestTask".to_string(), 1003);
    |         ----^^^^
    |         |
    |         help: remove this `mut`

warning: variable does not need to be mutable
   --> src/executor/tests.rs:182:9
    |
182 |     let mut task = new_user_task("EnvpTestTask".to_string(), 1004);
    |         ----^^^^
    |         |
    |         help: remove this `mut`

warning: unused variable: `scarlet_abi`
   --> src/executor/tests.rs:229:9
    |
229 |     let scarlet_abi = ScarletAbi::default();
    |         ^^^^^^^^^^^ help: if this is intentional, prefix it with an underscore: `_scarlet_abi`

warning: unused variable: `non_wasm_path`
   --> src/executor/tests.rs:232:9
    |
232 |     let non_wasm_path = "/bin/hello";
    |         ^^^^^^^^^^^^^ help: if this is intentional, prefix it with an underscore: `_non_wasm_path`

warning: unused variable: `wasm_path`
   --> src/executor/tests.rs:237:9
    |
237 |     let wasm_path = "/data/apps/program.wasm";
    |         ^^^^^^^^^ help: if this is intentional, prefix it with an underscore: `_wasm_path`

warning: unused variable: `option`
   --> src/fs/vfs_v2/drivers/cpiofs.rs:197:9
    |
197 |         option: Option<&str>,
    |         ^^^^^^ help: if this is intentional, prefix it with an underscore: `_option`

warning: value assigned to `inode` is never read
   --> src/fs/vfs_v2/drivers/ext2/char_device_tests.rs:186:9
    |
186 |         inode.block[0] = ((1u32 << 8) | 0u32).to_le();
    |         ^^^^^^^^^^^^^^^^^^^^^^^^^^^^^^^^^^^^^^^^^^^^^
    |
    = help: maybe it is overwritten before being read?

warning: unused variable: `inode_cache`
    --> src/fs/vfs_v2/drivers/ext2/mod.rs:4659:13
     |
4659 |         let inode_cache = self.inode_cache.read();
     |             ^^^^^^^^^^^ help: if this is intentional, prefix it with an underscore: `_inode_cache`

warning: unused variable: `block_cache`
    --> src/fs/vfs_v2/drivers/ext2/mod.rs:4660:13
     |
4660 |         let block_cache = self.block_cache.read();
     |             ^^^^^^^^^^^ help: if this is intentional, prefix it with an underscore: `_block_cache`

warning: variable does not need to be mutable
   --> src/fs/vfs_v2/drivers/fat32/driver.rs:209:13
    |
209 |         let mut mock_device = MockBlockDevice::new("mock_fat32", 512, 65536);
    |             ----^^^^^^^^^^^
    |             |
    |             help: remove this `mut`

warning: unused variable: `cluster_size`
   --> src/fs/vfs_v2/drivers/fat32/mod.rs:646:13
    |
646 |         let cluster_size = (self.sectors_per_cluster * self.bytes_per_sector) as usize;
    |             ^^^^^^^^^^^^ help: if this is intentional, prefix it with an underscore: `_cluster_size`

warning: unused variable: `new_root_mount`
   --> src/fs/vfs_v2/syscall.rs:840:9
    |
840 |     let new_root_mount = match parent_mount.get_child(&new_root_entry) {
    |         ^^^^^^^^^^^^^^ help: if this is intentional, prefix it with an underscore: `_new_root_mount`

warning: unused variable: `result`
   --> src/fs/vfs_v2/tests/advanced_tests.rs:177:9
    |
177 |     let result = vfs.remove("/fs1/dir_a");
    |         ^^^^^^ help: if this is intentional, prefix it with an underscore: `_result`

warning: unused variable: `result`
   --> src/fs/vfs_v2/tests/advanced_tests.rs:193:9
    |
193 |     let result = vfs.bind_mount("/fs1/dir_a", "/fs1/dir_a/subdir");
    |         ^^^^^^ help: if this is intentional, prefix it with an underscore: `_result`

warning: unused variable: `tmpfs`
   --> src/fs/vfs_v2/tests/performance_tests.rs:112:9
    |
112 |     let tmpfs = Arc::new(TmpFS::new(1024 * 1024));
    |         ^^^^^ help: if this is intentional, prefix it with an underscore: `_tmpfs`

warning: variable does not need to be mutable
   --> src/ipc/counter.rs:112:13
    |
112 |         let mut counter = Self::new(initval, semaphore);
    |             ----^^^^^^^
    |             |
    |             help: remove this `mut`

warning: unnecessary `unsafe` block
  --> src/lsm/symbol.rs:86:17
   |
86 |     let start = unsafe { core::ptr::addr_of!(__SCARLET_KSYMS_START) as usize };
   |                 ^^^^^^ unnecessary `unsafe` block

warning: unnecessary `unsafe` block
  --> src/lsm/symbol.rs:87:15
   |
87 |     let end = unsafe { core::ptr::addr_of!(__SCARLET_KSYMS_END) as usize };
   |               ^^^^^^ unnecessary `unsafe` block

warning: value assigned to `offset` is never read
  --> src/lsm/symbol.rs:97:22
   |
97 |     let mut offset = 0usize;
   |                      ^^^^^^
   |
   = help: maybe it is overwritten before being read?

warning: unused variable: `e`
  --> src/lsm/syscall.rs:80:13
   |
80 |         Err(e) => {
   |             ^ help: if this is intentional, prefix it with an underscore: `_e`

warning[E0133]: call to unsafe function `core::ptr::mut_ptr::<impl *mut T>::add` is unsafe and requires unsafe block
   --> src/mem/pmm.rs:244:20
    |
244 |         let page = self.pages.add(page_idx);
    |                    ^^^^^^^^^^^^^^^^^^^^^^^^ call to unsafe function
    |
    = note: for more information, see <https://doc.rust-lang.org/edition-guide/rust-2024/unsafe-op-in-unsafe-fn.html>
    = note: consult the function's documentation for information on how to avoid undefined behavior
note: an unsafe function restricts its caller, but its body is safe by default
   --> src/mem/pmm.rs:243:5
    |
243 |     unsafe fn add_to_free_list(&mut self, page_idx: usize, order: usize) {
    |     ^^^^^^^^^^^^^^^^^^^^^^^^^^^^^^^^^^^^^^^^^^^^^^^^^^^^^^^^^^^^^^^^^^^^

warning[E0133]: dereference of raw pointer is unsafe and requires unsafe block
   --> src/mem/pmm.rs:245:9
    |
245 |         (*page).order = order as u8;
    |         ^^^^^^^ dereference of raw pointer
    |
    = note: for more information, see <https://doc.rust-lang.org/edition-guide/rust-2024/unsafe-op-in-unsafe-fn.html>
    = note: raw pointers may be null, dangling or unaligned; they can violate aliasing rules and cause data races: all of these are undefined behavior

warning[E0133]: dereference of raw pointer is unsafe and requires unsafe block
   --> src/mem/pmm.rs:246:9
    |
246 |         (*page).flags |= PAGE_FLAG_BUDDY;
    |         ^^^^^^^ dereference of raw pointer
    |
    = note: for more information, see <https://doc.rust-lang.org/edition-guide/rust-2024/unsafe-op-in-unsafe-fn.html>
    = note: raw pointers may be null, dangling or unaligned; they can violate aliasing rules and cause data races: all of these are undefined behavior

warning[E0133]: call to unsafe function `mem::pmm::ListHead::add` is unsafe and requires unsafe block
   --> src/mem/pmm.rs:249:9
    |
249 |         (*free_list).add(&mut (*page).lru as *mut ListHead);
    |         ^^^^^^^^^^^^^^^^^^^^^^^^^^^^^^^^^^^^^^^^^^^^^^^^^^^ call to unsafe function
    |
    = note: for more information, see <https://doc.rust-lang.org/edition-guide/rust-2024/unsafe-op-in-unsafe-fn.html>
    = note: consult the function's documentation for information on how to avoid undefined behavior

warning[E0133]: dereference of raw pointer is unsafe and requires unsafe block
   --> src/mem/pmm.rs:249:9
    |
249 |         (*free_list).add(&mut (*page).lru as *mut ListHead);
    |         ^^^^^^^^^^^^ dereference of raw pointer
    |
    = note: for more information, see <https://doc.rust-lang.org/edition-guide/rust-2024/unsafe-op-in-unsafe-fn.html>
    = note: raw pointers may be null, dangling or unaligned; they can violate aliasing rules and cause data races: all of these are undefined behavior

warning[E0133]: dereference of raw pointer is unsafe and requires unsafe block
   --> src/mem/pmm.rs:249:31
    |
249 |         (*free_list).add(&mut (*page).lru as *mut ListHead);
    |                               ^^^^^^^ dereference of raw pointer
    |
    = note: for more information, see <https://doc.rust-lang.org/edition-guide/rust-2024/unsafe-op-in-unsafe-fn.html>
    = note: raw pointers may be null, dangling or unaligned; they can violate aliasing rules and cause data races: all of these are undefined behavior

warning[E0133]: call to unsafe function `mem::pmm::ListHead::remove` is unsafe and requires unsafe block
   --> src/mem/pmm.rs:255:9
    |
255 |         (*free_list).remove(&mut (*page).lru as *mut ListHead);
    |         ^^^^^^^^^^^^^^^^^^^^^^^^^^^^^^^^^^^^^^^^^^^^^^^^^^^^^^ call to unsafe function
    |
    = note: for more information, see <https://doc.rust-lang.org/edition-guide/rust-2024/unsafe-op-in-unsafe-fn.html>
    = note: consult the function's documentation for information on how to avoid undefined behavior
note: an unsafe function restricts its caller, but its body is safe by default
   --> src/mem/pmm.rs:253:5
    |
253 |     unsafe fn del_from_free_list(&mut self, page: *mut Page, order: usize) {
    |     ^^^^^^^^^^^^^^^^^^^^^^^^^^^^^^^^^^^^^^^^^^^^^^^^^^^^^^^^^^^^^^^^^^^^^^

warning[E0133]: dereference of raw pointer is unsafe and requires unsafe block
   --> src/mem/pmm.rs:255:9
    |
255 |         (*free_list).remove(&mut (*page).lru as *mut ListHead);
    |         ^^^^^^^^^^^^ dereference of raw pointer
    |
    = note: for more information, see <https://doc.rust-lang.org/edition-guide/rust-2024/unsafe-op-in-unsafe-fn.html>
    = note: raw pointers may be null, dangling or unaligned; they can violate aliasing rules and cause data races: all of these are undefined behavior

warning[E0133]: dereference of raw pointer is unsafe and requires unsafe block
   --> src/mem/pmm.rs:255:34
    |
255 |         (*free_list).remove(&mut (*page).lru as *mut ListHead);
    |                                  ^^^^^^^ dereference of raw pointer
    |
    = note: for more information, see <https://doc.rust-lang.org/edition-guide/rust-2024/unsafe-op-in-unsafe-fn.html>
    = note: raw pointers may be null, dangling or unaligned; they can violate aliasing rules and cause data races: all of these are undefined behavior

warning[E0133]: dereference of raw pointer is unsafe and requires unsafe block
   --> src/mem/pmm.rs:256:9
    |
256 |         (*page).flags &= !PAGE_FLAG_BUDDY;
    |         ^^^^^^^ dereference of raw pointer
    |
    = note: for more information, see <https://doc.rust-lang.org/edition-guide/rust-2024/unsafe-op-in-unsafe-fn.html>
    = note: raw pointers may be null, dangling or unaligned; they can violate aliasing rules and cause data races: all of these are undefined behavior

warning[E0133]: dereference of raw pointer is unsafe and requires unsafe block
   --> src/mem/pmm.rs:281:9
    |
281 |         (*page).order == order as u8 && ((*page).flags & PAGE_FLAG_BUDDY) != 0
    |         ^^^^^^^ dereference of raw pointer
    |
    = note: for more information, see <https://doc.rust-lang.org/edition-guide/rust-2024/unsafe-op-in-unsafe-fn.html>
    = note: raw pointers may be null, dangling or unaligned; they can violate aliasing rules and cause data races: all of these are undefined behavior
note: an unsafe function restricts its caller, but its body is safe by default
   --> src/mem/pmm.rs:280:5
    |
280 |     unsafe fn page_is_buddy(&self, page: *const Page, order: usize) -> bool {
    |     ^^^^^^^^^^^^^^^^^^^^^^^^^^^^^^^^^^^^^^^^^^^^^^^^^^^^^^^^^^^^^^^^^^^^^^^

warning[E0133]: dereference of raw pointer is unsafe and requires unsafe block
   --> src/mem/pmm.rs:281:42
    |
281 |         (*page).order == order as u8 && ((*page).flags & PAGE_FLAG_BUDDY) != 0
    |                                          ^^^^^^^ dereference of raw pointer
    |
    = note: for more information, see <https://doc.rust-lang.org/edition-guide/rust-2024/unsafe-op-in-unsafe-fn.html>
    = note: raw pointers may be null, dangling or unaligned; they can violate aliasing rules and cause data races: all of these are undefined behavior

warning: unused variable: `eth_layer`
   --> src/network/ethernet.rs:599:13
    |
599 |         let eth_layer = EthernetLayer::new();
    |             ^^^^^^^^^ help: if this is intentional, prefix it with an underscore: `_eth_layer`

warning: variable does not need to be mutable
   --> src/network/ipv4.rs:980:13
    |
980 |         let mut bytes = vec![
    |             ----^^^^^
    |             |
    |             help: remove this `mut`

warning: variable does not need to be mutable
    --> src/network/ipv4.rs:1006:13
     |
1006 |         let mut bytes = alloc::vec![0x55u8; 20]; // Invalid version (5)
     |             ----^^^^^
     |             |
     |             help: remove this `mut`

warning: variable does not need to be mutable
   --> src/network/virtio_net_tests.rs:138:9
    |
138 |     let mut eth_header = EthernetHeader::new(
    |         ----^^^^^^^^^^
    |         |
    |         help: remove this `mut`

warning: unused variable: `arp_layer`
   --> src/network/virtio_net_tests.rs:131:9
    |
131 |     let arp_layer = ArpLayer::new();
    |         ^^^^^^^^^ help: if this is intentional, prefix it with an underscore: `_arp_layer`

warning: unused variable: `num_pages`
   --> src/object/capability/memory_mapping/syscall.rs:322:5
    |
322 |     num_pages: usize,
    |     ^^^^^^^^^ help: if this is intentional, prefix it with an underscore: `_num_pages`

warning: unused variable: `vaddr`
   --> src/object/capability/memory_mapping/mod.rs:124:25
    |
124 |     fn on_mapped(&self, vaddr: usize, paddr: u64, length: usize, offset: usize) {}
    |                         ^^^^^ help: if this is intentional, prefix it with an underscore: `_vaddr`

warning: unused variable: `paddr`
   --> src/object/capability/memory_mapping/mod.rs:124:39
    |
124 |     fn on_mapped(&self, vaddr: usize, paddr: u64, length: usize, offset: usize) {}
    |                                       ^^^^^ help: if this is intentional, prefix it with an underscore: `_paddr`

warning: unused variable: `length`
   --> src/object/capability/memory_mapping/mod.rs:124:51
    |
124 |     fn on_mapped(&self, vaddr: usize, paddr: u64, length: usize, offset: usize) {}
    |                                                   ^^^^^^ help: if this is intentional, prefix it with an underscore: `_length`

warning: unused variable: `offset`
   --> src/object/capability/memory_mapping/mod.rs:124:66
    |
124 |     fn on_mapped(&self, vaddr: usize, paddr: u64, length: usize, offset: usize) {}
    |                                                                  ^^^^^^ help: if this is intentional, prefix it with an underscore: `_offset`

warning: unused variable: `vaddr`
   --> src/object/capability/memory_mapping/mod.rs:139:27
    |
139 |     fn on_unmapped(&self, vaddr: usize, length: usize) {}
    |                           ^^^^^ help: if this is intentional, prefix it with an underscore: `_vaddr`

warning: unused variable: `length`
   --> src/object/capability/memory_mapping/mod.rs:139:41
    |
139 |     fn on_unmapped(&self, vaddr: usize, length: usize) {}
    |                                         ^^^^^^ help: if this is intentional, prefix it with an underscore: `_length`

warning: variable does not need to be mutable
   --> src/object/capability/selectable/syscall.rs:100:9
    |
100 |     let mut options: PollOptions = if options_ptr != 0 {
    |         ----^^^^^^^
    |         |
    |         help: remove this `mut`

warning: variable does not need to be mutable
   --> src/object/handle/tests/handle_metadata.rs:119:9
    |
119 |     let mut table = HandleTable::new();
    |         ----^^^^^
    |         |
    |         help: remove this `mut`

warning: variable does not need to be mutable
   --> src/object/handle/tests/handle_metadata.rs:137:9
    |
137 |     let mut table = HandleTable::new();
    |         ----^^^^^
    |         |
    |         help: remove this `mut`

warning: variable does not need to be mutable
   --> src/object/handle/tests/handle_metadata.rs:152:9
    |
152 |     let mut table = HandleTable::new();
    |         ----^^^^^
    |         |
    |         help: remove this `mut`

warning: variable does not need to be mutable
   --> src/object/handle/tests/handle_metadata.rs:179:9
    |
179 |     let mut table = HandleTable::new();
    |         ----^^^^^
    |         |
    |         help: remove this `mut`

warning: variable does not need to be mutable
   --> src/object/handle/tests/handle_metadata.rs:206:9
    |
206 |     let mut table = HandleTable::new();
    |         ----^^^^^
    |         |
    |         help: remove this `mut`

warning: variable does not need to be mutable
  --> src/object/handle/tests/task_integration.rs:20:9
   |
20 |     let mut task = new_user_task("TestTask".to_string(), 1);
   |         ----^^^^
   |         |
   |         help: remove this `mut`

warning: variable does not need to be mutable
  --> src/object/handle/tests/task_integration.rs:67:9
   |
67 |     let mut task = new_user_task("FDCompatTask".to_string(), 1);
   |         ----^^^^
   |         |
   |         help: remove this `mut`

warning: variable does not need to be mutable
   --> src/object/handle/tests/task_integration.rs:101:9
    |
101 |     let mut task = new_user_task("LifecycleTask".to_string(), 1);
    |         ----^^^^
    |         |
    |         help: remove this `mut`

warning: variable does not need to be mutable
   --> src/object/handle/tests/task_integration.rs:133:9
    |
133 |     let mut task = new_user_task("ErrorTask".to_string(), 1);
    |         ----^^^^
    |         |
    |         help: remove this `mut`

warning: variable does not need to be mutable
   --> src/object/handle/tests/task_integration.rs:172:9
    |
172 |     let mut parent_task = new_user_task("ParentTask".to_string(), 1);
    |         ----^^^^^^^^^^^
    |         |
    |         help: remove this `mut`

warning: variable does not need to be mutable
   --> src/object/handle/tests/task_integration.rs:257:9
    |
257 |     let mut parent = new_user_task("socket-parent".to_string(), 1);
    |         ----^^^^^^
    |         |
    |         help: remove this `mut`

warning: variable does not need to be mutable
   --> src/object/handle/tests/task_integration.rs:307:9
    |
307 |     let mut task = new_user_task("MemoryTask".to_string(), 1);
    |         ----^^^^
    |         |
    |         help: remove this `mut`

warning: variable does not need to be mutable
   --> src/object/handle/tests/task_integration.rs:351:9
    |
351 |     let mut task = new_user_task("CapabilityTask".to_string(), 1);
    |         ----^^^^
    |         |
    |         help: remove this `mut`

warning: variable does not need to be mutable
    --> src/task/mod.rs:4374:13
     |
4374 |         let mut task = super::new_user_task("Task0".to_string(), 0);
     |             ----^^^^
     |             |
     |             help: remove this `mut`

warning: variable does not need to be mutable
    --> src/task/mod.rs:4516:13
     |
4516 |         let mut parent_task = super::new_user_task("ParentTask".to_string(), 0);
     |             ----^^^^^^^^^^^
     |             |
     |             help: remove this `mut`

warning: variable does not need to be mutable
    --> src/task/mod.rs:4519:13
     |
4519 |         let mut child_task = super::new_user_task("ChildTask".to_string(), 0);
     |             ----^^^^^^^^^^
     |             |
     |             help: remove this `mut`

warning: variable does not need to be mutable
    --> src/task/mod.rs:4553:13
     |
4553 |         let mut init_task = super::new_user_task("InitTask".to_string(), 0);
     |             ----^^^^^^^^^
     |             |
     |             help: remove this `mut`

warning: variable does not need to be mutable
    --> src/task/mod.rs:4558:13
     |
4558 |         let mut parent_task = super::new_user_task("ParentTask".to_string(), 0);
     |             ----^^^^^^^^^^^
     |             |
     |             help: remove this `mut`

warning: variable does not need to be mutable
    --> src/task/mod.rs:4562:13
     |
4562 |         let mut child_task = super::new_user_task("ChildTask".to_string(), 0);
     |             ----^^^^^^^^^^
     |             |
     |             help: remove this `mut`

warning: variable does not need to be mutable
    --> src/task/mod.rs:4583:13
     |
4583 |         let mut init_task = super::new_user_task("InitTask".to_string(), 0);
     |             ----^^^^^^^^^
     |             |
     |             help: remove this `mut`

warning: variable does not need to be mutable
    --> src/task/mod.rs:4588:13
     |
4588 |         let mut parent_task = super::new_user_task("ExitingParent".to_string(), 0);
     |             ----^^^^^^^^^^^
     |             |
     |             help: remove this `mut`

warning: variable does not need to be mutable
    --> src/task/mod.rs:4592:13
     |
4592 |         let mut existing_child = super::new_user_task("ExistingChild".to_string(), 0);
     |             ----^^^^^^^^^^^^^^
     |             |
     |             help: remove this `mut`

warning: variable does not need to be mutable
    --> src/task/mod.rs:4596:13
     |
4596 |         let mut late_child = super::new_user_task("LateChild".to_string(), 0);
     |             ----^^^^^^^^^^
     |             |
     |             help: remove this `mut`

warning: variable does not need to be mutable
    --> src/task/mod.rs:4617:13
     |
4617 |         let mut init_task = super::new_user_task("InitTask".to_string(), 0);
     |             ----^^^^^^^^^
     |             |
     |             help: remove this `mut`

warning: variable does not need to be mutable
    --> src/task/mod.rs:4621:13
     |
4621 |         let mut leader_task = super::new_user_task("Leader".to_string(), 0);
     |             ----^^^^^^^^^^^
     |             |
     |             help: remove this `mut`

warning: variable does not need to be mutable
    --> src/task/mod.rs:4630:13
     |
4630 |         let mut child_task = super::new_user_task("Orphan".to_string(), 0);
     |             ----^^^^^^^^^^
     |             |
     |             help: remove this `mut`

warning: variable does not need to be mutable
    --> src/task/mod.rs:4654:13
     |
4654 |         let mut init_task = super::new_user_task("InitTask".to_string(), 0);
     |             ----^^^^^^^^^
     |             |
     |             help: remove this `mut`

warning: variable does not need to be mutable
    --> src/task/mod.rs:4659:13
     |
4659 |         let mut parent_task = super::new_user_task("ParentTask".to_string(), 0);
     |             ----^^^^^^^^^^^
     |             |
     |             help: remove this `mut`

warning: variable does not need to be mutable
    --> src/task/mod.rs:4663:13
     |
4663 |         let mut child_task = super::new_user_task("ChildTask".to_string(), 0);
     |             ----^^^^^^^^^^
     |             |
     |             help: remove this `mut`

warning: variable does not need to be mutable
    --> src/task/mod.rs:4693:13
     |
4693 |         let mut task = super::new_user_task("SessionDefaults".to_string(), 0);
     |             ----^^^^
     |             |
     |             help: remove this `mut`

warning: variable does not need to be mutable
    --> src/task/mod.rs:4709:13
     |
4709 |         let mut parent = super::new_user_task("SessionParent".to_string(), 0);
     |             ----^^^^^^
     |             |
     |             help: remove this `mut`

warning: variable does not need to be mutable
    --> src/task/mod.rs:4757:13
     |
4757 |         let mut parent = super::new_user_task("ThreadGroupParent".to_string(), 0);
     |             ----^^^^^^
     |             |
     |             help: remove this `mut`

warning: variable does not need to be mutable
    --> src/task/mod.rs:4774:13
     |
4774 |         let mut parent = super::new_user_task("ThreadGroupParent".to_string(), 0);
     |             ----^^^^^^
     |             |
     |             help: remove this `mut`

warning: variable does not need to be mutable
    --> src/task/mod.rs:4793:13
     |
4793 |         let mut init = super::new_user_task("Init".to_string(), 0);
     |             ----^^^^
     |             |
     |             help: remove this `mut`

warning: variable does not need to be mutable
    --> src/task/mod.rs:4797:13
     |
4797 |         let mut leader = super::new_user_task("ProcessLeader".to_string(), 0);
     |             ----^^^^^^
     |             |
     |             help: remove this `mut`

warning: variable does not need to be mutable
    --> src/task/mod.rs:4834:13
     |
4834 |         let mut init = super::new_user_task("Init".to_string(), 0);
     |             ----^^^^
     |             |
     |             help: remove this `mut`

warning: variable does not need to be mutable
    --> src/task/mod.rs:4838:13
     |
4838 |         let mut leader = super::new_user_task("VmProcessLeader".to_string(), 0);
     |             ----^^^^^^
     |             |
     |             help: remove this `mut`

warning: variable does not need to be mutable
    --> src/task/mod.rs:4866:13
     |
4866 |         let mut init = super::new_user_task("Init".to_string(), 0);
     |             ----^^^^
     |             |
     |             help: remove this `mut`

warning: variable does not need to be mutable
    --> src/task/mod.rs:4870:13
     |
4870 |         let mut leader = super::new_user_task("WaitLeader".to_string(), 0);
     |             ----^^^^^^
     |             |
     |             help: remove this `mut`

warning: variable does not need to be mutable
    --> src/task/mod.rs:4882:13
     |
4882 |         let mut child = super::new_user_task("WorkerProcessChild".to_string(), 0);
     |             ----^^^^^
     |             |
     |             help: remove this `mut`

warning: variable does not need to be mutable
    --> src/task/mod.rs:4909:13
     |
4909 |         let mut init = super::new_user_task("Init".to_string(), 0);
     |             ----^^^^
     |             |
     |             help: remove this `mut`

warning: variable does not need to be mutable
    --> src/task/mod.rs:4913:13
     |
4913 |         let mut leader = super::new_user_task("ThreadJoinLeader".to_string(), 0);
     |             ----^^^^^^
     |             |
     |             help: remove this `mut`

warning: variable does not need to be mutable
    --> src/task/mod.rs:4950:13
     |
4950 |         let mut parent = super::new_user_task("WaitParent".to_string(), 0);
     |             ----^^^^^^
     |             |
     |             help: remove this `mut`

warning: variable does not need to be mutable
    --> src/task/mod.rs:4954:13
     |
4954 |         let mut leader = super::new_user_task("ProcessLeader".to_string(), 0);
     |             ----^^^^^^
     |             |
     |             help: remove this `mut`

warning: variable does not need to be mutable
    --> src/task/mod.rs:4986:13
     |
4986 |         let mut task = super::new_user_task("SetsidTask".to_string(), 0);
     |             ----^^^^
     |             |
     |             help: remove this `mut`

warning: variable does not need to be mutable
    --> src/task/mod.rs:5003:13
     |
5003 |         let mut task = super::new_user_task("StopReportTask".to_string(), 0);
     |             ----^^^^
     |             |
     |             help: remove this `mut`

warning: variable does not need to be mutable
    --> src/task/mod.rs:5018:13
     |
5018 |         let mut task = super::new_user_task("TaskWithExitStatus".to_string(), 0);
     |             ----^^^^
     |             |
     |             help: remove this `mut`

warning: variable does not need to be mutable
    --> src/task/mod.rs:5037:13
     |
5037 |         let mut parent_task = super::new_user_task("ParentTask".to_string(), 0);
     |             ----^^^^^^^^^^^
     |             |
     |             help: remove this `mut`

warning: variable does not need to be mutable
    --> src/task/mod.rs:5282:13
     |
5282 |         let mut parent_task = super::new_user_task("ParentWithStack".to_string(), 0);
     |             ----^^^^^^^^^^^
     |             |
     |             help: remove this `mut`

warning: variable does not need to be mutable
    --> src/task/mod.rs:5429:13
     |
5429 |         let mut parent_task = super::new_user_task("ParentWithShared".to_string(), 0);
     |             ----^^^^^^^^^^^
     |             |
     |             help: remove this `mut`

warning: variable does not need to be mutable
    --> src/task/mod.rs:5544:13
     |
5544 |         let mut parent = super::new_user_task("ParentWithOwnedShared".to_string(), 0);
     |             ----^^^^^^
     |             |
     |             help: remove this `mut`

warning: variable does not need to be mutable
    --> src/task/mod.rs:5593:13
     |
5593 |         let mut parent = super::new_user_task("ParentCloneVm".to_string(), 0);
     |             ----^^^^^^
     |             |
     |             help: remove this `mut`

warning: variable does not need to be mutable
    --> src/task/mod.rs:5665:13
     |
5665 |         let mut leader = super::new_user_task("ExitGroupLeader".to_string(), 0);
     |             ----^^^^^^
     |             |
     |             help: remove this `mut`

warning: variable does not need to be mutable
    --> src/task/mod.rs:5706:13
     |
5706 |         let mut parent = super::new_user_task("Parent".to_string(), 0);
     |             ----^^^^^^
     |             |
     |             help: remove this `mut`

warning: variable does not need to be mutable
    --> src/task/mod.rs:5742:13
     |
5742 |         let mut task1 = super::Task::new_with_namespace(
     |             ----^^^^^
     |             |
     |             help: remove this `mut`

warning: variable does not need to be mutable
    --> src/task/mod.rs:5748:13
     |
5748 |         let mut task2 = super::Task::new_with_namespace(
     |             ----^^^^^
     |             |
     |             help: remove this `mut`

warning: variable does not need to be mutable
    --> src/task/mod.rs:5754:13
     |
5754 |         let mut task3 = super::Task::new_with_namespace(
     |             ----^^^^^
     |             |
     |             help: remove this `mut`

warning: variable does not need to be mutable
    --> src/task/mod.rs:5814:13
     |
5814 |         let mut task1 = super::new_user_task("Task1".to_string(), 0);
     |             ----^^^^^
     |             |
     |             help: remove this `mut`

warning: variable does not need to be mutable
    --> src/task/mod.rs:5815:13
     |
5815 |         let mut task2 = super::new_user_task("Task2".to_string(), 0);
     |             ----^^^^^
     |             |
     |             help: remove this `mut`

warning: variable does not need to be mutable
    --> src/task/mod.rs:5816:13
     |
5816 |         let mut task3 = super::new_user_task("Task3".to_string(), 0);
     |             ----^^^^^
     |             |
     |             help: remove this `mut`

warning: variable does not need to be mutable
   --> src/lib.rs:834:9
    |
834 |     let mut init_task = new_user_task("init".to_string(), 0);
    |         ----^^^^^^^^^
    |         |
    |         help: remove this `mut`

warning: type `GpuPrivateImageBacking` is more private than the item `GpuImageBacking::Private::0`
   --> src/device/gpu/resource.rs:833:13
    |
833 |     Private(GpuPrivateImageBacking),
    |             ^^^^^^^^^^^^^^^^^^^^^^ field `GpuImageBacking::Private::0` is reachable at visibility `pub(crate)`
    |
note: but type `GpuPrivateImageBacking` is only usable at visibility `pub(self)`
   --> src/device/gpu/resource.rs:639:1
    |
639 | struct GpuPrivateImageBacking {
    | ^^^^^^^^^^^^^^^^^^^^^^^^^^^^^
    = note: `#[warn(private_interfaces)]` on by default

warning: type `GpuImportedImageBacking` is more private than the item `GpuImageBacking::Imported::0`
   --> src/device/gpu/resource.rs:834:14
    |
834 |     Imported(GpuImportedImageBacking),
    |              ^^^^^^^^^^^^^^^^^^^^^^^ field `GpuImageBacking::Imported::0` is reachable at visibility `pub(crate)`
    |
note: but type `GpuImportedImageBacking` is only usable at visibility `pub(self)`
   --> src/device/gpu/resource.rs:826:1
    |
826 | struct GpuImportedImageBacking {
    | ^^^^^^^^^^^^^^^^^^^^^^^^^^^^^^

warning: constant `MIN_HEAP_SIZE` is never used
   --> src/lib.rs:333:7
    |
333 | const MIN_HEAP_SIZE: usize = 32 * 1024;
    |       ^^^^^^^^^^^^^
    |
    = note: `#[warn(dead_code)]` (part of `#[warn(unused)]`) on by default

warning: constant `KVM_INTERRUPT_UNSET` is never used
  --> src/abi/linux/device/kvm/mod.rs:88:7
   |
88 | const KVM_INTERRUPT_UNSET: u32 = u32::MAX - 1;
   |       ^^^^^^^^^^^^^^^^^^^

warning: constant `KVM_CAP_COALESCED_MMIO` is never used
   --> src/abi/linux/device/kvm/mod.rs:616:19
    |
616 |             const KVM_CAP_COALESCED_MMIO: usize = 15;
    |                   ^^^^^^^^^^^^^^^^^^^^^^

warning: static `VM_EXIT_DEBUG_COUNT` is never used
   --> src/abi/linux/device/kvm/mod.rs:969:8
    |
969 | static VM_EXIT_DEBUG_COUNT: AtomicU32 = AtomicU32::new(0);
    |        ^^^^^^^^^^^^^^^^^^^

warning: function `log_vm_exit` is never used
   --> src/abi/linux/device/kvm/mod.rs:986:4
    |
986 | fn log_vm_exit(exit: &crate::hypervisor::VmExit) {
    |    ^^^^^^^^^^^

warning: constant `ALREADY_STOPPED` is never used
   --> src/abi/linux/device/kvm/riscv64.rs:808:15
    |
808 |     pub const ALREADY_STOPPED: u64 = u64::MAX - 5;
    |               ^^^^^^^^^^^^^^^

warning: constant `STOPPED` is never used
   --> src/abi/linux/device/kvm/riscv64.rs:813:15
    |
813 |     pub const STOPPED: u64 = 1;
    |               ^^^^^^^

warning: constant `START_PENDING` is never used
   --> src/abi/linux/device/kvm/riscv64.rs:814:15
    |
814 |     pub const START_PENDING: u64 = 2;
    |               ^^^^^^^^^^^^^

warning: constant `STOP_PENDING` is never used
   --> src/abi/linux/device/kvm/riscv64.rs:815:15
    |
815 |     pub const STOP_PENDING: u64 = 3;
    |               ^^^^^^^^^^^^

warning: constant `SUSPENDED` is never used
   --> src/abi/linux/device/kvm/riscv64.rs:816:15
    |
816 |     pub const SUSPENDED: u64 = 4;
    |               ^^^^^^^^^

warning: field `id` is never read
  --> src/abi/xv6/drivers/console.rs:11:5
   |
10 | pub struct ConsoleDevice {
   |            ------------- field in this struct
11 |     id: usize,
   |     ^^

warning: variants `ReadOnly`, `WriteOnly`, `ReadWrite`, and `Truncate` are never constructed
   --> src/abi/xv6/riscv64/file.rs:105:5
    |
104 | enum OpenMode {
    |      -------- variants in this enum
105 |     ReadOnly = 0x000,
    |     ^^^^^^^^
106 |     WriteOnly = 0x001,
    |     ^^^^^^^^^
107 |     ReadWrite = 0x002,
    |     ^^^^^^^^^
108 |     Create = 0x200,
109 |     Truncate = 0x400,
    |     ^^^^^^^^

warning: function `sys_lseek` is never used
   --> src/abi/xv6/riscv64/file.rs:356:8
    |
356 | pub fn sys_lseek(
    |        ^^^^^^^^^

warning: function `init_from_fdt` is never used
  --> src/arch/riscv/cpu.rs:41:15
   |
41 | pub(crate) fn init_from_fdt(boot_hart: usize) -> Result<(), &'static str> {
   |               ^^^^^^^^^^^^^

warning: constant `IREGS` is never used
  --> src/arch/riscv/hv/switch.rs:14:15
   |
14 |     pub const IREGS: usize = 0;
   |               ^^^^^

warning: constant `PC` is never used
  --> src/arch/riscv/hv/switch.rs:25:15
   |
25 |     pub const PC: usize = CSRS + 72;
   |               ^^

warning: constant `X1` is never used
  --> src/arch/riscv/hv/switch.rs:31:15
   |
31 |     pub const X1: usize = 8;
   |               ^^

warning: constant `X2` is never used
  --> src/arch/riscv/hv/switch.rs:32:15
   |
32 |     pub const X2: usize = 16;
   |               ^^

warning: constant `X3` is never used
  --> src/arch/riscv/hv/switch.rs:33:15
   |
33 |     pub const X3: usize = 24;
   |               ^^

warning: constant `X31` is never used
  --> src/arch/riscv/hv/switch.rs:34:15
   |
34 |     pub const X31: usize = 248;
   |               ^^^

warning: constant `EPC` is never used
  --> src/arch/riscv/hv/switch.rs:35:15
   |
35 |     pub const EPC: usize = 256;
   |               ^^^

warning: function `hart_start` is never used
   --> src/arch/riscv/instruction/sbi.rs:277:15
    |
277 | pub(crate) fn hart_start(
    |               ^^^^^^^^^^

warning: constant `INSTRUCTION_ADDRESS_MISALIGNED` is never used
  --> src/arch/riscv/trap/exception.rs:89:7
   |
89 | const INSTRUCTION_ADDRESS_MISALIGNED: usize = 0;
   |       ^^^^^^^^^^^^^^^^^^^^^^^^^^^^^^

warning: constant `INSTRUCTION_ACCESS_FAULT` is never used
  --> src/arch/riscv/trap/exception.rs:90:7
   |
90 | const INSTRUCTION_ACCESS_FAULT: usize = 1;
   |       ^^^^^^^^^^^^^^^^^^^^^^^^

warning: constant `LOAD_ADDRESS_MISALIGNED` is never used
  --> src/arch/riscv/trap/exception.rs:93:7
   |
93 | const LOAD_ADDRESS_MISALIGNED: usize = 4;
   |       ^^^^^^^^^^^^^^^^^^^^^^^

warning: constant `LOAD_ACCESS_FAULT` is never used
  --> src/arch/riscv/trap/exception.rs:94:7
   |
94 | const LOAD_ACCESS_FAULT: usize = 5;
   |       ^^^^^^^^^^^^^^^^^

warning: constant `STORE_ADDRESS_MISALIGNED` is never used
  --> src/arch/riscv/trap/exception.rs:95:7
   |
95 | const STORE_ADDRESS_MISALIGNED: usize = 6;
   |       ^^^^^^^^^^^^^^^^^^^^^^^^

warning: constant `STORE_ACCESS_FAULT` is never used
  --> src/arch/riscv/trap/exception.rs:96:7
   |
96 | const STORE_ACCESS_FAULT: usize = 7;
   |       ^^^^^^^^^^^^^^^^^^

warning: constant `ECALL_FROM_HS_MODE` is never used
  --> src/arch/riscv/trap/exception.rs:98:7
   |
98 | const ECALL_FROM_HS_MODE: usize = 9;
   |       ^^^^^^^^^^^^^^^^^^

warning: constant `ECALL_FROM_M_MODE` is never used
   --> src/arch/riscv/trap/exception.rs:100:7
    |
100 | const ECALL_FROM_M_MODE: usize = 11;
    |       ^^^^^^^^^^^^^^^^^

warning: constant `VIRTUAL_INSTRUCTION` is never used
   --> src/arch/riscv/trap/exception.rs:106:7
    |
106 | const VIRTUAL_INSTRUCTION: usize = 22;
    |       ^^^^^^^^^^^^^^^^^^^

warning: method `walk` is never used
   --> src/arch/riscv/vm/mmu/page_table.rs:448:39
    |
179 | impl PageTable {
    | -------------- method in this implementation
...
448 |     pub(in crate::arch::riscv::vm) fn walk(
    |                                       ^^^^

warning: fields `direct_map` and `initramfs` are never read
  --> src/boot/fdt_memory.rs:13:9
   |
12 | pub(crate) struct FdtMemory {
   |                   --------- fields in this struct
13 |     pub direct_map: DirectMapRegions,
   |         ^^^^^^^^^^
14 |     pub usable: DirectMapRegions,
15 |     pub initramfs: Option<PhysicalMemoryArea>,
   |         ^^^^^^^^^

warning: associated function `parse` is never used
  --> src/boot/fdt_memory.rs:19:12
   |
18 | impl FdtMemory {
   | -------------- associated function in this implementation
19 |     pub fn parse(
   |            ^^^^^

warning: function `enabled` is never used
   --> src/boot/fdt_memory.rs:114:4
    |
114 | fn enabled(node: &fdt::node::FdtNode<'_, '_>) -> bool {
    |    ^^^^^^^

warning: function `reg_area` is never used
   --> src/boot/fdt_memory.rs:119:4
    |
119 | fn reg_area(reg: fdt::node::RawReg<'_>) -> Result<Option<PhysicalMemoryArea>, &'static str> {
    |    ^^^^^^^^

warning: function `complete_pages` is never used
   --> src/boot/fdt_memory.rs:137:4
    |
137 | fn complete_pages(area: PhysicalMemoryArea) -> Result<Option<PhysicalMemoryArea>, &'static str> {
    |    ^^^^^^^^^^^^^^

warning: function `initramfs_area` is never used
   --> src/boot/fdt_memory.rs:189:4
    |
189 | fn initramfs_area(fdt: &fdt::Fdt<'_>) -> Result<Option<PhysicalMemoryArea>, &'static str> {
    |    ^^^^^^^^^^^^^^

warning: field `0` is never read
   --> src/device/gpu/resource.rs:835:12
    |
835 |     Shared(Arc<crate::device::graphics::shared_image::SharedImage>),
    |     ------ ^^^^^^^^^^^^^^^^^^^^^^^^^^^^^^^^^^^^^^^^^^^^^^^^^^^^^^^
    |     |
    |     field in this variant
    |
help: consider changing the field to be of unit type to suppress this warning while preserving the field numbering, or remove the field
    |
835 -     Shared(Arc<crate::device::graphics::shared_image::SharedImage>),
835 +     Shared(()),
    |

warning: fields `fb_resource`, `mappings`, and `device_manager_addr` are never read
   --> src/device/graphics/framebuffer_device.rs:259:5
    |
258 | struct FbCompatFlushHandler {
    |        -------------------- fields in this struct
259 |     fb_resource: Arc<FramebufferResource>,
    |     ^^^^^^^^^^^
260 |     mappings: Arc<IrqRwSpinLock<BTreeMap<(usize, usize), FramebufferMapping>>>,
    |     ^^^^^^^^
...
264 |     device_manager_addr: Option<usize>,
    |     ^^^^^^^^^^^^^^^^^^^

warning: static `FB_COMPAT_FLUSH_WORKER_STARTED` is never used
   --> src/device/graphics/framebuffer_device.rs:267:8
    |
267 | static FB_COMPAT_FLUSH_WORKER_STARTED: AtomicBool = AtomicBool::new(false);
    |        ^^^^^^^^^^^^^^^^^^^^^^^^^^^^^^

warning: static `FB_COMPAT_FLUSH_HANDLERS` is never used
   --> src/device/graphics/framebuffer_device.rs:269:8
    |
269 | static FB_COMPAT_FLUSH_HANDLERS: Once<IrqSpinLock<Vec<Weak<FbCompatFlushHandler>>>> = Once::new();
    |        ^^^^^^^^^^^^^^^^^^^^^^^^

warning: function `fb_compat_flush_handlers` is never used
   --> src/device/graphics/framebuffer_device.rs:271:4
    |
271 | fn fb_compat_flush_handlers() -> &'static IrqSpinLock<Vec<Weak<FbCompatFlushHandler>>> {
    |    ^^^^^^^^^^^^^^^^^^^^^^^^

warning: function `process_deferred_fb_compat_flushes` is never used
   --> src/device/graphics/framebuffer_device.rs:275:4
    |
275 | fn process_deferred_fb_compat_flushes() -> bool {
    |    ^^^^^^^^^^^^^^^^^^^^^^^^^^^^^^^^^^

warning: function `fb_compat_flush_worker_entry` is never used
   --> src/device/graphics/framebuffer_device.rs:300:4
    |
300 | fn fb_compat_flush_worker_entry() {
    |    ^^^^^^^^^^^^^^^^^^^^^^^^^^^^

warning: function `register_fb_compat_flush_handler` is never used
   --> src/device/graphics/framebuffer_device.rs:311:4
    |
311 | fn register_fb_compat_flush_handler(handler: &Arc<FbCompatFlushHandler>) {
    |    ^^^^^^^^^^^^^^^^^^^^^^^^^^^^^^^^

warning: methods `device_manager`, `current_framebuffer_info`, `trigger_display_update`, and `process_deferred_flush` are never used
   --> src/device/graphics/framebuffer_device.rs:611:8
    |
609 | impl FbCompatFlushHandler {
    | ------------------------- methods in this implementation
610 |     #[cfg(test)]
611 |     fn device_manager(&self) -> &DeviceManager {
    |        ^^^^^^^^^^^^^^
...
623 |     fn current_framebuffer_info(&self) -> Result<CurrentFramebufferInfo, &'static str> {
    |        ^^^^^^^^^^^^^^^^^^^^^^^^
...
647 |     fn trigger_display_update(&self, region: DisplayRegion) -> Result<(), &'static str> {
    |        ^^^^^^^^^^^^^^^^^^^^^^
...
668 |     fn process_deferred_flush(&self) {
    |        ^^^^^^^^^^^^^^^^^^^^^^

warning: field `promiscuous` is never read
   --> src/device/network/mod.rs:257:5
    |
253 | pub struct GenericNetworkDevice {
    |            -------------------- field in this struct
...
257 |     promiscuous: bool,
    |     ^^^^^^^^^^^

warning: field `remove_fn` is never read
   --> src/device/platform/mod.rs:246:5
    |
243 | pub struct PlatformDeviceDriver {
    |            -------------------- field in this struct
...
246 |     remove_fn: fn(&PlatformDeviceInfo) -> Result<(), &'static str>,
    |     ^^^^^^^^^

warning: method `process_request` is never used
   --> src/drivers/block/virtio_blk.rs:195:8
    |
127 | impl VirtioBlockDevice {
    | ---------------------- method in this implementation
...
195 |     fn process_request(&self, req: &mut BlockIORequest) -> Result<(), &'static str> {
    |        ^^^^^^^^^^^^^^^

warning: function `log_probe_properties` is never used
   --> src/drivers/graphics/simple_framebuffer.rs:235:4
    |
235 | fn log_probe_properties(device: &PlatformDeviceInfo) {
    |    ^^^^^^^^^^^^^^^^^^^^

warning: constant `VIRTIO_GPU_FORMAT_A8R8G8B8_UNORM` is never used
  --> src/drivers/graphics/virtio_gpu.rs:99:7
   |
99 | const VIRTIO_GPU_FORMAT_A8R8G8B8_UNORM: u32 = 3;
   |       ^^^^^^^^^^^^^^^^^^^^^^^^^^^^^^^^

warning: constant `VIRTIO_GPU_FORMAT_X8R8G8B8_UNORM` is never used
   --> src/drivers/graphics/virtio_gpu.rs:100:7
    |
100 | const VIRTIO_GPU_FORMAT_X8R8G8B8_UNORM: u32 = 4;
    |       ^^^^^^^^^^^^^^^^^^^^^^^^^^^^^^^^

warning: constant `VIRTIO_GPU_FORMAT_R8G8B8A8_UNORM` is never used
   --> src/drivers/graphics/virtio_gpu.rs:101:7
    |
101 | const VIRTIO_GPU_FORMAT_R8G8B8A8_UNORM: u32 = 67;
    |       ^^^^^^^^^^^^^^^^^^^^^^^^^^^^^^^^

warning: constant `VIRTIO_GPU_FORMAT_X8B8G8R8_UNORM` is never used
   --> src/drivers/graphics/virtio_gpu.rs:102:7
    |
102 | const VIRTIO_GPU_FORMAT_X8B8G8R8_UNORM: u32 = 68;
    |       ^^^^^^^^^^^^^^^^^^^^^^^^^^^^^^^^

warning: constant `VIRTIO_GPU_FORMAT_A8B8G8R8_UNORM` is never used
   --> src/drivers/graphics/virtio_gpu.rs:103:7
    |
103 | const VIRTIO_GPU_FORMAT_A8B8G8R8_UNORM: u32 = 121;
    |       ^^^^^^^^^^^^^^^^^^^^^^^^^^^^^^^^

warning: constant `VIRTIO_GPU_FORMAT_R8G8B8X8_UNORM` is never used
   --> src/drivers/graphics/virtio_gpu.rs:104:7
    |
104 | const VIRTIO_GPU_FORMAT_R8G8B8X8_UNORM: u32 = 134;
    |       ^^^^^^^^^^^^^^^^^^^^^^^^^^^^^^^^

warning: constant `BLOCK_COUNT` is never used
  --> src/drivers/mmc/sdhci/mod.rs:15:15
   |
15 |     pub const BLOCK_COUNT: usize = 0x06;
   |               ^^^^^^^^^^^

warning: constant `VIRTIO_NET_F_CSUM` is never used
  --> src/drivers/network/virtio_net.rs:58:7
   |
58 | const VIRTIO_NET_F_CSUM: u32 = 0; // Device handles packets with partial checksum
   |       ^^^^^^^^^^^^^^^^^

warning: constant `VIRTIO_NET_F_GUEST_CSUM` is never used
  --> src/drivers/network/virtio_net.rs:59:7
   |
59 | const VIRTIO_NET_F_GUEST_CSUM: u32 = 1; // Guest handles packets with partial checksum
   |       ^^^^^^^^^^^^^^^^^^^^^^^

warning: constant `VIRTIO_NET_F_CTRL_GUEST_OFFLOADS` is never used
  --> src/drivers/network/virtio_net.rs:60:7
   |
60 | const VIRTIO_NET_F_CTRL_GUEST_OFFLOADS: u32 = 2; // Control channel offloads reconfiguration support
   |       ^^^^^^^^^^^^^^^^^^^^^^^^^^^^^^^^

warning: constant `VIRTIO_NET_F_GUEST_TSO4` is never used
  --> src/drivers/network/virtio_net.rs:63:7
   |
63 | const VIRTIO_NET_F_GUEST_TSO4: u32 = 7; // Guest can handle TSOv4
   |       ^^^^^^^^^^^^^^^^^^^^^^^

warning: constant `VIRTIO_NET_F_GUEST_TSO6` is never used
  --> src/drivers/network/virtio_net.rs:64:7
   |
64 | const VIRTIO_NET_F_GUEST_TSO6: u32 = 8; // Guest can handle TSOv6
   |       ^^^^^^^^^^^^^^^^^^^^^^^

warning: constant `VIRTIO_NET_F_GUEST_ECN` is never used
  --> src/drivers/network/virtio_net.rs:65:7
   |
65 | const VIRTIO_NET_F_GUEST_ECN: u32 = 9; // Guest can handle TSO with ECN
   |       ^^^^^^^^^^^^^^^^^^^^^^

warning: constant `VIRTIO_NET_F_GUEST_UFO` is never used
  --> src/drivers/network/virtio_net.rs:66:7
   |
66 | const VIRTIO_NET_F_GUEST_UFO: u32 = 10; // Guest can handle UFO
   |       ^^^^^^^^^^^^^^^^^^^^^^

warning: constant `VIRTIO_NET_F_HOST_TSO4` is never used
  --> src/drivers/network/virtio_net.rs:67:7
   |
67 | const VIRTIO_NET_F_HOST_TSO4: u32 = 11; // Device can handle TSOv4
   |       ^^^^^^^^^^^^^^^^^^^^^^

warning: constant `VIRTIO_NET_F_HOST_TSO6` is never used
  --> src/drivers/network/virtio_net.rs:68:7
   |
68 | const VIRTIO_NET_F_HOST_TSO6: u32 = 12; // Device can handle TSOv6
   |       ^^^^^^^^^^^^^^^^^^^^^^

warning: constant `VIRTIO_NET_F_HOST_ECN` is never used
  --> src/drivers/network/virtio_net.rs:69:7
   |
69 | const VIRTIO_NET_F_HOST_ECN: u32 = 13; // Device can handle TSO with ECN
   |       ^^^^^^^^^^^^^^^^^^^^^

warning: constant `VIRTIO_NET_F_HOST_UFO` is never used
  --> src/drivers/network/virtio_net.rs:70:7
   |
70 | const VIRTIO_NET_F_HOST_UFO: u32 = 14; // Device can handle UFO
   |       ^^^^^^^^^^^^^^^^^^^^^

warning: constant `VIRTIO_NET_F_MRG_RXBUF` is never used
  --> src/drivers/network/virtio_net.rs:71:7
   |
71 | const VIRTIO_NET_F_MRG_RXBUF: u32 = 15; // Guest can merge receive buffers
   |       ^^^^^^^^^^^^^^^^^^^^^^

warning: constant `VIRTIO_NET_F_CTRL_VQ` is never used
  --> src/drivers/network/virtio_net.rs:73:7
   |
73 | const VIRTIO_NET_F_CTRL_VQ: u32 = 17; // Control channel available
   |       ^^^^^^^^^^^^^^^^^^^^

warning: constant `VIRTIO_NET_F_CTRL_RX` is never used
  --> src/drivers/network/virtio_net.rs:74:7
   |
74 | const VIRTIO_NET_F_CTRL_RX: u32 = 18; // Control channel RX mode support
   |       ^^^^^^^^^^^^^^^^^^^^

warning: constant `VIRTIO_NET_F_CTRL_VLAN` is never used
  --> src/drivers/network/virtio_net.rs:75:7
   |
75 | const VIRTIO_NET_F_CTRL_VLAN: u32 = 19; // Control channel VLAN filtering
   |       ^^^^^^^^^^^^^^^^^^^^^^

warning: constant `VIRTIO_NET_F_GUEST_ANNOUNCE` is never used
  --> src/drivers/network/virtio_net.rs:76:7
   |
76 | const VIRTIO_NET_F_GUEST_ANNOUNCE: u32 = 21; // Guest can send gratuitous packets
   |       ^^^^^^^^^^^^^^^^^^^^^^^^^^^

warning: constant `VIRTIO_NET_F_MQ` is never used
  --> src/drivers/network/virtio_net.rs:77:7
   |
77 | const VIRTIO_NET_F_MQ: u32 = 22; // Device supports multiqueue with automatic receive steering
   |       ^^^^^^^^^^^^^^^

warning: constant `VIRTIO_NET_F_CTRL_MAC_ADDR` is never used
  --> src/drivers/network/virtio_net.rs:78:7
   |
78 | const VIRTIO_NET_F_CTRL_MAC_ADDR: u32 = 23; // Set MAC address through control channel
   |       ^^^^^^^^^^^^^^^^^^^^^^^^^^

warning: constant `VIRTIO_NET_S_ANNOUNCE` is never used
  --> src/drivers/network/virtio_net.rs:82:7
   |
82 | const VIRTIO_NET_S_ANNOUNCE: u16 = 2; // Gratuitous packets should be sent
   |       ^^^^^^^^^^^^^^^^^^^^^

warning: constant `UARTRSR` is never used
  --> src/drivers/uart/pl011.rs:28:7
   |
28 | const UARTRSR: usize = 0x004; // Receive Status Register
   |       ^^^^^^^

warning: constant `FR_TXFE` is never used
  --> src/drivers/uart/pl011.rs:39:7
   |
39 | const FR_TXFE: u32 = 1 << 7; // Transmit FIFO empty
   |       ^^^^^^^

warning: constant `FR_RXFF` is never used
  --> src/drivers/uart/pl011.rs:40:7
   |
40 | const FR_RXFF: u32 = 1 << 6; // Receive FIFO full
   |       ^^^^^^^

warning: function `register_pl011` is never used
   --> src/drivers/uart/pl011.rs:306:4
    |
306 | fn register_pl011() {
    |    ^^^^^^^^^^^^^^

warning: function `pl011_probe` is never used
   --> src/drivers/uart/pl011.rs:320:4
    |
320 | fn pl011_probe(device_info: &PlatformDeviceInfo) -> Result<(), &'static str> {
    |    ^^^^^^^^^^^

warning: function `pl011_remove` is never used
   --> src/drivers/uart/pl011.rs:376:4
    |
376 | fn pl011_remove(_device_info: &PlatformDeviceInfo) -> Result<(), &'static str> {
    |    ^^^^^^^^^^^^

warning: constant `GENI_UART_RX_STALE_CNT` is never used
  --> src/drivers/uart/qcom_geni.rs:33:7
   |
33 | const GENI_UART_RX_STALE_CNT: usize = 0x294;
   |       ^^^^^^^^^^^^^^^^^^^^^^

warning: constant `GENI_UART_RX_STALE_CHAR_TIMES` is never used
  --> src/drivers/uart/qcom_geni.rs:34:7
   |
34 | const GENI_UART_RX_STALE_CHAR_TIMES: u32 = 16;
   |       ^^^^^^^^^^^^^^^^^^^^^^^^^^^^^

warning: constant `GENI_UART_BITS_PER_CHAR` is never used
  --> src/drivers/uart/qcom_geni.rs:35:7
   |
35 | const GENI_UART_BITS_PER_CHAR: u32 = 10;
   |       ^^^^^^^^^^^^^^^^^^^^^^^

warning: constant `GENI_M_IRQ_EN` is never used
  --> src/drivers/uart/qcom_geni.rs:40:7
   |
40 | const GENI_M_IRQ_EN: usize = 0x614;
   |       ^^^^^^^^^^^^^

warning: constant `GENI_M_IRQ_SEC_IRQ` is never used
  --> src/drivers/uart/qcom_geni.rs:44:7
   |
44 | const GENI_M_IRQ_SEC_IRQ: u32 = 1 << 31;
   |       ^^^^^^^^^^^^^^^^^^

warning: constant `GENI_S_CMD0` is never used
  --> src/drivers/uart/qcom_geni.rs:46:7
   |
46 | const GENI_S_CMD0: usize = 0x630;
   |       ^^^^^^^^^^^

warning: constant `GENI_S_CMD0_UART_START_RX` is never used
  --> src/drivers/uart/qcom_geni.rs:47:7
   |
47 | const GENI_S_CMD0_UART_START_RX: u32 = 1 << 27;
   |       ^^^^^^^^^^^^^^^^^^^^^^^^^

warning: constant `GENI_S_IRQ_STATUS` is never used
  --> src/drivers/uart/qcom_geni.rs:48:7
   |
48 | const GENI_S_IRQ_STATUS: usize = 0x640;
   |       ^^^^^^^^^^^^^^^^^

warning: constant `GENI_S_IRQ_EN` is never used
  --> src/drivers/uart/qcom_geni.rs:49:7
   |
49 | const GENI_S_IRQ_EN: usize = 0x644;
   |       ^^^^^^^^^^^^^

warning: constant `GENI_S_IRQ_CLEAR` is never used
  --> src/drivers/uart/qcom_geni.rs:50:7
   |
50 | const GENI_S_IRQ_CLEAR: usize = 0x648;
   |       ^^^^^^^^^^^^^^^^

warning: constant `GENI_S_IRQ_RX_FIFO_WATERMARK` is never used
  --> src/drivers/uart/qcom_geni.rs:51:7
   |
51 | const GENI_S_IRQ_RX_FIFO_WATERMARK: u32 = 1 << 26;
   |       ^^^^^^^^^^^^^^^^^^^^^^^^^^^^

warning: constant `GENI_S_IRQ_RX_FIFO_LAST` is never used
  --> src/drivers/uart/qcom_geni.rs:52:7
   |
52 | const GENI_S_IRQ_RX_FIFO_LAST: u32 = 1 << 27;
   |       ^^^^^^^^^^^^^^^^^^^^^^^

warning: constant `GENI_RX_FIFO` is never used
  --> src/drivers/uart/qcom_geni.rs:55:7
   |
55 | const GENI_RX_FIFO: usize = 0x780;
   |       ^^^^^^^^^^^^

warning: constant `GENI_RX_FIFO_STATUS` is never used
  --> src/drivers/uart/qcom_geni.rs:56:7
   |
56 | const GENI_RX_FIFO_STATUS: usize = 0x804;
   |       ^^^^^^^^^^^^^^^^^^^

warning: constant `GENI_RX_FIFO_STATUS_WC_MASK` is never used
  --> src/drivers/uart/qcom_geni.rs:57:7
   |
57 | const GENI_RX_FIFO_STATUS_WC_MASK: u32 = 0x01ff_ffff;
   |       ^^^^^^^^^^^^^^^^^^^^^^^^^^^

warning: constant `GENI_RX_FIFO_WATERMARK` is never used
  --> src/drivers/uart/qcom_geni.rs:59:7
   |
59 | const GENI_RX_FIFO_WATERMARK: usize = 0x810;
   |       ^^^^^^^^^^^^^^^^^^^^^^

warning: constant `GENI_HW_PARAM_0` is never used
  --> src/drivers/uart/qcom_geni.rs:60:7
   |
60 | const GENI_HW_PARAM_0: usize = 0xe24;
   |       ^^^^^^^^^^^^^^^

warning: constant `GENI_HW_PARAM_0_TX_FIFO_DEPTH_MASK` is never used
  --> src/drivers/uart/qcom_geni.rs:61:7
   |
61 | const GENI_HW_PARAM_0_TX_FIFO_DEPTH_MASK: u32 = 0x003f_0000;
   |       ^^^^^^^^^^^^^^^^^^^^^^^^^^^^^^^^^^

warning: constant `GENI_HW_PARAM_0_TX_FIFO_DEPTH_SHIFT` is never used
  --> src/drivers/uart/qcom_geni.rs:62:7
   |
62 | const GENI_HW_PARAM_0_TX_FIFO_DEPTH_SHIFT: u32 = 16;
   |       ^^^^^^^^^^^^^^^^^^^^^^^^^^^^^^^^^^^

warning: constant `GENI_DEFAULT_TX_FIFO_DEPTH_WORDS` is never used
  --> src/drivers/uart/qcom_geni.rs:64:7
   |
64 | const GENI_DEFAULT_TX_FIFO_DEPTH_WORDS: usize = 16;
   |       ^^^^^^^^^^^^^^^^^^^^^^^^^^^^^^^^

warning: constant `GENI_TX_TIMEOUT_US` is never used
  --> src/drivers/uart/qcom_geni.rs:65:7
   |
65 | const GENI_TX_TIMEOUT_US: u64 = 100_000;
   |       ^^^^^^^^^^^^^^^^^^

warning: function `early_write_byte` is never used
   --> src/drivers/uart/qcom_geni.rs:208:15
    |
208 | pub(crate) fn early_write_byte(base: usize, byte: u8) -> bool {
    |               ^^^^^^^^^^^^^^^^

warning: struct `QcomGeniUart` is never constructed
   --> src/drivers/uart/qcom_geni.rs:239:8
    |
239 | struct QcomGeniUart {
    |        ^^^^^^^^^^^^

warning: multiple associated items are never used
   --> src/drivers/uart/qcom_geni.rs:248:8
    |
247 | impl QcomGeniUart {
    | ----------------- associated items in this implementation
248 |     fn new(base: usize) -> Self {
    |        ^^^
...
267 |     fn init(&self) -> Result<(), &'static str> {
    |        ^^^^
...
278 |     fn enable_interrupts(&self, interrupt_id: InterruptId) -> Result<(), &'static str> {
    |        ^^^^^^^^^^^^^^^^^
...
298 |     fn reg_write(&self, offset: usize, value: u32) {
    |        ^^^^^^^^^
...
302 |     fn reg_read(&self, offset: usize) -> u32 {
    |        ^^^^^^^^
...
306 |     fn write_chunk_internal(&self, chunk: &[u8]) -> Result<(), &'static str> {
    |        ^^^^^^^^^^^^^^^^^^^^
...
312 |     fn tx_fifo_capacity_bytes(&self) -> usize {
    |        ^^^^^^^^^^^^^^^^^^^^^^
...
316 |     fn read_byte_internal(&self) -> Option<u8> {
    |        ^^^^^^^^^^^^^^^^^^
...
324 |     fn drain_rx(&self) {
    |        ^^^^^^^^

warning: static `GENI_CAPS` is never used
   --> src/drivers/uart/qcom_geni.rs:349:8
    |
349 | static GENI_CAPS: [crate::device::DeviceCapability; 1] = [crate::device::DeviceCapability::Serial];
    |        ^^^^^^^^^

warning: function `register_qcom_geni_uart` is never used
   --> src/drivers/uart/qcom_geni.rs:468:4
    |
468 | fn register_qcom_geni_uart() {
    |    ^^^^^^^^^^^^^^^^^^^^^^^

warning: function `qcom_geni_probe` is never used
   --> src/drivers/uart/qcom_geni.rs:479:4
    |
479 | fn qcom_geni_probe(device_info: &PlatformDeviceInfo) -> Result<(), &'static str> {
    |    ^^^^^^^^^^^^^^^

warning: function `qcom_geni_remove` is never used
   --> src/drivers/uart/qcom_geni.rs:525:4
    |
525 | fn qcom_geni_remove(_device_info: &PlatformDeviceInfo) -> Result<(), &'static str> {
    |    ^^^^^^^^^^^^^^^^

warning: field `multi_tt` is never read
   --> src/drivers/usb/xhci/mod.rs:439:5
    |
435 | struct HubRuntime {
    |        ---------- field in this struct
...
439 |     multi_tt: bool,
    |     ^^^^^^^^
    |
    = note: `HubRuntime` has a derived impl for the trait `Clone`, but this is intentionally ignored during dead code analysis

warning: field `max_intrs` is never read
   --> src/drivers/usb/xhci/mod.rs:745:5
    |
735 | pub struct XhciController {
    |            -------------- field in this struct
...
745 |     max_intrs: u16,
    |     ^^^^^^^^^

warning: static `INPUT_COUNTER` is never used
  --> src/drivers/virtio/device/mod.rs:33:8
   |
33 | static INPUT_COUNTER: AtomicUsize = AtomicUsize::new(0);
   |        ^^^^^^^^^^^^^

warning: struct `VirtioInputConfig` is never constructed
  --> src/drivers/virtio_input.rs:51:8
   |
51 | struct VirtioInputConfig {
   |        ^^^^^^^^^^^^^^^^^

warning: constant `VIRTIO_INPUT_CFG_UNSET` is never used
  --> src/drivers/virtio_input.rs:61:15
   |
61 |     pub const VIRTIO_INPUT_CFG_UNSET: u8 = 0x00;
   |               ^^^^^^^^^^^^^^^^^^^^^^

warning: constant `VIRTIO_INPUT_CFG_ID_SERIAL` is never used
  --> src/drivers/virtio_input.rs:63:15
   |
63 |     pub const VIRTIO_INPUT_CFG_ID_SERIAL: u8 = 0x02;
   |               ^^^^^^^^^^^^^^^^^^^^^^^^^^

warning: constant `VIRTIO_INPUT_CFG_ID_DEVIDS` is never used
  --> src/drivers/virtio_input.rs:64:15
   |
64 |     pub const VIRTIO_INPUT_CFG_ID_DEVIDS: u8 = 0x03;
   |               ^^^^^^^^^^^^^^^^^^^^^^^^^^

warning: fields `root_inode` and `next_file_id` are never read
   --> src/fs/vfs_v2/drivers/ext2/mod.rs:301:5
    |
291 | pub struct Ext2FileSystem {
    |            -------------- fields in this struct
...
301 |     root_inode: u32,
    |     ^^^^^^^^^^
...
307 |     next_file_id: IrqSpinLock<u64>,
    |     ^^^^^^^^^^^^

warning: methods `len` and `get_stats` are never used
   --> src/fs/vfs_v2/drivers/ext2/mod.rs:419:8
    |
341 | impl InodeLruCache {
    | ------------------ methods in this implementation
...
419 |     fn len(&self) -> usize {
    |        ^^^
...
424 |     fn get_stats(&self) -> (u64, u64, usize) {
    |        ^^^^^^^^^

warning: methods `len` and `get_stats` are never used
   --> src/fs/vfs_v2/drivers/ext2/mod.rs:538:8
    |
462 | impl BlockLruCache {
    | ------------------ methods in this implementation
...
538 |     fn len(&self) -> usize {
    |        ^^^
...
543 |     fn get_stats(&self) -> (u64, u64, usize) {
    |        ^^^^^^^^^

warning: method `free_block` is never used
    --> src/fs/vfs_v2/drivers/ext2/mod.rs:3549:8
     |
 557 | impl Ext2FileSystem {
     | ------------------- method in this implementation
...
3549 |     fn free_block(&self, block_number: u32) -> Result<(), FileSystemError> {
     |        ^^^^^^^^^^

warning: struct `MockCharDevice` is never constructed
  --> src/fs/vfs_v2/drivers/ext2/char_device_tests.rs:18:12
   |
18 |     struct MockCharDevice {
   |            ^^^^^^^^^^^^^^

warning: associated function `new` is never used
  --> src/fs/vfs_v2/drivers/ext2/char_device_tests.rs:25:12
   |
24 |     impl MockCharDevice {
   |     ------------------- associated function in this implementation
25 |         fn new(name: &'static str) -> Self {
   |            ^^^

warning: field `content` is never read
   --> src/fs/vfs_v2/drivers/tmpfs/mod.rs:707:5
    |
697 | pub struct TmpNode {
    |            ------- field in this struct
...
707 |     content: IrqRwSpinLock<Vec<u8>>,
    |     ^^^^^^^

warning: method `resolve_symlink_target` is never used
   --> src/fs/vfs_v2/mount_tree.rs:851:8
    |
228 | impl MountTree {
    | -------------- method in this implementation
...
851 |     fn resolve_symlink_target(
    |        ^^^^^^^^^^^^^^^^^^^^^^

warning: field `e_type` is never read
   --> src/lsm/elf.rs:155:5
    |
154 | struct Elf64_Ehdr {
    |        ---------- field in this struct
155 |     e_type: u16,
    |     ^^^^^^
    |
    = note: `Elf64_Ehdr` has derived impls for the traits `Clone` and `Debug`, but these are intentionally ignored during dead code analysis

warning: method `is_object_locked` is never used
   --> src/mem/page_cache.rs:382:8
    |
128 | impl PageCacheManager {
    | --------------------- method in this implementation
...
382 |     fn is_object_locked(&self, id: CacheId) -> bool {
    |        ^^^^^^^^^^^^^^^^

warning: field `entry` is never read
   --> src/network/arp.rs:219:5
    |
217 | struct ArpPendingEntry {
    |        --------------- field in this struct
218 |     /// Cache entry
219 |     entry: ArpCacheEntry,
    |     ^^^^^
    |
    = note: `ArpPendingEntry` has a derived impl for the trait `Debug`, but this is intentionally ignored during dead code analysis

warning: fields `timeout_ticks` and `cache_timeout` are never read
   --> src/network/arp.rs:247:5
    |
241 | pub struct ArpLayer {
    |            -------- fields in this struct
...
247 |     timeout_ticks: u64,
    |     ^^^^^^^^^^^^^
248 |     /// Cache timeout (in ticks)
249 |     cache_timeout: u64,
    |     ^^^^^^^^^^^^^

warning: method `get_all_received` is never used
    --> src/network/protocol_stack.rs:1279:12
     |
1264 |     impl MockTcpLayer {
     |     ----------------- method in this implementation
...
1279 |         fn get_all_received(&self) -> Vec<Vec<u8>> {
     |            ^^^^^^^^^^^^^^^^

warning: methods `send_syn_ack` and `send_fin_ack` are never used
    --> src/network/tcp.rs:1452:8
     |
 440 | impl TcpSocket {
     | -------------- methods in this implementation
...
1452 |     fn send_syn_ack(&self, dest_ip: Ipv4Address, dest_port: u16, their_seq: u32, ack_seq: u32) {
     |        ^^^^^^^^^^^^
...
1526 |     fn send_fin_ack(&self) {
     |        ^^^^^^^^^^^^

warning: constant `NET2_MMIO_ADDR` is never used
  --> src/network/virtio_net_tests.rs:42:7
   |
42 | const NET2_MMIO_ADDR: u64 = VIRTIO_MMIO_BASE + (4 * VIRTIO_MMIO_STRIDE); // 0x10005000
   |       ^^^^^^^^^^^^^^

warning: constant `NET0_MAC` is never used
  --> src/network/virtio_net_tests.rs:45:7
   |
45 | const NET0_MAC: [u8; 6] = [0x52, 0x54, 0x00, 0x12, 0x34, 0x56];
   |       ^^^^^^^^

warning: constant `NET1_MAC` is never used
  --> src/network/virtio_net_tests.rs:46:7
   |
46 | const NET1_MAC: [u8; 6] = [0x52, 0x54, 0x00, 0x12, 0x34, 0x57];
   |       ^^^^^^^^

warning: constant `NET2_MAC` is never used
  --> src/network/virtio_net_tests.rs:47:7
   |
47 | const NET2_MAC: [u8; 6] = [0x52, 0x54, 0x00, 0x12, 0x34, 0x58];
   |       ^^^^^^^^

warning: function `net2_ip` is never used
  --> src/network/virtio_net_tests.rs:56:4
   |
56 | fn net2_ip() -> Ipv4Address {
   |    ^^^^^^^

warning: constant `TEST_TIMEOUT_MS` is never used
  --> src/network/virtio_net_tests.rs:61:7
   |
61 | const TEST_TIMEOUT_MS: u64 = 5000;
   |       ^^^^^^^^^^^^^^^

warning: methods `as_kernel_object`, `as_hypervisor_vm_arc`, and `as_hypervisor_vcpu` are never used
   --> src/object/mod.rs:272:19
    |
248 | impl<'a> KernelObjectRef<'a> {
    | ---------------------------- methods in this implementation
...
272 |     pub(crate) fn as_kernel_object(&self) -> &'a KernelObject {
    |                   ^^^^^^^^^^^^^^^^
...
308 |     pub(crate) fn as_hypervisor_vm_arc(&self) -> Option<&'a hypervisor::VmRef> {
    |                   ^^^^^^^^^^^^^^^^^^^^
...
321 |     pub(crate) fn as_hypervisor_vcpu(&self) -> Option<&'a dyn hypervisor::VcpuObject> {
    |                   ^^^^^^^^^^^^^^^^^^

warning: field `name` is never read
  --> src/object/handle/tests/mock.rs:13:9
   |
12 | pub struct MockFileObject {
   |            -------------- field in this struct
13 |     pub name: String,
   |         ^^^^

warning: associated function `from_data` is never used
  --> src/object/handle/tests/mock.rs:35:12
   |
18 | impl MockFileObject {
   | ------------------- associated function in this implementation
...
35 |     pub fn from_data(data: Vec<u8>) -> Self {
   |            ^^^^^^^^^

warning: associated function `with_data` is never used
   --> src/object/handle/tests/mock.rs:280:12
    |
272 | impl MockPipeObject {
    | ------------------- associated function in this implementation
...
280 |     pub fn with_data(data: &str) -> Self {
    |            ^^^^^^^^^

warning: field `name` is never read
  --> src/object/tests/mock.rs:13:9
   |
12 | pub struct MockFileObject {
   |            -------------- field in this struct
13 |     pub name: String,
   |         ^^^^

warning: associated functions `with_name_and_content` and `from_data` are never used
  --> src/object/tests/mock.rs:27:12
   |
18 | impl MockFileObject {
   | ------------------- associated functions in this implementation
...
27 |     pub fn with_name_and_content(name: &str, content: &str) -> Self {
   |            ^^^^^^^^^^^^^^^^^^^^^
...
35 |     pub fn from_data(data: Vec<u8>) -> Self {
   |            ^^^^^^^^^

warning: struct `MockTaskFileObject` is never constructed
   --> src/object/tests/mock.rs:149:12
    |
149 | pub struct MockTaskFileObject {
    |            ^^^^^^^^^^^^^^^^^^

warning: associated function `new` is never used
   --> src/object/tests/mock.rs:155:12
    |
154 | impl MockTaskFileObject {
    | ----------------------- associated function in this implementation
155 |     pub fn new(data: Vec<u8>) -> Self {
    |            ^^^

warning: struct `MockPipeObject` is never constructed
   --> src/object/tests/mock.rs:267:12
    |
267 | pub struct MockPipeObject {
    |            ^^^^^^^^^^^^^^

warning: associated functions `new` and `with_data` are never used
   --> src/object/tests/mock.rs:273:12
    |
272 | impl MockPipeObject {
    | ------------------- associated functions in this implementation
273 |     pub fn new() -> Self {
    |            ^^^
...
280 |     pub fn with_data(data: &str) -> Self {
    |            ^^^^^^^^^

warning: constant `SLICE_DIAGNOSTIC_NONE` is never used
   --> src/sched/scheduler.rs:260:7
    |
260 | const SLICE_DIAGNOSTIC_NONE: u64 = 0;
    |       ^^^^^^^^^^^^^^^^^^^^^

warning: function `reset_spin_contention_for_test` is never used
   --> src/sync/preempt.rs:628:15
    |
628 | pub(crate) fn reset_spin_contention_for_test() {
    |               ^^^^^^^^^^^^^^^^^^^^^^^^^^^^^^

warning: method `as_mut_ptr` is never used
   --> src/sync/spinlock.rs:113:26
    |
 39 | impl<T> SpinLock<T> {
    | ------------------- method in this implementation
...
113 |     pub(crate) unsafe fn as_mut_ptr(&self) -> *mut T {
    |                          ^^^^^^^^^^

warning: methods `try_deadline_debug_state` and `has_software_timers` are never used
    --> src/task/mod.rs:1289:19
     |
1026 | impl Task {
     | --------- methods in this implementation
...
1289 |     pub(crate) fn try_deadline_debug_state(&self) -> Option<(bool, bool)> {
     |                   ^^^^^^^^^^^^^^^^^^^^^^^^
...
3657 |     pub(crate) fn has_software_timers(&self) -> bool {
     |                   ^^^^^^^^^^^^^^^^^^^

warning: constant `EI_MAG0` is never used
   --> src/task/elf_loader/mod.rs:145:7
    |
145 | const EI_MAG0: usize = 0;
    |       ^^^^^^^

warning: constant `EI_MAG1` is never used
   --> src/task/elf_loader/mod.rs:146:7
    |
146 | const EI_MAG1: usize = 1;
    |       ^^^^^^^

warning: constant `EI_MAG2` is never used
   --> src/task/elf_loader/mod.rs:147:7
    |
147 | const EI_MAG2: usize = 2;
    |       ^^^^^^^

warning: constant `EI_MAG3` is never used
   --> src/task/elf_loader/mod.rs:148:7
    |
148 | const EI_MAG3: usize = 3;
    |       ^^^^^^^

warning: static `TIMER_STALL_SAMPLES` is never used
   --> src/timer.rs:151:8
    |
151 | static TIMER_STALL_SAMPLES: [ReportInterval; MAX_NUM_CPUS] =
    |        ^^^^^^^^^^^^^^^^^^^

warning: constant `TIMER_STALL_SAMPLE_INTERVAL_NS` is never used
   --> src/timer.rs:154:7
    |
154 | const TIMER_STALL_SAMPLE_INTERVAL_NS: u64 = 1_000_000_000;
    |       ^^^^^^^^^^^^^^^^^^^^^^^^^^^^^^

warning: method `publish` is never used
   --> src/timer.rs:255:8
    |
249 | impl ArchTimerDiagnosticSlot {
    | ---------------------------- method in this implementation
...
255 |     fn publish(&self, snapshot: ArchTimerDiagnosticSnapshot) {
    |        ^^^^^^^

warning: function `publish_arch_timer_diagnostic` is never used
   --> src/timer.rs:337:15
    |
337 | pub(crate) fn publish_arch_timer_diagnostic(cpu_id: usize, snapshot: ArchTimerDiagnosticSnapshot) {
    |               ^^^^^^^^^^^^^^^^^^^^^^^^^^^^^

warning: function `should_sample_timer_stalls` is never used
   --> src/timer.rs:343:4
    |
343 | fn should_sample_timer_stalls(cpu_id: usize, now_ns: u64) -> bool {
    |    ^^^^^^^^^^^^^^^^^^^^^^^^^^

warning: function `diagnostic_time_ns` is never used
   --> src/timer.rs:957:15
    |
957 | pub(crate) fn diagnostic_time_ns() -> Option<u64> {
    |               ^^^^^^^^^^^^^^^^^^

warning: function `align_down` is never used
  --> src/vm/mod.rs:54:4
   |
54 | fn align_down(addr: usize, align: usize) -> usize {
   |    ^^^^^^^^^^

warning: function `align_up` is never used
  --> src/vm/mod.rs:58:4
   |
58 | fn align_up(addr: usize, align: usize) -> usize {
   |    ^^^^^^^^

warning: method `slot_index_for_base` is never used
   --> src/vm/mod.rs:551:8
    |
526 | impl KernelKstackAllocator {
    | -------------------------- method in this implementation
...
551 |     fn slot_index_for_base(&self, base: usize) -> Option<usize> {
    |        ^^^^^^^^^^^^^^^^^^^

warning: direct cast of function item into an integer
   --> src/arch/riscv/mod.rs:605:22
    |
605 |     _user_trap_entry as usize
    |                      ^^^^^^^^
    |
    = note: `#[warn(function_casts_as_integer)]` on by default
help: first cast to a pointer `as *const ()`
    |
605 |     _user_trap_entry as *const () as usize
    |                      ++++++++++++

warning: direct cast of function item into an integer
   --> src/arch/riscv/mod.rs:609:35
    |
609 |     trap::user::_guest_trap_entry as usize
    |                                   ^^^^^^^^
    |
help: first cast to a pointer `as *const ()`
    |
609 |     trap::user::_guest_trap_entry as *const () as usize
    |                                   ++++++++++++

warning: direct cast of function item into an integer
   --> src/arch/riscv/mod.rs:613:24
    |
613 |     _kernel_trap_entry as usize
    |                        ^^^^^^^^
    |
help: first cast to a pointer `as *const ()`
    |
613 |     _kernel_trap_entry as *const () as usize
    |                        ++++++++++++

warning: direct cast of function item into an integer
   --> src/arch/riscv/mod.rs:617:30
    |
617 |     arch_kernel_trap_handler as usize
    |                              ^^^^^^^^
    |
help: first cast to a pointer `as *const ()`
    |
617 |     arch_kernel_trap_handler as *const () as usize
    |                              ++++++++++++

warning: direct cast of function item into an integer
   --> src/arch/riscv/mod.rs:621:28
    |
621 |     arch_user_trap_handler as usize
    |                            ^^^^^^^^
    |
help: first cast to a pointer `as *const ()`
    |
621 |     arch_user_trap_handler as *const () as usize
    |                            ++++++++++++

warning: direct cast of function item into an integer
  --> src/arch/riscv/boot/mod.rs:46:50
   |
46 |     riscv.kernel_trap = arch_kernel_trap_handler as usize;
   |                                                  ^^^^^^^^
   |
help: first cast to a pointer `as *const ()`
   |
46 |     riscv.kernel_trap = arch_kernel_trap_handler as *const () as usize;
   |                                                  ++++++++++++

warning: direct cast of function item into an integer
  --> src/arch/riscv/boot/mod.rs:60:36
   |
60 |         in(reg) _kernel_trap_entry as usize,
   |                                    ^^^^^^^^
   |
help: first cast to a pointer `as *const ()`
   |
60 |         in(reg) _kernel_trap_entry as *const () as usize,
   |                                    ++++++++++++

warning: direct cast of function item into an integer
  --> src/arch/riscv/context.rs:45:61
   |
45 |             ra: crate::task::task_initial_kernel_entrypoint as usize,
   |                                                             ^^^^^^^^
   |
help: first cast to a pointer `as *const ()`
   |
45 |             ra: crate::task::task_initial_kernel_entrypoint as *const () as usize,
   |                                                             ++++++++++++

warning: direct cast of function item into an integer
   --> src/arch/riscv/switch.rs:114:39
    |
114 |         assert_eq!(ctx.ra, test_entry as usize);
    |                                       ^^^^^^^^
    |
help: first cast to a pointer `as *const ()`
    |
114 |         assert_eq!(ctx.ra, test_entry as *const () as usize);
    |                                       ++++++++++++

warning: transmuting an integer to a pointer creates a pointer without provenance
   --> src/arch/riscv/trap/kernel.rs:116:46
    |
116 |     let trapframe: &mut Trapframe = unsafe { transmute(addr) };
    |                                              ^^^^^^^^^^^^^^^
    |
    = note: this is dangerous because dereferencing the resulting pointer is undefined behavior
    = note: exposed provenance semantics can be used to create a pointer based on some previously exposed provenance
    = help: if you truly mean to create a pointer without provenance, use `std::ptr::without_provenance_mut`
    = help: for more information about transmute, see <https://doc.rust-lang.org/std/mem/fn.transmute.html#transmutation-between-pointers-and-integers>
    = help: for more information about exposed provenance, see <https://doc.rust-lang.org/std/ptr/index.html#exposed-provenance>
    = note: `#[warn(integer_to_ptr_transmutes)]` on by default
help: use `std::ptr::with_exposed_provenance_mut` instead to use a previously exposed provenance
    |
116 -     let trapframe: &mut Trapframe = unsafe { transmute(addr) };
116 +     let trapframe: &mut Trapframe = unsafe { &mut *std::ptr::with_exposed_provenance_mut::<arch::riscv::Trapframe>(addr) };
    |

warning: transmuting an integer to a pointer creates a pointer without provenance
   --> src/arch/riscv/trap/user.rs:390:46
    |
390 |     let trapframe: &mut Trapframe = unsafe { transmute(addr) };
    |                                              ^^^^^^^^^^^^^^^
    |
    = note: this is dangerous because dereferencing the resulting pointer is undefined behavior
    = note: exposed provenance semantics can be used to create a pointer based on some previously exposed provenance
    = help: if you truly mean to create a pointer without provenance, use `std::ptr::without_provenance_mut`
    = help: for more information about transmute, see <https://doc.rust-lang.org/std/mem/fn.transmute.html#transmutation-between-pointers-and-integers>
    = help: for more information about exposed provenance, see <https://doc.rust-lang.org/std/ptr/index.html#exposed-provenance>
help: use `std::ptr::with_exposed_provenance_mut` instead to use a previously exposed provenance
    |
390 -     let trapframe: &mut Trapframe = unsafe { transmute(addr) };
390 +     let trapframe: &mut Trapframe = unsafe { &mut *std::ptr::with_exposed_provenance_mut::<arch::riscv::Trapframe>(addr) };
    |

warning: comparison is useless due to type limits
    --> src/network/udp.rs:1178:35
     |
1178 |         assert!(port1 >= 49152 && port1 <= 65535);
     |                                   ^^^^^^^^^^^^^^
     |
     = note: `#[warn(unused_comparisons)]` on by default

warning: comparison is useless due to type limits
    --> src/network/udp.rs:1179:35
     |
1179 |         assert!(port2 >= 49152 && port2 <= 65535);
     |                                   ^^^^^^^^^^^^^^

For more information about this error, try `rustc --explain E0133`.
warning: `scarlet` (lib test) generated 384 warnings (run `cargo fix --lib -p scarlet --tests` to apply 193 suggestions)
    Finished `release` profile [optimized] target(s) in 14.75s
