SCARLET_BACKEND get enter
SCARLET_BACKEND load init enter
SCARLET_BACKEND factory enter
SCARLET_BACKEND factory exit
SCARLET_BACKEND get enter
SCARLET_BACKEND load init enter
SCARLET_BACKEND factory enter
SCARLET_BACKEND factory exit
SCARLET_BACKEND get enter
SCARLET_BACKEND load init enter
SCARLET_BACKEND factory enter
SCARLET_BACKEND factory exit
SCARLET_BACKEND get enter
SCARLET_BACKEND load init enter
SCARLET_BACKEND factory enter
SCARLET_BACKEND factory exit
SCARLET_BACKEND get enter
SCARLET_BACKEND load init enter
SCARLET_BACKEND factory enter
SCARLET_BACKEND factory exit
SCARLET_BACKEND get enter
SCARLET_BACKEND load init enter
SCARLET_BACKEND factory enter
SCARLET_BACKEND factory exit
SCARLET_BACKEND get enter
SCARLET_BACKEND load init enter
SCARLET_BACKEND factory enter
SCARLET_BACKEND factory exit
SCARLET_BACKEND get enter
SCARLET_BACKEND load init enter
SCARLET_BACKEND factory enter
SCARLET_BACKEND factory exit
SCARLET_BACKEND get enter
SCARLET_BACKEND load init enter
SCARLET_BACKEND factory enter
SCARLET_BACKEND factory exit
SCARLET_BACKEND get enter
SCARLET_BACKEND load init enter
SCARLET_BACKEND factory enter
SCARLET_BACKEND factory exit
SCARLET_BACKEND get enter
SCARLET_BACKEND load init enter
SCARLET_BACKEND factory enter
SCARLET_BACKEND factory exit
SCARLET_BACKEND get enter
SCARLET_BACKEND load init enter
SCARLET_BACKEND factory enter
SCARLET_BACKEND factory exit
SCARLET_BACKEND get enter
SCARLET_BACKEND load init enter
SCARLET_BACKEND factory enter
SCARLET_BACKEND factory exit
SCARLET_BACKEND get enter
SCARLET_BACKEND load init enter
SCARLET_BACKEND factory enter
SCARLET_BACKEND factory exit
SCARLET_BACKEND get enter
SCARLET_BACKEND load init enter
SCARLET_BACKEND factory enter
SCARLET_BACKEND factory exit
SCARLET_BACKEND get enter
SCARLET_BACKEND load init enter
SCARLET_BACKEND factory enter
SCARLET_BACKEND factory exit
SCARLET_BACKEND get enter
SCARLET_BACKEND load init enter
SCARLET_BACKEND factory enter
SCARLET_BACKEND factory exit
SCARLET_BACKEND get enter
SCARLET_BACKEND load init enter
SCARLET_BACKEND factory enter
SCARLET_BACKEND factory exit
SCARLET_BACKEND get enter
SCARLET_BACKEND load init enter
SCARLET_BACKEND factory enter
SCARLET_BACKEND factory exit
SCARLET_BACKEND get enter
SCARLET_BACKEND load init enter
SCARLET_BACKEND factory enter
SCARLET_BACKEND factory exit
SCARLET_BACKEND get enter
SCARLET_BACKEND load init enter
SCARLET_BACKEND factory enter
SCARLET_BACKEND factory exit
SCARLET_BACKEND get enter
SCARLET_BACKEND load init enter
SCARLET_BACKEND factory enter
SCARLET_BACKEND factory exit
SCARLET_BACKEND get enter
SCARLET_BACKEND load init enter
SCARLET_BACKEND factory enter
SCARLET_BACKEND factory exit
SCARLET_BACKEND get enter
SCARLET_BACKEND load init enter
SCARLET_BACKEND factory enter
SCARLET_BACKEND factory exit
SCARLET_BACKEND get enter
SCARLET_BACKEND load init enter
SCARLET_BACKEND factory enter
SCARLET_BACKEND factory exit
SCARLET_BACKEND get enter
SCARLET_BACKEND load init enter
SCARLET_BACKEND factory enter
SCARLET_BACKEND factory exit
SCARLET_BACKEND get enter
SCARLET_BACKEND load init enter
SCARLET_BACKEND factory enter
SCARLET_BACKEND factory exit
SCARLET_BACKEND get enter
SCARLET_BACKEND load init enter
SCARLET_BACKEND factory enter
SCARLET_BACKEND factory exit
SCARLET_BACKEND get enter
SCARLET_BACKEND load init enter
SCARLET_BACKEND factory enter
SCARLET_BACKEND factory exit
SCARLET_BACKEND get enter
SCARLET_BACKEND load init enter
SCARLET_BACKEND factory enter
SCARLET_BACKEND factory exit
SCARLET_BACKEND get enter
SCARLET_BACKEND load init enter
SCARLET_BACKEND factory enter
SCARLET_BACKEND factory exit
SCARLET_BACKEND get enter
SCARLET_BACKEND load init enter
SCARLET_BACKEND factory enter
SCARLET_BACKEND factory exit
SCARLET_BACKEND get enter
SCARLET_BACKEND load init enter
SCARLET_BACKEND factory enter
SCARLET_BACKEND factory exit
SCARLET_BACKEND get enter
SCARLET_BACKEND load init enter
SCARLET_BACKEND factory enter
SCARLET_BACKEND factory exit
SCARLET_BACKEND get enter
SCARLET_BACKEND load init enter
SCARLET_BACKEND factory enter
SCARLET_BACKEND factory exit
SCARLET_BACKEND get enter
SCARLET_BACKEND load init enter
SCARLET_BACKEND factory enter
SCARLET_BACKEND factory exit
SCARLET_BACKEND get enter
SCARLET_BACKEND load init enter
SCARLET_BACKEND factory enter
SCARLET_BACKEND factory exit
SCARLET_BACKEND get enter
SCARLET_BACKEND load init enter
SCARLET_BACKEND factory enter
SCARLET_BACKEND factory exit
SCARLET_BACKEND get enter
SCARLET_BACKEND load init enter
SCARLET_BACKEND factory enter
SCARLET_BACKEND factory exit
SCARLET_BACKEND get enter
SCARLET_BACKEND load init enter
SCARLET_BACKEND factory enter
SCARLET_BACKEND factory exit
SCARLET_BACKEND get enter
SCARLET_BACKEND load init enter
SCARLET_BACKEND factory enter
SCARLET_BACKEND factory exit
SCARLET_BACKEND get enter
SCARLET_BACKEND load init enter
SCARLET_BACKEND factory enter
SCARLET_BACKEND factory exit
SCARLET_BACKEND get enter
SCARLET_BACKEND load init enter
SCARLET_BACKEND factory enter
SCARLET_BACKEND factory exit
SCARLET_BACKEND get enter
SCARLET_BACKEND load init enter
SCARLET_BACKEND factory enter
SCARLET_BACKEND factory exit
SCARLET_BACKEND get enter
SCARLET_BACKEND load init enter
SCARLET_BACKEND factory enter
SCARLET_BACKEND factory exit
SCARLET_BACKEND get enter
SCARLET_BACKEND load init enter
SCARLET_BACKEND factory enter
SCARLET_BACKEND factory exit
SCARLET_BACKEND get enter
SCARLET_BACKEND load init enter
SCARLET_BACKEND factory enter
SCARLET_BACKEND factory exit
SCARLET_BACKEND get enter
SCARLET_BACKEND load init enter
SCARLET_BACKEND factory enter
SCARLET_BACKEND factory exit
SCARLET_BACKEND get enter
SCARLET_BACKEND load init enter
SCARLET_BACKEND factory enter
SCARLET_BACKEND factory exit
SCARLET_BACKEND get enter
SCARLET_BACKEND load init enter
SCARLET_BACKEND factory enter
SCARLET_BACKEND factory exit
SCARLET_BACKEND get enter
SCARLET_BACKEND load init enter
SCARLET_BACKEND factory enter
SCARLET_BACKEND factory exit
SCARLET_BACKEND get enter
SCARLET_BACKEND load init enter
SCARLET_BACKEND factory enter
SCARLET_BACKEND factory exit
SCARLET_BACKEND get enter
SCARLET_BACKEND load init enter
SCARLET_BACKEND factory enter
SCARLET_BACKEND factory exit
SCARLET_BACKEND get enter
SCARLET_BACKEND load init enter
SCARLET_BACKEND factory enter
SCARLET_BACKEND factory exit
SCARLET_BACKEND get enter
SCARLET_BACKEND load init enter
SCARLET_BACKEND factory enter
SCARLET_BACKEND factory exit
SCARLET_BACKEND get enter
SCARLET_BACKEND load init enter
SCARLET_BACKEND factory enter
SCARLET_BACKEND factory exit
SCARLET_BACKEND get enter
SCARLET_BACKEND load init enter
SCARLET_BACKEND factory enter
SCARLET_BACKEND factory exit
SCARLET_BACKEND get enter
SCARLET_BACKEND load init enter
SCARLET_BACKEND factory enter
SCARLET_BACKEND factory exit
SCARLET_BACKEND get enter
SCARLET_BACKEND load init enter
SCARLET_BACKEND factory enter
SCARLET_BACKEND factory exit
SCARLET_BACKEND get enter
SCARLET_BACKEND load init enter
SCARLET_BACKEND factory enter
SCARLET_BACKEND factory exit
SCARLET_BACKEND get enter
SCARLET_BACKEND load init enter
SCARLET_BACKEND factory enter
SCARLET_BACKEND factory exit
SCARLET_BACKEND get enter
SCARLET_BACKEND load init enter
SCARLET_BACKEND factory enter
SCARLET_BACKEND factory exit
SCARLET_BACKEND get enter
SCARLET_BACKEND load init enter
SCARLET_BACKEND factory enter
SCARLET_BACKEND factory exit
SCARLET_BACKEND get enter
SCARLET_BACKEND load init enter
SCARLET_BACKEND factory enter
SCARLET_BACKEND factory exit
SCARLET_BACKEND get enter
SCARLET_BACKEND load init enter
SCARLET_BACKEND factory enter
SCARLET_BACKEND factory exit
SCARLET_BACKEND get enter
SCARLET_BACKEND load init enter
SCARLET_BACKEND factory enter
SCARLET_BACKEND factory exit
SCARLET_BACKEND get enter
SCARLET_BACKEND load init enter
SCARLET_BACKEND factory enter
SCARLET_BACKEND factory exit
SCARLET_BACKEND get enter
SCARLET_BACKEND load init enter
SCARLET_BACKEND factory enter
SCARLET_BACKEND factory exit
SCARLET_BACKEND get enter
SCARLET_BACKEND load init enter
SCARLET_BACKEND factory enter
SCARLET_BACKEND factory exit
SCARLET_BACKEND get enter
SCARLET_BACKEND load init enter
SCARLET_BACKEND factory enter
SCARLET_BACKEND factory exit
SCARLET_BACKEND get enter
SCARLET_BACKEND load init enter
SCARLET_BACKEND factory enter
SCARLET_BACKEND factory exit
SCARLET_BACKEND get enter
SCARLET_BACKEND load init enter
SCARLET_BACKEND factory enter
SCARLET_BACKEND factory exit
SCARLET_BACKEND get enter
SCARLET_BACKEND load init enter
SCARLET_BACKEND factory enter
SCARLET_BACKEND factory exit
SCARLET_BACKEND get enter
SCARLET_BACKEND load init enter
SCARLET_BACKEND factory enter
SCARLET_BACKEND factory exit
SCARLET_BACKEND get enter
SCARLET_BACKEND load init enter
SCARLET_BACKEND factory enter
SCARLET_BACKEND factory exit
SCARLET_BACKEND get enter
SCARLET_BACKEND load init enter
SCARLET_BACKEND factory enter
SCARLET_BACKEND factory exit
SCARLET_BACKEND get enter
SCARLET_BACKEND load init enter
SCARLET_BACKEND factory enter
SCARLET_BACKEND factory exit
SCARLET_BACKEND get enter
SCARLET_BACKEND load init enter
SCARLET_BACKEND factory enter
SCARLET_BACKEND factory exit
SCARLET_BACKEND get enter
SCARLET_BACKEND load init enter
SCARLET_BACKEND factory enter
SCARLET_BACKEND factory exit
SCARLET_BACKEND get enter
SCARLET_BACKEND load init enter
SCARLET_BACKEND factory enter
SCARLET_BACKEND factory exit
    Checking gix-date v0.10.7
SCARLET_BACKEND get enter
SCARLET_BACKEND load init enter
SCARLET_BACKEND factory enter
SCARLET_BACKEND factory exit
SCARLET_BACKEND get enter
SCARLET_BACKEND load init enter
SCARLET_BACKEND factory enter
SCARLET_BACKEND factory exit
SCARLET_BACKEND get enter
SCARLET_BACKEND load init enter
SCARLET_BACKEND factory enter
SCARLET_BACKEND factory exit
SCARLET_BACKEND get enter
SCARLET_BACKEND load init enter
SCARLET_BACKEND factory enter
SCARLET_BACKEND factory exit
SCARLET_BACKEND get enter
SCARLET_BACKEND load init enter
SCARLET_BACKEND factory enter
SCARLET_BACKEND factory exit
SCARLET_BACKEND get enter
SCARLET_BACKEND load init enter
SCARLET_BACKEND factory enter
SCARLET_BACKEND factory exit
SCARLET_BACKEND get enter
SCARLET_BACKEND load init enter
SCARLET_BACKEND factory enter
SCARLET_BACKEND factory exit
SCARLET_BACKEND get enter
SCARLET_BACKEND load init enter
SCARLET_BACKEND factory enter
SCARLET_BACKEND factory exit
SCARLET_BACKEND get enter
SCARLET_BACKEND load init enter
SCARLET_BACKEND factory enter
SCARLET_BACKEND factory exit
SCARLET_BACKEND get enter
SCARLET_BACKEND load init enter
SCARLET_BACKEND factory enter
SCARLET_BACKEND factory exit
SCARLET_BACKEND get enter
SCARLET_BACKEND load init enter
SCARLET_BACKEND factory enter
SCARLET_BACKEND factory exit
SCARLET_BACKEND get enter
SCARLET_BACKEND load init enter
SCARLET_BACKEND factory enter
SCARLET_BACKEND factory exit
SCARLET_BACKEND get enter
SCARLET_BACKEND load init enter
SCARLET_BACKEND factory enter
SCARLET_BACKEND factory exit
   Compiling libz-sys v1.1.23
    Checking gix-fs v0.17.0
    Checking gix-chunk v0.4.12
SCARLET_BACKEND get enter
SCARLET_BACKEND get enter
SCARLET_BACKEND get enter
SCARLET_BACKEND load init enter
SCARLET_BACKEND load init enter
SCARLET_BACKEND load init enter
SCARLET_BACKEND factory enter
SCARLET_BACKEND factory enter
SCARLET_BACKEND factory enter
SCARLET_BACKEND factory exit
SCARLET_BACKEND factory exit
SCARLET_BACKEND factory exit
error[E0433]: failed to resolve: could not find `unix` in `os`
 --> /Users/petitstrawberry/.cargo/registry/src/index.crates.io-1949cf8c6b5b557f/gix-fs-0.17.0/src/symlink.rs:8:14
  |
8 |     std::os::unix::fs::symlink(original, link)
  |              ^^^^ could not find `unix` in `os`
  |
note: found an item that was configured out
 --> library/std/src/os/mod.rs:30:4
  |
  = note: the item is gated here
note: found an item that was configured out
 --> library/std/src/os/mod.rs:91:40
  |
  = note: the item is gated here

error[E0599]: no function or associated item named `default` found for struct `Capabilities` in the current scope
  --> /Users/petitstrawberry/.cargo/registry/src/index.crates.io-1949cf8c6b5b557f/gix-fs-0.17.0/src/capabilities.rs:49:33
   |
49 |         let ctx = Capabilities::default();
   |                                 ^^^^^^^ function or associated item not found in `Capabilities`
   |
  ::: /Users/petitstrawberry/.cargo/registry/src/index.crates.io-1949cf8c6b5b557f/gix-fs-0.17.0/src/lib.rs:10:1
   |
10 | pub struct Capabilities {
   | ----------------------- function or associated item `default` not found for this struct
   |
note: if you're trying to build a new `Capabilities`, consider using `capabilities::<impl Capabilities>::probe` which returns `Capabilities`
  --> /Users/petitstrawberry/.cargo/registry/src/index.crates.io-1949cf8c6b5b557f/gix-fs-0.17.0/src/capabilities.rs:48:5
   |
48 |     pub fn probe(git_dir: &Path) -> Self {
   |     ^^^^^^^^^^^^^^^^^^^^^^^^^^^^^^^^^^^^
   = help: items from traits can only be used if the trait is implemented and in scope
   = note: the following traits define an item `default`, perhaps you need to implement one of them:
           candidate #1: `Default`
           candidate #2: `tinyvec::array::Array`

    Checking gix-quote v0.6.1
SCARLET_BACKEND get enter
SCARLET_BACKEND load init enter
SCARLET_BACKEND factory enter
SCARLET_BACKEND factory exit
Some errors have detailed explanations: E0433, E0599.
For more information about an error, try `rustc --explain E0433`.
    Checking gix-actor v0.35.6
error: could not compile `gix-fs` (lib) due to 2 previous errors
warning: build failed, waiting for other jobs to finish...
   Compiling zerovec-derive v0.11.2
SCARLET_BACKEND get enter
SCARLET_BACKEND load init enter
SCARLET_BACKEND factory enter
SCARLET_BACKEND factory exit
SCARLET_BACKEND get enter
SCARLET_BACKEND load init enter
SCARLET_BACKEND factory enter
SCARLET_BACKEND factory exit
   Compiling displaydoc v0.2.5
SCARLET_BACKEND get enter
SCARLET_BACKEND load init enter
SCARLET_BACKEND factory enter
SCARLET_BACKEND factory exit
    Checking gix-object v0.51.1
SCARLET_BACKEND get enter
SCARLET_BACKEND load init enter
SCARLET_BACKEND factory enter
SCARLET_BACKEND factory exit
    Checking gix-commitgraph v0.30.1
SCARLET_BACKEND get enter
SCARLET_BACKEND load init enter
SCARLET_BACKEND factory enter
SCARLET_BACKEND factory exit
    Checking zerovec v0.11.5
SCARLET_BACKEND get enter
SCARLET_BACKEND load init enter
SCARLET_BACKEND factory enter
SCARLET_BACKEND factory exit
   Compiling libnghttp2-sys v0.1.11+1.64.0
SCARLET_BACKEND get enter
SCARLET_BACKEND load init enter
SCARLET_BACKEND factory enter
SCARLET_BACKEND factory exit
    Checking gix-revwalk v0.22.0
SCARLET_BACKEND get enter
SCARLET_BACKEND load init enter
SCARLET_BACKEND factory enter
SCARLET_BACKEND factory exit
    Checking getrandom v0.2.16
   Compiling serde v1.0.228
SCARLET_BACKEND get enter
SCARLET_BACKEND load init enter
SCARLET_BACKEND factory enter
SCARLET_BACKEND factory exit
error: target is not supported, for more information see: https://docs.rs/getrandom/#unsupported-targets
   --> /Users/petitstrawberry/.cargo/registry/src/index.crates.io-1949cf8c6b5b557f/getrandom-0.2.16/src/lib.rs:351:9
    |
351 | /         compile_error!("target is not supported, for more information see: \
352 | |                         https://docs.rs/getrandom/#unsupported-targets");
    | |________________________________________________________________________^

SCARLET_BACKEND get enter
SCARLET_BACKEND load init enter
SCARLET_BACKEND factory enter
SCARLET_BACKEND factory exit
error[E0433]: failed to resolve: use of unresolved module or unlinked crate `imp`
   --> /Users/petitstrawberry/.cargo/registry/src/index.crates.io-1949cf8c6b5b557f/getrandom-0.2.16/src/lib.rs:402:9
    |
402 |         imp::getrandom_inner(dest)?;
    |         ^^^ use of unresolved module or unlinked crate `imp`
    |
    = help: if you wanted to use a crate named `imp`, use `cargo add imp` to add it to your `Cargo.toml`

For more information about this error, try `rustc --explain E0433`.
error: could not compile `getrandom` (lib) due to 2 previous errors
    Checking percent-encoding v2.3.2
SCARLET_BACKEND get enter
SCARLET_BACKEND load init enter
SCARLET_BACKEND factory enter
SCARLET_BACKEND factory exit
    Checking tinystr v0.8.2
SCARLET_BACKEND get enter
SCARLET_BACKEND load init enter
SCARLET_BACKEND factory enter
SCARLET_BACKEND factory exit
    Checking gix-config-value v0.15.3
SCARLET_BACKEND get enter
SCARLET_BACKEND load init enter
SCARLET_BACKEND factory enter
SCARLET_BACKEND factory exit
error[E0433]: failed to resolve: could not find `unix` in `os`
  --> /Users/petitstrawberry/.cargo/registry/src/index.crates.io-1949cf8c6b5b557f/gix-config-value-0.15.3/src/path.rs:70:30
   |
70 |                 use std::os::unix::ffi::OsStrExt;
   |                              ^^^^ could not find `unix` in `os`
   |
note: found an item that was configured out
  --> library/std/src/os/mod.rs:30:4
   |
   = note: the item is gated here
note: found an item that was configured out
  --> library/std/src/os/mod.rs:91:40
   |
   = note: the item is gated here

error[E0425]: cannot find function `getpwnam` in crate `libc`
  --> /Users/petitstrawberry/.cargo/registry/src/index.crates.io-1949cf8c6b5b557f/gix-config-value-0.15.3/src/path.rs:66:38
   |
66 |             let pwd = unsafe { libc::getpwnam(cname.as_ptr()) };
   |                                      ^^^^^^^^ not found in `libc`

    Checking gix-glob v0.22.1
SCARLET_BACKEND get enter
SCARLET_BACKEND load init enter
SCARLET_BACKEND factory enter
SCARLET_BACKEND factory exit
error[E0599]: no function or associated item named `from_bytes` found for struct `OsStr` in the current scope
  --> /Users/petitstrawberry/.cargo/registry/src/index.crates.io-1949cf8c6b5b557f/gix-config-value-0.15.3/src/path.rs:75:39
   |
75 |                 Some(std::ffi::OsStr::from_bytes(cstr.to_bytes()).into())
   |                                       ^^^^^^^^^^ function or associated item not found in `OsStr`

Some errors have detailed explanations: E0425, E0433, E0599.
For more information about an error, try `rustc --explain E0425`.
error: could not compile `gix-config-value` (lib) due to 3 previous errors
   Compiling serde_derive v1.0.228
SCARLET_BACKEND get enter
SCARLET_BACKEND load init enter
SCARLET_BACKEND factory enter
SCARLET_BACKEND factory exit
    Checking writeable v0.6.2
SCARLET_BACKEND get enter
SCARLET_BACKEND load init enter
SCARLET_BACKEND factory enter
SCARLET_BACKEND factory exit
    Checking litemap v0.8.1
SCARLET_BACKEND get enter
SCARLET_BACKEND load init enter
SCARLET_BACKEND factory enter
SCARLET_BACKEND factory exit
    Checking unicode-bom v2.0.3
SCARLET_BACKEND get enter
SCARLET_BACKEND load init enter
SCARLET_BACKEND factory enter
SCARLET_BACKEND factory exit
    Checking icu_locale_core v2.1.1
SCARLET_BACKEND get enter
SCARLET_BACKEND load init enter
SCARLET_BACKEND factory enter
SCARLET_BACKEND factory exit
    Checking potential_utf v0.1.4
SCARLET_BACKEND get enter
SCARLET_BACKEND load init enter
SCARLET_BACKEND factory enter
SCARLET_BACKEND factory exit
    Checking zerotrie v0.2.3
SCARLET_BACKEND get enter
SCARLET_BACKEND load init enter
SCARLET_BACKEND factory enter
SCARLET_BACKEND factory exit
   Compiling curl-sys v0.4.83+curl-8.15.0
SCARLET_BACKEND get enter
SCARLET_BACKEND load init enter
SCARLET_BACKEND factory enter
SCARLET_BACKEND factory exit
SCARLET_BACKEND get enter
SCARLET_BACKEND load init enter
SCARLET_BACKEND factory enter
SCARLET_BACKEND factory exit
error[E0425]: cannot find type `off_t` in crate `libc`
  --> /Users/petitstrawberry/.cargo/registry/src/index.crates.io-1949cf8c6b5b557f/libz-sys-1.1.23/src/lib.rs:51:26
   |
51 | pub type z_off_t = libc::off_t;
   |                          ^^^^^ not found in `libc`

For more information about this error, try `rustc --explain E0425`.
warning: libz-sys@1.1.23: Could not find zlib include paths via pkg-config: pkg-config has not been configured to support cross-compilation.
error: could not compile `libz-sys` (lib) due to 1 previous error
   Compiling icu_normalizer_data v2.1.1
SCARLET_BACKEND get enter
SCARLET_BACKEND load init enter
SCARLET_BACKEND factory enter
SCARLET_BACKEND factory exit
    Checking static_assertions v1.1.0
SCARLET_BACKEND get enter
SCARLET_BACKEND load init enter
SCARLET_BACKEND factory enter
SCARLET_BACKEND factory exit
    Checking base64ct v1.8.0
SCARLET_BACKEND get enter
SCARLET_BACKEND load init enter
SCARLET_BACKEND factory enter
SCARLET_BACKEND factory exit
   Compiling icu_properties_data v2.1.1
SCARLET_BACKEND get enter
SCARLET_BACKEND load init enter
SCARLET_BACKEND factory enter
SCARLET_BACKEND factory exit
    Checking kstring v2.0.2
SCARLET_BACKEND get enter
SCARLET_BACKEND load init enter
SCARLET_BACKEND factory enter
SCARLET_BACKEND factory exit
    Checking pem-rfc7468 v0.7.0
SCARLET_BACKEND get enter
SCARLET_BACKEND load init enter
SCARLET_BACKEND factory enter
SCARLET_BACKEND factory exit
    Checking icu_provider v2.1.1
    Checking icu_collections v2.1.1
SCARLET_BACKEND get enter
SCARLET_BACKEND load init enter
SCARLET_BACKEND factory enter
SCARLET_BACKEND factory exit
SCARLET_BACKEND get enter
SCARLET_BACKEND load init enter
SCARLET_BACKEND factory enter
SCARLET_BACKEND factory exit
    Checking gix-sec v0.12.2
SCARLET_BACKEND get enter
SCARLET_BACKEND load init enter
SCARLET_BACKEND factory enter
SCARLET_BACKEND factory exit
error[E0433]: failed to resolve: could not find `unix` in `os`
  --> /Users/petitstrawberry/.cargo/registry/src/index.crates.io-1949cf8c6b5b557f/gix-sec-0.12.2/src/identity.rs:36:26
   |
36 |             use std::os::unix::fs::MetadataExt;
   |                          ^^^^ could not find `unix` in `os`
   |
note: found an item that was configured out
  --> library/std/src/os/mod.rs:30:4
   |
   = note: the item is gated here
note: found an item that was configured out
  --> library/std/src/os/mod.rs:91:40
   |
   = note: the item is gated here

error[E0425]: cannot find function `geteuid` in crate `libc`
  --> /Users/petitstrawberry/.cargo/registry/src/index.crates.io-1949cf8c6b5b557f/gix-sec-0.12.2/src/identity.rs:44:38
   |
44 |             let uid = unsafe { libc::geteuid() };
   |                                      ^^^^^^^ not found in `libc`

error[E0599]: no method named `uid` found for struct `Metadata` in the current scope
  --> /Users/petitstrawberry/.cargo/registry/src/index.crates.io-1949cf8c6b5b557f/gix-sec-0.12.2/src/identity.rs:38:21
   |
38 |             Ok(meta.uid())
   |                     ^^^ method not found in `Metadata`

    Checking log v0.4.28
error: could not compile `gix-sec` (lib) due to 3 previous errors
    Checking shell-words v1.1.0
SCARLET_BACKEND get enter
SCARLET_BACKEND load init enter
SCARLET_BACKEND factory enter
SCARLET_BACKEND factory exit
SCARLET_BACKEND get enter
SCARLET_BACKEND load init enter
SCARLET_BACKEND factory enter
SCARLET_BACKEND factory exit
    Checking gix-command v0.6.3
SCARLET_BACKEND get enter
SCARLET_BACKEND load init enter
SCARLET_BACKEND factory enter
SCARLET_BACKEND factory exit
    Checking der v0.7.10
SCARLET_BACKEND get enter
SCARLET_BACKEND load init enter
SCARLET_BACKEND factory enter
SCARLET_BACKEND factory exit
SCARLET_BACKEND get enter
SCARLET_BACKEND load init enter
SCARLET_BACKEND factory enter
SCARLET_BACKEND factory exit
    Checking gix-attributes v0.28.1
SCARLET_BACKEND get enter
SCARLET_BACKEND load init enter
SCARLET_BACKEND factory enter
SCARLET_BACKEND factory exit
SCARLET_BACKEND get enter
SCARLET_BACKEND load init enter
SCARLET_BACKEND factory enter
SCARLET_BACKEND factory exit
SCARLET_BACKEND get enter
SCARLET_BACKEND load init enter
SCARLET_BACKEND factory enter
SCARLET_BACKEND factory exit
    Checking filetime v0.2.26
SCARLET_BACKEND get enter
SCARLET_BACKEND load init enter
SCARLET_BACKEND factory enter
SCARLET_BACKEND factory exit
error[E0433]: failed to resolve: could not find `unix` in `os`
 --> /Users/petitstrawberry/.cargo/registry/src/index.crates.io-1949cf8c6b5b557f/filetime-0.2.26/src/unix/mod.rs:4:14
  |
4 | use std::os::unix::prelude::*;
  |              ^^^^ could not find `unix` in `os`
  |
note: found an item that was configured out
 --> library/std/src/os/mod.rs:30:4
  |
  = note: the item is gated here
note: found an item that was configured out
 --> library/std/src/os/mod.rs:91:40
  |
  = note: the item is gated here

error[E0433]: failed to resolve: could not find `unix` in `os`
 --> /Users/petitstrawberry/.cargo/registry/src/index.crates.io-1949cf8c6b5b557f/filetime-0.2.26/src/unix/utimes.rs:5:14
  |
5 | use std::os::unix::prelude::*;
  |              ^^^^ could not find `unix` in `os`
  |
note: found an item that was configured out
 --> library/std/src/os/mod.rs:30:4
  |
  = note: the item is gated here
note: found an item that was configured out
 --> library/std/src/os/mod.rs:91:40
  |
  = note: the item is gated here

error[E0432]: unresolved import `libc`
 --> /Users/petitstrawberry/.cargo/registry/src/index.crates.io-1949cf8c6b5b557f/filetime-0.2.26/src/unix/mod.rs:2:5
  |
2 | use libc::{time_t, timespec};
  |     ^^^^ use of unresolved module or unlinked crate `libc`
  |
  = help: if you wanted to use a crate named `libc`, use `cargo add libc` to add it to your `Cargo.toml`

error[E0433]: failed to resolve: use of unresolved module or unlinked crate `libc`
  --> /Users/petitstrawberry/.cargo/registry/src/index.crates.io-1949cf8c6b5b557f/filetime-0.2.26/src/unix/utimes.rs:35:23
   |
35 |     let rc = unsafe { libc::futimes(f.as_raw_fd(), times.as_ptr()) };
   |                       ^^^^ use of unresolved module or unlinked crate `libc`
   |
   = help: if you wanted to use a crate named `libc`, use `cargo add libc` to add it to your `Cargo.toml`

error[E0599]: no method named `as_raw_fd` found for reference `&File` in the current scope
  --> /Users/petitstrawberry/.cargo/registry/src/index.crates.io-1949cf8c6b5b557f/filetime-0.2.26/src/unix/utimes.rs:35:39
   |
35 |     let rc = unsafe { libc::futimes(f.as_raw_fd(), times.as_ptr()) };
   |                                       ^^^^^^^^^
   |
   = help: items from traits can only be used if the trait is in scope
help: trait `AsRawFd` which provides `as_raw_fd` is implemented but not in scope; perhaps you want to import it
   |
 1 + use std::os::fd::AsRawFd;
   |
help: there is a method `as_fd` with a similar name
   |
35 -     let rc = unsafe { libc::futimes(f.as_raw_fd(), times.as_ptr()) };
35 +     let rc = unsafe { libc::futimes(f.as_fd(), times.as_ptr()) };
   |

error[E0599]: no method named `as_bytes` found for reference `&OsStr` in the current scope
  --> /Users/petitstrawberry/.cargo/registry/src/index.crates.io-1949cf8c6b5b557f/filetime-0.2.26/src/unix/utimes.rs:98:40
   |
98 |     let p = CString::new(p.as_os_str().as_bytes())?;
   |                                        ^^^^^^^^
   |
help: there is a method `as_encoded_bytes` with a similar name
   |
98 |     let p = CString::new(p.as_os_str().as_encoded_bytes())?;
   |                                           ++++++++

error[E0433]: failed to resolve: use of unresolved module or unlinked crate `libc`
   --> /Users/petitstrawberry/.cargo/registry/src/index.crates.io-1949cf8c6b5b557f/filetime-0.2.26/src/unix/utimes.rs:102:13
    |
102 |             libc::lutimes(p.as_ptr(), times.as_ptr())
    |             ^^^^ use of unresolved module or unlinked crate `libc`
    |
    = help: if you wanted to use a crate named `libc`, use `cargo add libc` to add it to your `Cargo.toml`

error[E0433]: failed to resolve: use of unresolved module or unlinked crate `libc`
   --> /Users/petitstrawberry/.cargo/registry/src/index.crates.io-1949cf8c6b5b557f/filetime-0.2.26/src/unix/utimes.rs:104:13
    |
104 |             libc::utimes(p.as_ptr(), times.as_ptr())
    |             ^^^^ use of unresolved module or unlinked crate `libc`
    |
    = help: if you wanted to use a crate named `libc`, use `cargo add libc` to add it to your `Cargo.toml`

error[E0599]: no method named `mtime` found for reference `&Metadata` in the current scope
  --> /Users/petitstrawberry/.cargo/registry/src/index.crates.io-1949cf8c6b5b557f/filetime-0.2.26/src/unix/mod.rs:75:23
   |
75 |         seconds: meta.mtime(),
   |                       ^^^^^ method not found in `&Metadata`

error[E0599]: no method named `mtime_nsec` found for reference `&Metadata` in the current scope
  --> /Users/petitstrawberry/.cargo/registry/src/index.crates.io-1949cf8c6b5b557f/filetime-0.2.26/src/unix/mod.rs:76:21
   |
76 |         nanos: meta.mtime_nsec() as u32,
   |                     ^^^^^^^^^^ method not found in `&Metadata`

error[E0599]: no method named `atime` found for reference `&Metadata` in the current scope
  --> /Users/petitstrawberry/.cargo/registry/src/index.crates.io-1949cf8c6b5b557f/filetime-0.2.26/src/unix/mod.rs:82:23
   |
82 |         seconds: meta.atime(),
   |                       ^^^^^ method not found in `&Metadata`

error[E0599]: no method named `atime_nsec` found for reference `&Metadata` in the current scope
  --> /Users/petitstrawberry/.cargo/registry/src/index.crates.io-1949cf8c6b5b557f/filetime-0.2.26/src/unix/mod.rs:83:21
   |
83 |         nanos: meta.atime_nsec() as u32,
   |                     ^^^^^^^^^^ method not found in `&Metadata`

error[E0433]: failed to resolve: use of unresolved module or unlinked crate `libc`
   --> /Users/petitstrawberry/.cargo/registry/src/index.crates.io-1949cf8c6b5b557f/filetime-0.2.26/src/unix/utimes.rs:117:47
    |
117 |         tv_usec: (ft.nanoseconds() / 1000) as libc::suseconds_t,
    |                                               ^^^^ use of unresolved module or unlinked crate `libc`
    |
    = help: if you wanted to use a crate named `libc`, use `cargo add libc` to add it to your `Cargo.toml`

error[E0433]: failed to resolve: use of unresolved module or unlinked crate `libc`
   --> /Users/petitstrawberry/.cargo/registry/src/index.crates.io-1949cf8c6b5b557f/filetime-0.2.26/src/unix/utimes.rs:116:33
    |
116 |         tv_sec: ft.seconds() as libc::time_t,
    |                                 ^^^^ use of unresolved module or unlinked crate `libc`
    |
    = help: if you wanted to use a crate named `libc`, use `cargo add libc` to add it to your `Cargo.toml`

error[E0433]: failed to resolve: use of unresolved module or unlinked crate `libc`
   --> /Users/petitstrawberry/.cargo/registry/src/index.crates.io-1949cf8c6b5b557f/filetime-0.2.26/src/unix/utimes.rs:115:5
    |
115 |     libc::timeval {
    |     ^^^^ use of unresolved module or unlinked crate `libc`
    |
    = help: if you wanted to use a crate named `libc`, use `cargo add libc` to add it to your `Cargo.toml`

error[E0433]: failed to resolve: use of unresolved module or unlinked crate `libc`
   --> /Users/petitstrawberry/.cargo/registry/src/index.crates.io-1949cf8c6b5b557f/filetime-0.2.26/src/unix/utimes.rs:114:33
    |
114 | fn to_timeval(ft: &FileTime) -> libc::timeval {
    |                                 ^^^^ use of unresolved module or unlinked crate `libc`
    |
    = help: if you wanted to use a crate named `libc`, use `cargo add libc` to add it to your `Cargo.toml`

Some errors have detailed explanations: E0432, E0433, E0599.
For more information about an error, try `rustc --explain E0432`.
error: could not compile `filetime` (lib) due to 16 previous errors
   Compiling rustix v1.1.2
    Checking icu_properties v2.1.1
SCARLET_BACKEND get enter
SCARLET_BACKEND load init enter
SCARLET_BACKEND factory enter
SCARLET_BACKEND factory exit
SCARLET_BACKEND get enter
SCARLET_BACKEND load init enter
SCARLET_BACKEND factory enter
SCARLET_BACKEND factory exit
    Checking spki v0.7.3
    Checking icu_normalizer v2.1.1
SCARLET_BACKEND get enter
SCARLET_BACKEND load init enter
SCARLET_BACKEND factory enter
SCARLET_BACKEND factory exit
SCARLET_BACKEND get enter
SCARLET_BACKEND load init enter
SCARLET_BACKEND factory enter
SCARLET_BACKEND factory exit
   Compiling libssh2-sys v0.3.1
SCARLET_BACKEND get enter
SCARLET_BACKEND load init enter
SCARLET_BACKEND factory enter
SCARLET_BACKEND factory exit
warning: libnghttp2-sys@0.1.11+1.64.0: In file included from nghttp2/lib/sfparse.c:27:
warning: libnghttp2-sys@0.1.11+1.64.0: In file included from nghttp2/lib/sfparse.h:46:
warning: libnghttp2-sys@0.1.11+1.64.0: /nix/store/vhg4azj1sd88x317byclhyzbqr4xlfpw-clang-21.1.8-lib/lib/clang/21/include/inttypes.h:24:15: fatal error: 'inttypes.h' file not found
warning: libnghttp2-sys@0.1.11+1.64.0:    24 | #include_next <inttypes.h>
warning: libnghttp2-sys@0.1.11+1.64.0:       |               ^~~~~~~~~~~~
warning: libnghttp2-sys@0.1.11+1.64.0: 1 error generated.
warning: libnghttp2-sys@0.1.11+1.64.0: ToolExecError: command did not execute successfully (status code exit status: 1): LC_ALL="C" "/nix/store/1g31prgnyak0bdszc40z72lmafkhjz64-clang-21.1.8/bin/clang" "-O3" "-ffunction-sections" "-fdata-sections" "-fPIC" "--target=aarch64-unknown-scarlet" "-I" "nghttp2/lib/includes" "-I" "/tmp/scarlet-cargo-readiness-target/aarch64-unknown-scarlet/release/build/libnghttp2-sys-0c60836a9a105966/out/i/include" "-DNGHTTP2_STATICLIB" "-DHAVE_NETINET_IN" "-DHAVE_TIME_H" "-DHAVE_ARPA_INET_H" "--target=aarch64-unknown-none" "-nostdinc" "-isystem" "/nix/store/vhg4azj1sd88x317byclhyzbqr4xlfpw-clang-21.1.8-lib/lib/clang/21/include" "-I" "/Users/petitstrawberry/Development/Rust/Scarlet/user/lib/scarlet-libc/include" "-o" "/tmp/scarlet-cargo-readiness-target/aarch64-unknown-scarlet/release/build/libnghttp2-sys-0c60836a9a105966/out/i/lib/64375acaab57ea54-sfparse.o" "-c" "nghttp2/lib/sfparse.c"cargo:warning=In file included from nghttp2/lib/nghttp2_alpn.c:25:
warning: libnghttp2-sys@0.1.11+1.64.0: In file included from nghttp2/lib/nghttp2_alpn.h:32:
warning: libnghttp2-sys@0.1.11+1.64.0: In file included from nghttp2/lib/includes/nghttp2/nghttp2.h:50:
warning: libnghttp2-sys@0.1.11+1.64.0: /nix/store/vhg4azj1sd88x317byclhyzbqr4xlfpw-clang-21.1.8-lib/lib/clang/21/include/inttypes.h:24:15: fatal error: 'inttypes.h' file not found
warning: libnghttp2-sys@0.1.11+1.64.0:    24 | #include_next <inttypes.h>
warning: libnghttp2-sys@0.1.11+1.64.0:       |               ^~~~~~~~~~~~
warning: libnghttp2-sys@0.1.11+1.64.0: 1 error generated.
warning: libnghttp2-sys@0.1.11+1.64.0: ToolExecError: command did not execute successfully (status code exit status: 1): LC_ALL="C" "/nix/store/1g31prgnyak0bdszc40z72lmafkhjz64-clang-21.1.8/bin/clang" "-O3" "-ffunction-sections" "-fdata-sections" "-fPIC" "--target=aarch64-unknown-scarlet" "-I" "nghttp2/lib/includes" "-I" "/tmp/scarlet-cargo-readiness-target/aarch64-unknown-scarlet/release/build/libnghttp2-sys-0c60836a9a105966/out/i/include" "-DNGHTTP2_STATICLIB" "-DHAVE_NETINET_IN" "-DHAVE_TIME_H" "-DHAVE_ARPA_INET_H" "--target=aarch64-unknown-none" "-nostdinc" "-isystem" "/nix/store/vhg4azj1sd88x317byclhyzbqr4xlfpw-clang-21.1.8-lib/lib/clang/21/include" "-I" "/Users/petitstrawberry/Development/Rust/Scarlet/user/lib/scarlet-libc/include" "-o" "/tmp/scarlet-cargo-readiness-target/aarch64-unknown-scarlet/release/build/libnghttp2-sys-0c60836a9a105966/out/i/lib/64375acaab57ea54-nghttp2_alpn.o" "-c" "nghttp2/lib/nghttp2_alpn.c"cargo:warning=In file included from nghttp2/lib/nghttp2_buf.c:25:
warning: libnghttp2-sys@0.1.11+1.64.0: In file included from nghttp2/lib/nghttp2_buf.h:32:
warning: libnghttp2-sys@0.1.11+1.64.0: In file included from nghttp2/lib/includes/nghttp2/nghttp2.h:50:
warning: libnghttp2-sys@0.1.11+1.64.0: /nix/store/vhg4azj1sd88x317byclhyzbqr4xlfpw-clang-21.1.8-lib/lib/clang/21/include/inttypes.h:24:15: fatal error: 'inttypes.h' file not found
warning: libnghttp2-sys@0.1.11+1.64.0:    24 | #include_next <inttypes.h>
warning: libnghttp2-sys@0.1.11+1.64.0:       |               ^~~~~~~~~~~~
warning: libnghttp2-sys@0.1.11+1.64.0: 1 error generated.
warning: libnghttp2-sys@0.1.11+1.64.0: ToolExecError: command did not execute successfully (status code exit status: 1): LC_ALL="C" "/nix/store/1g31prgnyak0bdszc40z72lmafkhjz64-clang-21.1.8/bin/clang" "-O3" "-ffunction-sections" "-fdata-sections" "-fPIC" "--target=aarch64-unknown-scarlet" "-I" "nghttp2/lib/includes" "-I" "/tmp/scarlet-cargo-readiness-target/aarch64-unknown-scarlet/release/build/libnghttp2-sys-0c60836a9a105966/out/i/include" "-DNGHTTP2_STATICLIB" "-DHAVE_NETINET_IN" "-DHAVE_TIME_H" "-DHAVE_ARPA_INET_H" "--target=aarch64-unknown-none" "-nostdinc" "-isystem" "/nix/store/vhg4azj1sd88x317byclhyzbqr4xlfpw-clang-21.1.8-lib/lib/clang/21/include" "-I" "/Users/petitstrawberry/Development/Rust/Scarlet/user/lib/scarlet-libc/include" "-o" "/tmp/scarlet-cargo-readiness-target/aarch64-unknown-scarlet/release/build/libnghttp2-sys-0c60836a9a105966/out/i/lib/64375acaab57ea54-nghttp2_buf.o" "-c" "nghttp2/lib/nghttp2_buf.c"cargo:warning=In file included from nghttp2/lib/nghttp2_callbacks.c:25:
warning: libnghttp2-sys@0.1.11+1.64.0: In file included from nghttp2/lib/nghttp2_callbacks.h:32:
warning: libnghttp2-sys@0.1.11+1.64.0: In file included from nghttp2/lib/includes/nghttp2/nghttp2.h:50:
warning: libnghttp2-sys@0.1.11+1.64.0: /nix/store/vhg4azj1sd88x317byclhyzbqr4xlfpw-clang-21.1.8-lib/lib/clang/21/include/inttypes.h:24:15: fatal error: 'inttypes.h' file not found
warning: libnghttp2-sys@0.1.11+1.64.0:    24 | #include_next <inttypes.h>
warning: libnghttp2-sys@0.1.11+1.64.0:       |               ^~~~~~~~~~~~
warning: libnghttp2-sys@0.1.11+1.64.0: 1 error generated.
warning: libnghttp2-sys@0.1.11+1.64.0: ToolExecError: command did not execute successfully (status code exit status: 1): LC_ALL="C" "/nix/store/1g31prgnyak0bdszc40z72lmafkhjz64-clang-21.1.8/bin/clang" "-O3" "-ffunction-sections" "-fdata-sections" "-fPIC" "--target=aarch64-unknown-scarlet" "-I" "nghttp2/lib/includes" "-I" "/tmp/scarlet-cargo-readiness-target/aarch64-unknown-scarlet/release/build/libnghttp2-sys-0c60836a9a105966/out/i/include" "-DNGHTTP2_STATICLIB" "-DHAVE_NETINET_IN" "-DHAVE_TIME_H" "-DHAVE_ARPA_INET_H" "--target=aarch64-unknown-none" "-nostdinc" "-isystem" "/nix/store/vhg4azj1sd88x317byclhyzbqr4xlfpw-clang-21.1.8-lib/lib/clang/21/include" "-I" "/Users/petitstrawberry/Development/Rust/Scarlet/user/lib/scarlet-libc/include" "-o" "/tmp/scarlet-cargo-readiness-target/aarch64-unknown-scarlet/release/build/libnghttp2-sys-0c60836a9a105966/out/i/lib/64375acaab57ea54-nghttp2_callbacks.o" "-c" "nghttp2/lib/nghttp2_callbacks.c"cargo:warning=In file included from nghttp2/lib/nghttp2_debug.c:25:
warning: libnghttp2-sys@0.1.11+1.64.0: In file included from nghttp2/lib/nghttp2_debug.h:32:
warning: libnghttp2-sys@0.1.11+1.64.0: In file included from nghttp2/lib/includes/nghttp2/nghttp2.h:50:
warning: libnghttp2-sys@0.1.11+1.64.0: /nix/store/vhg4azj1sd88x317byclhyzbqr4xlfpw-clang-21.1.8-lib/lib/clang/21/include/inttypes.h:24:15: fatal error: 'inttypes.h' file not found
warning: libnghttp2-sys@0.1.11+1.64.0:    24 | #include_next <inttypes.h>
warning: libnghttp2-sys@0.1.11+1.64.0:       |               ^~~~~~~~~~~~
warning: libnghttp2-sys@0.1.11+1.64.0: 1 error generated.
warning: libnghttp2-sys@0.1.11+1.64.0: ToolExecError: command did not execute successfully (status code exit status: 1): LC_ALL="C" "/nix/store/1g31prgnyak0bdszc40z72lmafkhjz64-clang-21.1.8/bin/clang" "-O3" "-ffunction-sections" "-fdata-sections" "-fPIC" "--target=aarch64-unknown-scarlet" "-I" "nghttp2/lib/includes" "-I" "/tmp/scarlet-cargo-readiness-target/aarch64-unknown-scarlet/release/build/libnghttp2-sys-0c60836a9a105966/out/i/include" "-DNGHTTP2_STATICLIB" "-DHAVE_NETINET_IN" "-DHAVE_TIME_H" "-DHAVE_ARPA_INET_H" "--target=aarch64-unknown-none" "-nostdinc" "-isystem" "/nix/store/vhg4azj1sd88x317byclhyzbqr4xlfpw-clang-21.1.8-lib/lib/clang/21/include" "-I" "/Users/petitstrawberry/Development/Rust/Scarlet/user/lib/scarlet-libc/include" "-o" "/tmp/scarlet-cargo-readiness-target/aarch64-unknown-scarlet/release/build/libnghttp2-sys-0c60836a9a105966/out/i/lib/64375acaab57ea54-nghttp2_debug.o" "-c" "nghttp2/lib/nghttp2_debug.c"cargo:warning=In file included from nghttp2/lib/nghttp2_extpri.c:26:
warning: libnghttp2-sys@0.1.11+1.64.0: In file included from nghttp2/lib/nghttp2_extpri.h:33:
warning: libnghttp2-sys@0.1.11+1.64.0: In file included from nghttp2/lib/includes/nghttp2/nghttp2.h:50:
warning: libnghttp2-sys@0.1.11+1.64.0: /nix/store/vhg4azj1sd88x317byclhyzbqr4xlfpw-clang-21.1.8-lib/lib/clang/21/include/inttypes.h:24:15: fatal error: 'inttypes.h' file not found
warning: libnghttp2-sys@0.1.11+1.64.0:    24 | #include_next <inttypes.h>
warning: libnghttp2-sys@0.1.11+1.64.0:       |               ^~~~~~~~~~~~
warning: libnghttp2-sys@0.1.11+1.64.0: 1 error generated.
warning: libnghttp2-sys@0.1.11+1.64.0: ToolExecError: command did not execute successfully (status code exit status: 1): LC_ALL="C" "/nix/store/1g31prgnyak0bdszc40z72lmafkhjz64-clang-21.1.8/bin/clang" "-O3" "-ffunction-sections" "-fdata-sections" "-fPIC" "--target=aarch64-unknown-scarlet" "-I" "nghttp2/lib/includes" "-I" "/tmp/scarlet-cargo-readiness-target/aarch64-unknown-scarlet/release/build/libnghttp2-sys-0c60836a9a105966/out/i/include" "-DNGHTTP2_STATICLIB" "-DHAVE_NETINET_IN" "-DHAVE_TIME_H" "-DHAVE_ARPA_INET_H" "--target=aarch64-unknown-none" "-nostdinc" "-isystem" "/nix/store/vhg4azj1sd88x317byclhyzbqr4xlfpw-clang-21.1.8-lib/lib/clang/21/include" "-I" "/Users/petitstrawberry/Development/Rust/Scarlet/user/lib/scarlet-libc/include" "-o" "/tmp/scarlet-cargo-readiness-target/aarch64-unknown-scarlet/release/build/libnghttp2-sys-0c60836a9a105966/out/i/lib/64375acaab57ea54-nghttp2_extpri.o" "-c" "nghttp2/lib/nghttp2_extpri.c"cargo:warning=In file included from nghttp2/lib/nghttp2_frame.c:25:
warning: libnghttp2-sys@0.1.11+1.64.0: In file included from nghttp2/lib/nghttp2_frame.h:32:
warning: libnghttp2-sys@0.1.11+1.64.0: In file included from nghttp2/lib/includes/nghttp2/nghttp2.h:50:
warning: libnghttp2-sys@0.1.11+1.64.0: /nix/store/vhg4azj1sd88x317byclhyzbqr4xlfpw-clang-21.1.8-lib/lib/clang/21/include/inttypes.h:24:15: fatal error: 'inttypes.h' file not found
warning: libnghttp2-sys@0.1.11+1.64.0:    24 | #include_next <inttypes.h>
warning: libnghttp2-sys@0.1.11+1.64.0:       |               ^~~~~~~~~~~~
warning: libnghttp2-sys@0.1.11+1.64.0: 1 error generated.
warning: libnghttp2-sys@0.1.11+1.64.0: ToolExecError: command did not execute successfully (status code exit status: 1): LC_ALL="C" "/nix/store/1g31prgnyak0bdszc40z72lmafkhjz64-clang-21.1.8/bin/clang" "-O3" "-ffunction-sections" "-fdata-sections" "-fPIC" "--target=aarch64-unknown-scarlet" "-I" "nghttp2/lib/includes" "-I" "/tmp/scarlet-cargo-readiness-target/aarch64-unknown-scarlet/release/build/libnghttp2-sys-0c60836a9a105966/out/i/include" "-DNGHTTP2_STATICLIB" "-DHAVE_NETINET_IN" "-DHAVE_TIME_H" "-DHAVE_ARPA_INET_H" "--target=aarch64-unknown-none" "-nostdinc" "-isystem" "/nix/store/vhg4azj1sd88x317byclhyzbqr4xlfpw-clang-21.1.8-lib/lib/clang/21/include" "-I" "/Users/petitstrawberry/Development/Rust/Scarlet/user/lib/scarlet-libc/include" "-o" "/tmp/scarlet-cargo-readiness-target/aarch64-unknown-scarlet/release/build/libnghttp2-sys-0c60836a9a105966/out/i/lib/64375acaab57ea54-nghttp2_frame.o" "-c" "nghttp2/lib/nghttp2_frame.c"cargo:warning=In file included from nghttp2/lib/nghttp2_hd.c:25:
warning: libnghttp2-sys@0.1.11+1.64.0: In file included from nghttp2/lib/nghttp2_hd.h:32:
warning: libnghttp2-sys@0.1.11+1.64.0: In file included from nghttp2/lib/includes/nghttp2/nghttp2.h:50:
warning: libnghttp2-sys@0.1.11+1.64.0: /nix/store/vhg4azj1sd88x317byclhyzbqr4xlfpw-clang-21.1.8-lib/lib/clang/21/include/inttypes.h:24:15: fatal error: 'inttypes.h' file not found
warning: libnghttp2-sys@0.1.11+1.64.0:    24 | #include_next <inttypes.h>
warning: libnghttp2-sys@0.1.11+1.64.0:       |               ^~~~~~~~~~~~
warning: libnghttp2-sys@0.1.11+1.64.0: 1 error generated.
warning: libnghttp2-sys@0.1.11+1.64.0: ToolExecError: command did not execute successfully (status code exit status: 1): LC_ALL="C" "/nix/store/1g31prgnyak0bdszc40z72lmafkhjz64-clang-21.1.8/bin/clang" "-O3" "-ffunction-sections" "-fdata-sections" "-fPIC" "--target=aarch64-unknown-scarlet" "-I" "nghttp2/lib/includes" "-I" "/tmp/scarlet-cargo-readiness-target/aarch64-unknown-scarlet/release/build/libnghttp2-sys-0c60836a9a105966/out/i/include" "-DNGHTTP2_STATICLIB" "-DHAVE_NETINET_IN" "-DHAVE_TIME_H" "-DHAVE_ARPA_INET_H" "--target=aarch64-unknown-none" "-nostdinc" "-isystem" "/nix/store/vhg4azj1sd88x317byclhyzbqr4xlfpw-clang-21.1.8-lib/lib/clang/21/include" "-I" "/Users/petitstrawberry/Development/Rust/Scarlet/user/lib/scarlet-libc/include" "-o" "/tmp/scarlet-cargo-readiness-target/aarch64-unknown-scarlet/release/build/libnghttp2-sys-0c60836a9a105966/out/i/lib/64375acaab57ea54-nghttp2_hd.o" "-c" "nghttp2/lib/nghttp2_hd.c"cargo:warning=In file included from nghttp2/lib/nghttp2_hd_huffman.c:25:
warning: libnghttp2-sys@0.1.11+1.64.0: In file included from nghttp2/lib/nghttp2_hd_huffman.h:32:
warning: libnghttp2-sys@0.1.11+1.64.0: In file included from nghttp2/lib/includes/nghttp2/nghttp2.h:50:
warning: libnghttp2-sys@0.1.11+1.64.0: /nix/store/vhg4azj1sd88x317byclhyzbqr4xlfpw-clang-21.1.8-lib/lib/clang/21/include/inttypes.h:24:15: fatal error: 'inttypes.h' file not found
warning: libnghttp2-sys@0.1.11+1.64.0:    24 | #include_next <inttypes.h>
warning: libnghttp2-sys@0.1.11+1.64.0:       |               ^~~~~~~~~~~~
warning: libnghttp2-sys@0.1.11+1.64.0: 1 error generated.
warning: libnghttp2-sys@0.1.11+1.64.0: ToolExecError: command did not execute successfully (status code exit status: 1): LC_ALL="C" "/nix/store/1g31prgnyak0bdszc40z72lmafkhjz64-clang-21.1.8/bin/clang" "-O3" "-ffunction-sections" "-fdata-sections" "-fPIC" "--target=aarch64-unknown-scarlet" "-I" "nghttp2/lib/includes" "-I" "/tmp/scarlet-cargo-readiness-target/aarch64-unknown-scarlet/release/build/libnghttp2-sys-0c60836a9a105966/out/i/include" "-DNGHTTP2_STATICLIB" "-DHAVE_NETINET_IN" "-DHAVE_TIME_H" "-DHAVE_ARPA_INET_H" "--target=aarch64-unknown-none" "-nostdinc" "-isystem" "/nix/store/vhg4azj1sd88x317byclhyzbqr4xlfpw-clang-21.1.8-lib/lib/clang/21/include" "-I" "/Users/petitstrawberry/Development/Rust/Scarlet/user/lib/scarlet-libc/include" "-o" "/tmp/scarlet-cargo-readiness-target/aarch64-unknown-scarlet/release/build/libnghttp2-sys-0c60836a9a105966/out/i/lib/64375acaab57ea54-nghttp2_hd_huffman.o" "-c" "nghttp2/lib/nghttp2_hd_huffman.c"cargo:warning=In file included from nghttp2/lib/nghttp2_hd_huffman_data.c:25:
warning: libnghttp2-sys@0.1.11+1.64.0: In file included from nghttp2/lib/nghttp2_hd_huffman.h:32:
warning: libnghttp2-sys@0.1.11+1.64.0: In file included from nghttp2/lib/includes/nghttp2/nghttp2.h:50:
warning: libnghttp2-sys@0.1.11+1.64.0: /nix/store/vhg4azj1sd88x317byclhyzbqr4xlfpw-clang-21.1.8-lib/lib/clang/21/include/inttypes.h:24:15: fatal error: 'inttypes.h' file not found
warning: libnghttp2-sys@0.1.11+1.64.0:    24 | #include_next <inttypes.h>
warning: libnghttp2-sys@0.1.11+1.64.0:       |               ^~~~~~~~~~~~
warning: libnghttp2-sys@0.1.11+1.64.0: 1 error generated.
warning: libnghttp2-sys@0.1.11+1.64.0: ToolExecError: command did not execute successfully (status code exit status: 1): LC_ALL="C" "/nix/store/1g31prgnyak0bdszc40z72lmafkhjz64-clang-21.1.8/bin/clang" "-O3" "-ffunction-sections" "-fdata-sections" "-fPIC" "--target=aarch64-unknown-scarlet" "-I" "nghttp2/lib/includes" "-I" "/tmp/scarlet-cargo-readiness-target/aarch64-unknown-scarlet/release/build/libnghttp2-sys-0c60836a9a105966/out/i/include" "-DNGHTTP2_STATICLIB" "-DHAVE_NETINET_IN" "-DHAVE_TIME_H" "-DHAVE_ARPA_INET_H" "--target=aarch64-unknown-none" "-nostdinc" "-isystem" "/nix/store/vhg4azj1sd88x317byclhyzbqr4xlfpw-clang-21.1.8-lib/lib/clang/21/include" "-I" "/Users/petitstrawberry/Development/Rust/Scarlet/user/lib/scarlet-libc/include" "-o" "/tmp/scarlet-cargo-readiness-target/aarch64-unknown-scarlet/release/build/libnghttp2-sys-0c60836a9a105966/out/i/lib/64375acaab57ea54-nghttp2_hd_huffman_data.o" "-c" "nghttp2/lib/nghttp2_hd_huffman_data.c"cargo:warning=In file included from nghttp2/lib/nghttp2_helper.c:25:
warning: libnghttp2-sys@0.1.11+1.64.0: In file included from nghttp2/lib/nghttp2_helper.h:35:
warning: libnghttp2-sys@0.1.11+1.64.0: In file included from nghttp2/lib/includes/nghttp2/nghttp2.h:50:
warning: libnghttp2-sys@0.1.11+1.64.0: /nix/store/vhg4azj1sd88x317byclhyzbqr4xlfpw-clang-21.1.8-lib/lib/clang/21/include/inttypes.h:24:15: fatal error: 'inttypes.h' file not found
warning: libnghttp2-sys@0.1.11+1.64.0:    24 | #include_next <inttypes.h>
warning: libnghttp2-sys@0.1.11+1.64.0:       |               ^~~~~~~~~~~~
warning: libnghttp2-sys@0.1.11+1.64.0: 1 error generated.
warning: libnghttp2-sys@0.1.11+1.64.0: ToolExecError: command did not execute successfully (status code exit status: 1): LC_ALL="C" "/nix/store/1g31prgnyak0bdszc40z72lmafkhjz64-clang-21.1.8/bin/clang" "-O3" "-ffunction-sections" "-fdata-sections" "-fPIC" "--target=aarch64-unknown-scarlet" "-I" "nghttp2/lib/includes" "-I" "/tmp/scarlet-cargo-readiness-target/aarch64-unknown-scarlet/release/build/libnghttp2-sys-0c60836a9a105966/out/i/include" "-DNGHTTP2_STATICLIB" "-DHAVE_NETINET_IN" "-DHAVE_TIME_H" "-DHAVE_ARPA_INET_H" "--target=aarch64-unknown-none" "-nostdinc" "-isystem" "/nix/store/vhg4azj1sd88x317byclhyzbqr4xlfpw-clang-21.1.8-lib/lib/clang/21/include" "-I" "/Users/petitstrawberry/Development/Rust/Scarlet/user/lib/scarlet-libc/include" "-o" "/tmp/scarlet-cargo-readiness-target/aarch64-unknown-scarlet/release/build/libnghttp2-sys-0c60836a9a105966/out/i/lib/64375acaab57ea54-nghttp2_helper.o" "-c" "nghttp2/lib/nghttp2_helper.c"cargo:warning=In file included from nghttp2/lib/nghttp2_http.c:25:
warning: libnghttp2-sys@0.1.11+1.64.0: In file included from nghttp2/lib/nghttp2_http.h:32:
warning: libnghttp2-sys@0.1.11+1.64.0: In file included from nghttp2/lib/includes/nghttp2/nghttp2.h:50:
warning: libnghttp2-sys@0.1.11+1.64.0: /nix/store/vhg4azj1sd88x317byclhyzbqr4xlfpw-clang-21.1.8-lib/lib/clang/21/include/inttypes.h:24:15: fatal error: 'inttypes.h' file not found
warning: libnghttp2-sys@0.1.11+1.64.0:    24 | #include_next <inttypes.h>
warning: libnghttp2-sys@0.1.11+1.64.0:       |               ^~~~~~~~~~~~
warning: libnghttp2-sys@0.1.11+1.64.0: 1 error generated.
warning: libnghttp2-sys@0.1.11+1.64.0: ToolExecError: command did not execute successfully (status code exit status: 1): LC_ALL="C" "/nix/store/1g31prgnyak0bdszc40z72lmafkhjz64-clang-21.1.8/bin/clang" "-O3" "-ffunction-sections" "-fdata-sections" "-fPIC" "--target=aarch64-unknown-scarlet" "-I" "nghttp2/lib/includes" "-I" "/tmp/scarlet-cargo-readiness-target/aarch64-unknown-scarlet/release/build/libnghttp2-sys-0c60836a9a105966/out/i/include" "-DNGHTTP2_STATICLIB" "-DHAVE_NETINET_IN" "-DHAVE_TIME_H" "-DHAVE_ARPA_INET_H" "--target=aarch64-unknown-none" "-nostdinc" "-isystem" "/nix/store/vhg4azj1sd88x317byclhyzbqr4xlfpw-clang-21.1.8-lib/lib/clang/21/include" "-I" "/Users/petitstrawberry/Development/Rust/Scarlet/user/lib/scarlet-libc/include" "-o" "/tmp/scarlet-cargo-readiness-target/aarch64-unknown-scarlet/release/build/libnghttp2-sys-0c60836a9a105966/out/i/lib/64375acaab57ea54-nghttp2_http.o" "-c" "nghttp2/lib/nghttp2_http.c"cargo:warning=In file included from nghttp2/lib/nghttp2_map.c:26:
warning: libnghttp2-sys@0.1.11+1.64.0: In file included from nghttp2/lib/nghttp2_map.h:33:
warning: libnghttp2-sys@0.1.11+1.64.0: In file included from nghttp2/lib/includes/nghttp2/nghttp2.h:50:
warning: libnghttp2-sys@0.1.11+1.64.0: /nix/store/vhg4azj1sd88x317byclhyzbqr4xlfpw-clang-21.1.8-lib/lib/clang/21/include/inttypes.h:24:15: fatal error: 'inttypes.h' file not found
warning: libnghttp2-sys@0.1.11+1.64.0:    24 | #include_next <inttypes.h>
warning: libnghttp2-sys@0.1.11+1.64.0:       |               ^~~~~~~~~~~~
warning: libnghttp2-sys@0.1.11+1.64.0: 1 error generated.
warning: libnghttp2-sys@0.1.11+1.64.0: ToolExecError: command did not execute successfully (status code exit status: 1): LC_ALL="C" "/nix/store/1g31prgnyak0bdszc40z72lmafkhjz64-clang-21.1.8/bin/clang" "-O3" "-ffunction-sections" "-fdata-sections" "-fPIC" "--target=aarch64-unknown-scarlet" "-I" "nghttp2/lib/includes" "-I" "/tmp/scarlet-cargo-readiness-target/aarch64-unknown-scarlet/release/build/libnghttp2-sys-0c60836a9a105966/out/i/include" "-DNGHTTP2_STATICLIB" "-DHAVE_NETINET_IN" "-DHAVE_TIME_H" "-DHAVE_ARPA_INET_H" "--target=aarch64-unknown-none" "-nostdinc" "-isystem" "/nix/store/vhg4azj1sd88x317byclhyzbqr4xlfpw-clang-21.1.8-lib/lib/clang/21/include" "-I" "/Users/petitstrawberry/Development/Rust/Scarlet/user/lib/scarlet-libc/include" "-o" "/tmp/scarlet-cargo-readiness-target/aarch64-unknown-scarlet/release/build/libnghttp2-sys-0c60836a9a105966/out/i/lib/64375acaab57ea54-nghttp2_map.o" "-c" "nghttp2/lib/nghttp2_map.c"cargo:warning=In file included from nghttp2/lib/nghttp2_mem.c:25:
warning: libnghttp2-sys@0.1.11+1.64.0: In file included from nghttp2/lib/nghttp2_mem.h:32:
warning: libnghttp2-sys@0.1.11+1.64.0: In file included from nghttp2/lib/includes/nghttp2/nghttp2.h:50:
warning: libnghttp2-sys@0.1.11+1.64.0: /nix/store/vhg4azj1sd88x317byclhyzbqr4xlfpw-clang-21.1.8-lib/lib/clang/21/include/inttypes.h:24:15: fatal error: 'inttypes.h' file not found
warning: libnghttp2-sys@0.1.11+1.64.0:    24 | #include_next <inttypes.h>
warning: libnghttp2-sys@0.1.11+1.64.0:       |               ^~~~~~~~~~~~
warning: libnghttp2-sys@0.1.11+1.64.0: 1 error generated.
warning: libnghttp2-sys@0.1.11+1.64.0: ToolExecError: command did not execute successfully (status code exit status: 1): LC_ALL="C" "/nix/store/1g31prgnyak0bdszc40z72lmafkhjz64-clang-21.1.8/bin/clang" "-O3" "-ffunction-sections" "-fdata-sections" "-fPIC" "--target=aarch64-unknown-scarlet" "-I" "nghttp2/lib/includes" "-I" "/tmp/scarlet-cargo-readiness-target/aarch64-unknown-scarlet/release/build/libnghttp2-sys-0c60836a9a105966/out/i/include" "-DNGHTTP2_STATICLIB" "-DHAVE_NETINET_IN" "-DHAVE_TIME_H" "-DHAVE_ARPA_INET_H" "--target=aarch64-unknown-none" "-nostdinc" "-isystem" "/nix/store/vhg4azj1sd88x317byclhyzbqr4xlfpw-clang-21.1.8-lib/lib/clang/21/include" "-I" "/Users/petitstrawberry/Development/Rust/Scarlet/user/lib/scarlet-libc/include" "-o" "/tmp/scarlet-cargo-readiness-target/aarch64-unknown-scarlet/release/build/libnghttp2-sys-0c60836a9a105966/out/i/lib/64375acaab57ea54-nghttp2_mem.o" "-c" "nghttp2/lib/nghttp2_mem.c"cargo:warning=In file included from nghttp2/lib/nghttp2_option.c:25:
warning: libnghttp2-sys@0.1.11+1.64.0: In file included from nghttp2/lib/nghttp2_option.h:32:
warning: libnghttp2-sys@0.1.11+1.64.0: In file included from nghttp2/lib/includes/nghttp2/nghttp2.h:50:
warning: libnghttp2-sys@0.1.11+1.64.0: /nix/store/vhg4azj1sd88x317byclhyzbqr4xlfpw-clang-21.1.8-lib/lib/clang/21/include/inttypes.h:24:15: fatal error: 'inttypes.h' file not found
warning: libnghttp2-sys@0.1.11+1.64.0:    24 | #include_next <inttypes.h>
warning: libnghttp2-sys@0.1.11+1.64.0:       |               ^~~~~~~~~~~~
warning: libnghttp2-sys@0.1.11+1.64.0: 1 error generated.
warning: libnghttp2-sys@0.1.11+1.64.0: ToolExecError: command did not execute successfully (status code exit status: 1): LC_ALL="C" "/nix/store/1g31prgnyak0bdszc40z72lmafkhjz64-clang-21.1.8/bin/clang" "-O3" "-ffunction-sections" "-fdata-sections" "-fPIC" "--target=aarch64-unknown-scarlet" "-I" "nghttp2/lib/includes" "-I" "/tmp/scarlet-cargo-readiness-target/aarch64-unknown-scarlet/release/build/libnghttp2-sys-0c60836a9a105966/out/i/include" "-DNGHTTP2_STATICLIB" "-DHAVE_NETINET_IN" "-DHAVE_TIME_H" "-DHAVE_ARPA_INET_H" "--target=aarch64-unknown-none" "-nostdinc" "-isystem" "/nix/store/vhg4azj1sd88x317byclhyzbqr4xlfpw-clang-21.1.8-lib/lib/clang/21/include" "-I" "/Users/petitstrawberry/Development/Rust/Scarlet/user/lib/scarlet-libc/include" "-o" "/tmp/scarlet-cargo-readiness-target/aarch64-unknown-scarlet/release/build/libnghttp2-sys-0c60836a9a105966/out/i/lib/64375acaab57ea54-nghttp2_option.o" "-c" "nghttp2/lib/nghttp2_option.c"cargo:warning=In file included from nghttp2/lib/nghttp2_outbound_item.c:25:
warning: libnghttp2-sys@0.1.11+1.64.0: In file included from nghttp2/lib/nghttp2_outbound_item.h:32:
warning: libnghttp2-sys@0.1.11+1.64.0: In file included from nghttp2/lib/includes/nghttp2/nghttp2.h:50:
warning: libnghttp2-sys@0.1.11+1.64.0: /nix/store/vhg4azj1sd88x317byclhyzbqr4xlfpw-clang-21.1.8-lib/lib/clang/21/include/inttypes.h:24:15: fatal error: 'inttypes.h' file not found
warning: libnghttp2-sys@0.1.11+1.64.0:    24 | #include_next <inttypes.h>
warning: libnghttp2-sys@0.1.11+1.64.0:       |               ^~~~~~~~~~~~
warning: libnghttp2-sys@0.1.11+1.64.0: 1 error generated.
warning: libnghttp2-sys@0.1.11+1.64.0: ToolExecError: command did not execute successfully (status code exit status: 1): LC_ALL="C" "/nix/store/1g31prgnyak0bdszc40z72lmafkhjz64-clang-21.1.8/bin/clang" "-O3" "-ffunction-sections" "-fdata-sections" "-fPIC" "--target=aarch64-unknown-scarlet" "-I" "nghttp2/lib/includes" "-I" "/tmp/scarlet-cargo-readiness-target/aarch64-unknown-scarlet/release/build/libnghttp2-sys-0c60836a9a105966/out/i/include" "-DNGHTTP2_STATICLIB" "-DHAVE_NETINET_IN" "-DHAVE_TIME_H" "-DHAVE_ARPA_INET_H" "--target=aarch64-unknown-none" "-nostdinc" "-isystem" "/nix/store/vhg4azj1sd88x317byclhyzbqr4xlfpw-clang-21.1.8-lib/lib/clang/21/include" "-I" "/Users/petitstrawberry/Development/Rust/Scarlet/user/lib/scarlet-libc/include" "-o" "/tmp/scarlet-cargo-readiness-target/aarch64-unknown-scarlet/release/build/libnghttp2-sys-0c60836a9a105966/out/i/lib/64375acaab57ea54-nghttp2_outbound_item.o" "-c" "nghttp2/lib/nghttp2_outbound_item.c"cargo:warning=In file included from nghttp2/lib/nghttp2_pq.c:25:
warning: libnghttp2-sys@0.1.11+1.64.0: In file included from nghttp2/lib/nghttp2_pq.h:32:
warning: libnghttp2-sys@0.1.11+1.64.0: In file included from nghttp2/lib/includes/nghttp2/nghttp2.h:50:
warning: libnghttp2-sys@0.1.11+1.64.0: /nix/store/vhg4azj1sd88x317byclhyzbqr4xlfpw-clang-21.1.8-lib/lib/clang/21/include/inttypes.h:24:15: fatal error: 'inttypes.h' file not found
warning: libnghttp2-sys@0.1.11+1.64.0:    24 | #include_next <inttypes.h>
warning: libnghttp2-sys@0.1.11+1.64.0:       |               ^~~~~~~~~~~~
warning: libnghttp2-sys@0.1.11+1.64.0: 1 error generated.
warning: libnghttp2-sys@0.1.11+1.64.0: ToolExecError: command did not execute successfully (status code exit status: 1): LC_ALL="C" "/nix/store/1g31prgnyak0bdszc40z72lmafkhjz64-clang-21.1.8/bin/clang" "-O3" "-ffunction-sections" "-fdata-sections" "-fPIC" "--target=aarch64-unknown-scarlet" "-I" "nghttp2/lib/includes" "-I" "/tmp/scarlet-cargo-readiness-target/aarch64-unknown-scarlet/release/build/libnghttp2-sys-0c60836a9a105966/out/i/include" "-DNGHTTP2_STATICLIB" "-DHAVE_NETINET_IN" "-DHAVE_TIME_H" "-DHAVE_ARPA_INET_H" "--target=aarch64-unknown-none" "-nostdinc" "-isystem" "/nix/store/vhg4azj1sd88x317byclhyzbqr4xlfpw-clang-21.1.8-lib/lib/clang/21/include" "-I" "/Users/petitstrawberry/Development/Rust/Scarlet/user/lib/scarlet-libc/include" "-o" "/tmp/scarlet-cargo-readiness-target/aarch64-unknown-scarlet/release/build/libnghttp2-sys-0c60836a9a105966/out/i/lib/64375acaab57ea54-nghttp2_pq.o" "-c" "nghttp2/lib/nghttp2_pq.c"cargo:warning=In file included from nghttp2/lib/nghttp2_priority_spec.c:25:
warning: libnghttp2-sys@0.1.11+1.64.0: In file included from nghttp2/lib/nghttp2_priority_spec.h:32:
warning: libnghttp2-sys@0.1.11+1.64.0: In file included from nghttp2/lib/includes/nghttp2/nghttp2.h:50:
warning: libnghttp2-sys@0.1.11+1.64.0: /nix/store/vhg4azj1sd88x317byclhyzbqr4xlfpw-clang-21.1.8-lib/lib/clang/21/include/inttypes.h:24:15: fatal error: 'inttypes.h' file not found
warning: libnghttp2-sys@0.1.11+1.64.0:    24 | #include_next <inttypes.h>
warning: libnghttp2-sys@0.1.11+1.64.0:       |               ^~~~~~~~~~~~
warning: libnghttp2-sys@0.1.11+1.64.0: 1 error generated.
warning: libnghttp2-sys@0.1.11+1.64.0: ToolExecError: command did not execute successfully (status code exit status: 1): LC_ALL="C" "/nix/store/1g31prgnyak0bdszc40z72lmafkhjz64-clang-21.1.8/bin/clang" "-O3" "-ffunction-sections" "-fdata-sections" "-fPIC" "--target=aarch64-unknown-scarlet" "-I" "nghttp2/lib/includes" "-I" "/tmp/scarlet-cargo-readiness-target/aarch64-unknown-scarlet/release/build/libnghttp2-sys-0c60836a9a105966/out/i/include" "-DNGHTTP2_STATICLIB" "-DHAVE_NETINET_IN" "-DHAVE_TIME_H" "-DHAVE_ARPA_INET_H" "--target=aarch64-unknown-none" "-nostdinc" "-isystem" "/nix/store/vhg4azj1sd88x317byclhyzbqr4xlfpw-clang-21.1.8-lib/lib/clang/21/include" "-I" "/Users/petitstrawberry/Development/Rust/Scarlet/user/lib/scarlet-libc/include" "-o" "/tmp/scarlet-cargo-readiness-target/aarch64-unknown-scarlet/release/build/libnghttp2-sys-0c60836a9a105966/out/i/lib/64375acaab57ea54-nghttp2_priority_spec.o" "-c" "nghttp2/lib/nghttp2_priority_spec.c"cargo:warning=In file included from nghttp2/lib/nghttp2_queue.c:25:
warning: libnghttp2-sys@0.1.11+1.64.0: In file included from nghttp2/lib/nghttp2_queue.h:32:
warning: libnghttp2-sys@0.1.11+1.64.0: In file included from nghttp2/lib/includes/nghttp2/nghttp2.h:50:
warning: libnghttp2-sys@0.1.11+1.64.0: /nix/store/vhg4azj1sd88x317byclhyzbqr4xlfpw-clang-21.1.8-lib/lib/clang/21/include/inttypes.h:24:15: fatal error: 'inttypes.h' file not found
warning: libnghttp2-sys@0.1.11+1.64.0:    24 | #include_next <inttypes.h>
warning: libnghttp2-sys@0.1.11+1.64.0:       |               ^~~~~~~~~~~~
warning: libnghttp2-sys@0.1.11+1.64.0: 1 error generated.
warning: libnghttp2-sys@0.1.11+1.64.0: ToolExecError: command did not execute successfully (status code exit status: 1): LC_ALL="C" "/nix/store/1g31prgnyak0bdszc40z72lmafkhjz64-clang-21.1.8/bin/clang" "-O3" "-ffunction-sections" "-fdata-sections" "-fPIC" "--target=aarch64-unknown-scarlet" "-I" "nghttp2/lib/includes" "-I" "/tmp/scarlet-cargo-readiness-target/aarch64-unknown-scarlet/release/build/libnghttp2-sys-0c60836a9a105966/out/i/include" "-DNGHTTP2_STATICLIB" "-DHAVE_NETINET_IN" "-DHAVE_TIME_H" "-DHAVE_ARPA_INET_H" "--target=aarch64-unknown-none" "-nostdinc" "-isystem" "/nix/store/vhg4azj1sd88x317byclhyzbqr4xlfpw-clang-21.1.8-lib/lib/clang/21/include" "-I" "/Users/petitstrawberry/Development/Rust/Scarlet/user/lib/scarlet-libc/include" "-o" "/tmp/scarlet-cargo-readiness-target/aarch64-unknown-scarlet/release/build/libnghttp2-sys-0c60836a9a105966/out/i/lib/64375acaab57ea54-nghttp2_queue.o" "-c" "nghttp2/lib/nghttp2_queue.c"cargo:warning=In file included from nghttp2/lib/nghttp2_rcbuf.c:25:
warning: libnghttp2-sys@0.1.11+1.64.0: In file included from nghttp2/lib/nghttp2_rcbuf.h:32:
warning: libnghttp2-sys@0.1.11+1.64.0: In file included from nghttp2/lib/includes/nghttp2/nghttp2.h:50:
warning: libnghttp2-sys@0.1.11+1.64.0: /nix/store/vhg4azj1sd88x317byclhyzbqr4xlfpw-clang-21.1.8-lib/lib/clang/21/include/inttypes.h:24:15: fatal error: 'inttypes.h' file not found
warning: libnghttp2-sys@0.1.11+1.64.0:    24 | #include_next <inttypes.h>
warning: libnghttp2-sys@0.1.11+1.64.0:       |               ^~~~~~~~~~~~
warning: libnghttp2-sys@0.1.11+1.64.0: 1 error generated.
warning: libnghttp2-sys@0.1.11+1.64.0: ToolExecError: command did not execute successfully (status code exit status: 1): LC_ALL="C" "/nix/store/1g31prgnyak0bdszc40z72lmafkhjz64-clang-21.1.8/bin/clang" "-O3" "-ffunction-sections" "-fdata-sections" "-fPIC" "--target=aarch64-unknown-scarlet" "-I" "nghttp2/lib/includes" "-I" "/tmp/scarlet-cargo-readiness-target/aarch64-unknown-scarlet/release/build/libnghttp2-sys-0c60836a9a105966/out/i/include" "-DNGHTTP2_STATICLIB" "-DHAVE_NETINET_IN" "-DHAVE_TIME_H" "-DHAVE_ARPA_INET_H" "--target=aarch64-unknown-none" "-nostdinc" "-isystem" "/nix/store/vhg4azj1sd88x317byclhyzbqr4xlfpw-clang-21.1.8-lib/lib/clang/21/include" "-I" "/Users/petitstrawberry/Development/Rust/Scarlet/user/lib/scarlet-libc/include" "-o" "/tmp/scarlet-cargo-readiness-target/aarch64-unknown-scarlet/release/build/libnghttp2-sys-0c60836a9a105966/out/i/lib/64375acaab57ea54-nghttp2_rcbuf.o" "-c" "nghttp2/lib/nghttp2_rcbuf.c"cargo:warning=In file included from nghttp2/lib/nghttp2_session.c:25:
warning: libnghttp2-sys@0.1.11+1.64.0: In file included from nghttp2/lib/nghttp2_session.h:32:
warning: libnghttp2-sys@0.1.11+1.64.0: In file included from nghttp2/lib/includes/nghttp2/nghttp2.h:50:
warning: libnghttp2-sys@0.1.11+1.64.0: /nix/store/vhg4azj1sd88x317byclhyzbqr4xlfpw-clang-21.1.8-lib/lib/clang/21/include/inttypes.h:24:15: fatal error: 'inttypes.h' file not found
warning: libnghttp2-sys@0.1.11+1.64.0:    24 | #include_next <inttypes.h>
warning: libnghttp2-sys@0.1.11+1.64.0:       |               ^~~~~~~~~~~~
warning: libnghttp2-sys@0.1.11+1.64.0: 1 error generated.
warning: libnghttp2-sys@0.1.11+1.64.0: ToolExecError: command did not execute successfully (status code exit status: 1): LC_ALL="C" "/nix/store/1g31prgnyak0bdszc40z72lmafkhjz64-clang-21.1.8/bin/clang" "-O3" "-ffunction-sections" "-fdata-sections" "-fPIC" "--target=aarch64-unknown-scarlet" "-I" "nghttp2/lib/includes" "-I" "/tmp/scarlet-cargo-readiness-target/aarch64-unknown-scarlet/release/build/libnghttp2-sys-0c60836a9a105966/out/i/include" "-DNGHTTP2_STATICLIB" "-DHAVE_NETINET_IN" "-DHAVE_TIME_H" "-DHAVE_ARPA_INET_H" "--target=aarch64-unknown-none" "-nostdinc" "-isystem" "/nix/store/vhg4azj1sd88x317byclhyzbqr4xlfpw-clang-21.1.8-lib/lib/clang/21/include" "-I" "/Users/petitstrawberry/Development/Rust/Scarlet/user/lib/scarlet-libc/include" "-o" "/tmp/scarlet-cargo-readiness-target/aarch64-unknown-scarlet/release/build/libnghttp2-sys-0c60836a9a105966/out/i/lib/64375acaab57ea54-nghttp2_session.o" "-c" "nghttp2/lib/nghttp2_session.c"cargo:warning=In file included from nghttp2/lib/nghttp2_stream.c:25:
warning: libnghttp2-sys@0.1.11+1.64.0: In file included from nghttp2/lib/nghttp2_stream.h:32:
warning: libnghttp2-sys@0.1.11+1.64.0: In file included from nghttp2/lib/includes/nghttp2/nghttp2.h:50:
warning: libnghttp2-sys@0.1.11+1.64.0: /nix/store/vhg4azj1sd88x317byclhyzbqr4xlfpw-clang-21.1.8-lib/lib/clang/21/include/inttypes.h:24:15: fatal error: 'inttypes.h' file not found
warning: libnghttp2-sys@0.1.11+1.64.0:    24 | #include_next <inttypes.h>
warning: libnghttp2-sys@0.1.11+1.64.0:       |               ^~~~~~~~~~~~
warning: libnghttp2-sys@0.1.11+1.64.0: 1 error generated.
warning: libnghttp2-sys@0.1.11+1.64.0: ToolExecError: command did not execute successfully (status code exit status: 1): LC_ALL="C" "/nix/store/1g31prgnyak0bdszc40z72lmafkhjz64-clang-21.1.8/bin/clang" "-O3" "-ffunction-sections" "-fdata-sections" "-fPIC" "--target=aarch64-unknown-scarlet" "-I" "nghttp2/lib/includes" "-I" "/tmp/scarlet-cargo-readiness-target/aarch64-unknown-scarlet/release/build/libnghttp2-sys-0c60836a9a105966/out/i/include" "-DNGHTTP2_STATICLIB" "-DHAVE_NETINET_IN" "-DHAVE_TIME_H" "-DHAVE_ARPA_INET_H" "--target=aarch64-unknown-none" "-nostdinc" "-isystem" "/nix/store/vhg4azj1sd88x317byclhyzbqr4xlfpw-clang-21.1.8-lib/lib/clang/21/include" "-I" "/Users/petitstrawberry/Development/Rust/Scarlet/user/lib/scarlet-libc/include" "-o" "/tmp/scarlet-cargo-readiness-target/aarch64-unknown-scarlet/release/build/libnghttp2-sys-0c60836a9a105966/out/i/lib/64375acaab57ea54-nghttp2_stream.o" "-c" "nghttp2/lib/nghttp2_stream.c"cargo:warning=In file included from nghttp2/lib/nghttp2_submit.c:25:
warning: libnghttp2-sys@0.1.11+1.64.0: In file included from nghttp2/lib/nghttp2_submit.h:32:
warning: libnghttp2-sys@0.1.11+1.64.0: In file included from nghttp2/lib/includes/nghttp2/nghttp2.h:50:
warning: libnghttp2-sys@0.1.11+1.64.0: /nix/store/vhg4azj1sd88x317byclhyzbqr4xlfpw-clang-21.1.8-lib/lib/clang/21/include/inttypes.h:24:15: fatal error: 'inttypes.h' file not found
warning: libnghttp2-sys@0.1.11+1.64.0:    24 | #include_next <inttypes.h>
warning: libnghttp2-sys@0.1.11+1.64.0:       |               ^~~~~~~~~~~~
warning: libnghttp2-sys@0.1.11+1.64.0: 1 error generated.
warning: libnghttp2-sys@0.1.11+1.64.0: ToolExecError: command did not execute successfully (status code exit status: 1): LC_ALL="C" "/nix/store/1g31prgnyak0bdszc40z72lmafkhjz64-clang-21.1.8/bin/clang" "-O3" "-ffunction-sections" "-fdata-sections" "-fPIC" "--target=aarch64-unknown-scarlet" "-I" "nghttp2/lib/includes" "-I" "/tmp/scarlet-cargo-readiness-target/aarch64-unknown-scarlet/release/build/libnghttp2-sys-0c60836a9a105966/out/i/include" "-DNGHTTP2_STATICLIB" "-DHAVE_NETINET_IN" "-DHAVE_TIME_H" "-DHAVE_ARPA_INET_H" "--target=aarch64-unknown-none" "-nostdinc" "-isystem" "/nix/store/vhg4azj1sd88x317byclhyzbqr4xlfpw-clang-21.1.8-lib/lib/clang/21/include" "-I" "/Users/petitstrawberry/Development/Rust/Scarlet/user/lib/scarlet-libc/include" "-o" "/tmp/scarlet-cargo-readiness-target/aarch64-unknown-scarlet/release/build/libnghttp2-sys-0c60836a9a105966/out/i/lib/64375acaab57ea54-nghttp2_submit.o" "-c" "nghttp2/lib/nghttp2_submit.c"cargo:warning=In file included from nghttp2/lib/nghttp2_version.c:29:
warning: libnghttp2-sys@0.1.11+1.64.0: In file included from nghttp2/lib/includes/nghttp2/nghttp2.h:50:
warning: libnghttp2-sys@0.1.11+1.64.0: /nix/store/vhg4azj1sd88x317byclhyzbqr4xlfpw-clang-21.1.8-lib/lib/clang/21/include/inttypes.h:24:15: fatal error: 'inttypes.h' file not found
warning: libnghttp2-sys@0.1.11+1.64.0:    24 | #include_next <inttypes.h>
warning: libnghttp2-sys@0.1.11+1.64.0:       |               ^~~~~~~~~~~~
warning: libnghttp2-sys@0.1.11+1.64.0: 1 error generated.
warning: libnghttp2-sys@0.1.11+1.64.0: ToolExecError: command did not execute successfully (status code exit status: 1): LC_ALL="C" "/nix/store/1g31prgnyak0bdszc40z72lmafkhjz64-clang-21.1.8/bin/clang" "-O3" "-ffunction-sections" "-fdata-sections" "-fPIC" "--target=aarch64-unknown-scarlet" "-I" "nghttp2/lib/includes" "-I" "/tmp/scarlet-cargo-readiness-target/aarch64-unknown-scarlet/release/build/libnghttp2-sys-0c60836a9a105966/out/i/include" "-DNGHTTP2_STATICLIB" "-DHAVE_NETINET_IN" "-DHAVE_TIME_H" "-DHAVE_ARPA_INET_H" "--target=aarch64-unknown-none" "-nostdinc" "-isystem" "/nix/store/vhg4azj1sd88x317byclhyzbqr4xlfpw-clang-21.1.8-lib/lib/clang/21/include" "-I" "/Users/petitstrawberry/Development/Rust/Scarlet/user/lib/scarlet-libc/include" "-o" "/tmp/scarlet-cargo-readiness-target/aarch64-unknown-scarlet/release/build/libnghttp2-sys-0c60836a9a105966/out/i/lib/64375acaab57ea54-nghttp2_version.o" "-c" "nghttp2/lib/nghttp2_version.c"cargo:warning=In file included from nghttp2/lib/nghttp2_ratelim.c:25:
warning: libnghttp2-sys@0.1.11+1.64.0: In file included from nghttp2/lib/nghttp2_ratelim.h:32:
warning: libnghttp2-sys@0.1.11+1.64.0: In file included from nghttp2/lib/includes/nghttp2/nghttp2.h:50:
warning: libnghttp2-sys@0.1.11+1.64.0: /nix/store/vhg4azj1sd88x317byclhyzbqr4xlfpw-clang-21.1.8-lib/lib/clang/21/include/inttypes.h:24:15: fatal error: 'inttypes.h' file not found
warning: libnghttp2-sys@0.1.11+1.64.0:    24 | #include_next <inttypes.h>
warning: libnghttp2-sys@0.1.11+1.64.0:       |               ^~~~~~~~~~~~
warning: libnghttp2-sys@0.1.11+1.64.0: 1 error generated.
warning: libnghttp2-sys@0.1.11+1.64.0: ToolExecError: command did not execute successfully (status code exit status: 1): LC_ALL="C" "/nix/store/1g31prgnyak0bdszc40z72lmafkhjz64-clang-21.1.8/bin/clang" "-O3" "-ffunction-sections" "-fdata-sections" "-fPIC" "--target=aarch64-unknown-scarlet" "-I" "nghttp2/lib/includes" "-I" "/tmp/scarlet-cargo-readiness-target/aarch64-unknown-scarlet/release/build/libnghttp2-sys-0c60836a9a105966/out/i/include" "-DNGHTTP2_STATICLIB" "-DHAVE_NETINET_IN" "-DHAVE_TIME_H" "-DHAVE_ARPA_INET_H" "--target=aarch64-unknown-none" "-nostdinc" "-isystem" "/nix/store/vhg4azj1sd88x317byclhyzbqr4xlfpw-clang-21.1.8-lib/lib/clang/21/include" "-I" "/Users/petitstrawberry/Development/Rust/Scarlet/user/lib/scarlet-libc/include" "-o" "/tmp/scarlet-cargo-readiness-target/aarch64-unknown-scarlet/release/build/libnghttp2-sys-0c60836a9a105966/out/i/lib/64375acaab57ea54-nghttp2_ratelim.o" "-c" "nghttp2/lib/nghttp2_ratelim.c"cargo:warning=In file included from nghttp2/lib/nghttp2_time.c:25:
warning: libnghttp2-sys@0.1.11+1.64.0: In file included from nghttp2/lib/nghttp2_time.h:32:
warning: libnghttp2-sys@0.1.11+1.64.0: In file included from nghttp2/lib/includes/nghttp2/nghttp2.h:50:
warning: libnghttp2-sys@0.1.11+1.64.0: /nix/store/vhg4azj1sd88x317byclhyzbqr4xlfpw-clang-21.1.8-lib/lib/clang/21/include/inttypes.h:24:15: fatal error: 'inttypes.h' file not found
warning: libnghttp2-sys@0.1.11+1.64.0:    24 | #include_next <inttypes.h>
warning: libnghttp2-sys@0.1.11+1.64.0:       |               ^~~~~~~~~~~~
warning: libnghttp2-sys@0.1.11+1.64.0: 1 error generated.
warning: libnghttp2-sys@0.1.11+1.64.0: ToolExecError: command did not execute successfully (status code exit status: 1): LC_ALL="C" "/nix/store/1g31prgnyak0bdszc40z72lmafkhjz64-clang-21.1.8/bin/clang" "-O3" "-ffunction-sections" "-fdata-sections" "-fPIC" "--target=aarch64-unknown-scarlet" "-I" "nghttp2/lib/includes" "-I" "/tmp/scarlet-cargo-readiness-target/aarch64-unknown-scarlet/release/build/libnghttp2-sys-0c60836a9a105966/out/i/include" "-DNGHTTP2_STATICLIB" "-DHAVE_NETINET_IN" "-DHAVE_TIME_H" "-DHAVE_ARPA_INET_H" "--target=aarch64-unknown-none" "-nostdinc" "-isystem" "/nix/store/vhg4azj1sd88x317byclhyzbqr4xlfpw-clang-21.1.8-lib/lib/clang/21/include" "-I" "/Users/petitstrawberry/Development/Rust/Scarlet/user/lib/scarlet-libc/include" "-o" "/tmp/scarlet-cargo-readiness-target/aarch64-unknown-scarlet/release/build/libnghttp2-sys-0c60836a9a105966/out/i/lib/64375acaab57ea54-nghttp2_time.o" "-c" "nghttp2/lib/nghttp2_time.c"
error: failed to run custom build command for `libnghttp2-sys v0.1.11+1.64.0`

Caused by:
  process didn't exit successfully: `/tmp/scarlet-cargo-readiness-target/release/build/libnghttp2-sys-72c82208311ea321/build-script-build` (exit status: 1)
  --- stdout
  OPT_LEVEL = Some(3)
  TARGET = Some(aarch64-unknown-scarlet)
  CARGO_ENCODED_RUSTFLAGS = Some(-Cpanic=abort-Clinker=/nix/store/j9qx1hvhsibni3hjhvs156pnqn24hq1p-lld-21.1.8/bin/ld.lld)
  HOST = Some(aarch64-apple-darwin)
  cargo:rerun-if-env-changed=CC_aarch64-unknown-scarlet
  CC_aarch64-unknown-scarlet = None
  cargo:rerun-if-env-changed=CC_aarch64_unknown_scarlet
  CC_aarch64_unknown_scarlet = Some(/nix/store/1g31prgnyak0bdszc40z72lmafkhjz64-clang-21.1.8/bin/clang)
  RUSTC_WRAPPER = None
  cargo:rerun-if-env-changed=CC_ENABLE_DEBUG_OUTPUT
  cargo:rerun-if-env-changed=CRATE_CC_NO_DEFAULTS
  CRATE_CC_NO_DEFAULTS = None
  DEBUG = Some(false)
  cargo:rerun-if-env-changed=CFLAGS
  CFLAGS = None
  cargo:rerun-if-env-changed=TARGET_CFLAGS
  TARGET_CFLAGS = None
  cargo:rerun-if-env-changed=CFLAGS_aarch64_unknown_scarlet
  CFLAGS_aarch64_unknown_scarlet = Some(--target=aarch64-unknown-none -nostdinc -isystem /nix/store/vhg4azj1sd88x317byclhyzbqr4xlfpw-clang-21.1.8-lib/lib/clang/21/include -I /Users/petitstrawberry/Development/Rust/Scarlet/user/lib/scarlet-libc/include)
  cargo:rerun-if-env-changed=CC_SHELL_ESCAPED_FLAGS
  CC_SHELL_ESCAPED_FLAGS = None
  cargo:rerun-if-env-changed=CFLAGS_aarch64-unknown-scarlet
  CFLAGS_aarch64-unknown-scarlet = None
  cargo:warning=In file included from nghttp2/lib/sfparse.c:27:
  cargo:warning=In file included from nghttp2/lib/sfparse.h:46:
  cargo:warning=/nix/store/vhg4azj1sd88x317byclhyzbqr4xlfpw-clang-21.1.8-lib/lib/clang/21/include/inttypes.h:24:15: fatal error: 'inttypes.h' file not found
  cargo:warning=   24 | #include_next <inttypes.h>
  cargo:warning=      |               ^~~~~~~~~~~~
  cargo:warning=1 error generated.
  exit status: 1
  cargo:warning=ToolExecError: command did not execute successfully (status code exit status: 1): LC_ALL="C" "/nix/store/1g31prgnyak0bdszc40z72lmafkhjz64-clang-21.1.8/bin/clang" "-O3" "-ffunction-sections" "-fdata-sections" "-fPIC" "--target=aarch64-unknown-scarlet" "-I" "nghttp2/lib/includes" "-I" "/tmp/scarlet-cargo-readiness-target/aarch64-unknown-scarlet/release/build/libnghttp2-sys-0c60836a9a105966/out/i/include" "-DNGHTTP2_STATICLIB" "-DHAVE_NETINET_IN" "-DHAVE_TIME_H" "-DHAVE_ARPA_INET_H" "--target=aarch64-unknown-none" "-nostdinc" "-isystem" "/nix/store/vhg4azj1sd88x317byclhyzbqr4xlfpw-clang-21.1.8-lib/lib/clang/21/include" "-I" "/Users/petitstrawberry/Development/Rust/Scarlet/user/lib/scarlet-libc/include" "-o" "/tmp/scarlet-cargo-readiness-target/aarch64-unknown-scarlet/release/build/libnghttp2-sys-0c60836a9a105966/out/i/lib/64375acaab57ea54-sfparse.o" "-c" "nghttp2/lib/sfparse.c"cargo:warning=In file included from nghttp2/lib/nghttp2_alpn.c:25:
  cargo:warning=In file included from nghttp2/lib/nghttp2_alpn.h:32:
  cargo:warning=In file included from nghttp2/lib/includes/nghttp2/nghttp2.h:50:
  cargo:warning=/nix/store/vhg4azj1sd88x317byclhyzbqr4xlfpw-clang-21.1.8-lib/lib/clang/21/include/inttypes.h:24:15: fatal error: 'inttypes.h' file not found
  cargo:warning=   24 | #include_next <inttypes.h>
  cargo:warning=      |               ^~~~~~~~~~~~
  cargo:warning=1 error generated.

  exit status: 1
  cargo:warning=ToolExecError: command did not execute successfully (status code exit status: 1): LC_ALL="C" "/nix/store/1g31prgnyak0bdszc40z72lmafkhjz64-clang-21.1.8/bin/clang" "-O3" "-ffunction-sections" "-fdata-sections" "-fPIC" "--target=aarch64-unknown-scarlet" "-I" "nghttp2/lib/includes" "-I" "/tmp/scarlet-cargo-readiness-target/aarch64-unknown-scarlet/release/build/libnghttp2-sys-0c60836a9a105966/out/i/include" "-DNGHTTP2_STATICLIB" "-DHAVE_NETINET_IN" "-DHAVE_TIME_H" "-DHAVE_ARPA_INET_H" "--target=aarch64-unknown-none" "-nostdinc" "-isystem" "/nix/store/vhg4azj1sd88x317byclhyzbqr4xlfpw-clang-21.1.8-lib/lib/clang/21/include" "-I" "/Users/petitstrawberry/Development/Rust/Scarlet/user/lib/scarlet-libc/include" "-o" "/tmp/scarlet-cargo-readiness-target/aarch64-unknown-scarlet/release/build/libnghttp2-sys-0c60836a9a105966/out/i/lib/64375acaab57ea54-nghttp2_alpn.o" "-c" "nghttp2/lib/nghttp2_alpn.c"cargo:warning=In file included from nghttp2/lib/nghttp2_buf.c:25:
  cargo:warning=In file included from nghttp2/lib/nghttp2_buf.h:32:
  cargo:warning=In file included from nghttp2/lib/includes/nghttp2/nghttp2.h:50:
  cargo:warning=/nix/store/vhg4azj1sd88x317byclhyzbqr4xlfpw-clang-21.1.8-lib/lib/clang/21/include/inttypes.h:24:15: fatal error: 'inttypes.h' file not found
  cargo:warning=   24 | #include_next <inttypes.h>
  cargo:warning=      |               ^~~~~~~~~~~~
  cargo:warning=1 error generated.

  exit status: 1
  cargo:warning=ToolExecError: command did not execute successfully (status code exit status: 1): LC_ALL="C" "/nix/store/1g31prgnyak0bdszc40z72lmafkhjz64-clang-21.1.8/bin/clang" "-O3" "-ffunction-sections" "-fdata-sections" "-fPIC" "--target=aarch64-unknown-scarlet" "-I" "nghttp2/lib/includes" "-I" "/tmp/scarlet-cargo-readiness-target/aarch64-unknown-scarlet/release/build/libnghttp2-sys-0c60836a9a105966/out/i/include" "-DNGHTTP2_STATICLIB" "-DHAVE_NETINET_IN" "-DHAVE_TIME_H" "-DHAVE_ARPA_INET_H" "--target=aarch64-unknown-none" "-nostdinc" "-isystem" "/nix/store/vhg4azj1sd88x317byclhyzbqr4xlfpw-clang-21.1.8-lib/lib/clang/21/include" "-I" "/Users/petitstrawberry/Development/Rust/Scarlet/user/lib/scarlet-libc/include" "-o" "/tmp/scarlet-cargo-readiness-target/aarch64-unknown-scarlet/release/build/libnghttp2-sys-0c60836a9a105966/out/i/lib/64375acaab57ea54-nghttp2_buf.o" "-c" "nghttp2/lib/nghttp2_buf.c"cargo:warning=In file included from nghttp2/lib/nghttp2_callbacks.c:25:
  cargo:warning=In file included from nghttp2/lib/nghttp2_callbacks.h:32:
  cargo:warning=In file included from nghttp2/lib/includes/nghttp2/nghttp2.h:50:
  cargo:warning=/nix/store/vhg4azj1sd88x317byclhyzbqr4xlfpw-clang-21.1.8-lib/lib/clang/21/include/inttypes.h:24:15: fatal error: 'inttypes.h' file not found
  cargo:warning=   24 | #include_next <inttypes.h>
  cargo:warning=      |               ^~~~~~~~~~~~
  cargo:warning=1 error generated.

  exit status: 1
  cargo:warning=ToolExecError: command did not execute successfully (status code exit status: 1): LC_ALL="C" "/nix/store/1g31prgnyak0bdszc40z72lmafkhjz64-clang-21.1.8/bin/clang" "-O3" "-ffunction-sections" "-fdata-sections" "-fPIC" "--target=aarch64-unknown-scarlet" "-I" "nghttp2/lib/includes" "-I" "/tmp/scarlet-cargo-readiness-target/aarch64-unknown-scarlet/release/build/libnghttp2-sys-0c60836a9a105966/out/i/include" "-DNGHTTP2_STATICLIB" "-DHAVE_NETINET_IN" "-DHAVE_TIME_H" "-DHAVE_ARPA_INET_H" "--target=aarch64-unknown-none" "-nostdinc" "-isystem" "/nix/store/vhg4azj1sd88x317byclhyzbqr4xlfpw-clang-21.1.8-lib/lib/clang/21/include" "-I" "/Users/petitstrawberry/Development/Rust/Scarlet/user/lib/scarlet-libc/include" "-o" "/tmp/scarlet-cargo-readiness-target/aarch64-unknown-scarlet/release/build/libnghttp2-sys-0c60836a9a105966/out/i/lib/64375acaab57ea54-nghttp2_callbacks.o" "-c" "nghttp2/lib/nghttp2_callbacks.c"cargo:warning=In file included from nghttp2/lib/nghttp2_debug.c:25:
  cargo:warning=In file included from nghttp2/lib/nghttp2_debug.h:32:
  cargo:warning=In file included from nghttp2/lib/includes/nghttp2/nghttp2.h:50:
  cargo:warning=/nix/store/vhg4azj1sd88x317byclhyzbqr4xlfpw-clang-21.1.8-lib/lib/clang/21/include/inttypes.h:24:15: fatal error: 'inttypes.h' file not found
  cargo:warning=   24 | #include_next <inttypes.h>
  cargo:warning=      |               ^~~~~~~~~~~~
  cargo:warning=1 error generated.

  exit status: 1
  cargo:warning=ToolExecError: command did not execute successfully (status code exit status: 1): LC_ALL="C" "/nix/store/1g31prgnyak0bdszc40z72lmafkhjz64-clang-21.1.8/bin/clang" "-O3" "-ffunction-sections" "-fdata-sections" "-fPIC" "--target=aarch64-unknown-scarlet" "-I" "nghttp2/lib/includes" "-I" "/tmp/scarlet-cargo-readiness-target/aarch64-unknown-scarlet/release/build/libnghttp2-sys-0c60836a9a105966/out/i/include" "-DNGHTTP2_STATICLIB" "-DHAVE_NETINET_IN" "-DHAVE_TIME_H" "-DHAVE_ARPA_INET_H" "--target=aarch64-unknown-none" "-nostdinc" "-isystem" "/nix/store/vhg4azj1sd88x317byclhyzbqr4xlfpw-clang-21.1.8-lib/lib/clang/21/include" "-I" "/Users/petitstrawberry/Development/Rust/Scarlet/user/lib/scarlet-libc/include" "-o" "/tmp/scarlet-cargo-readiness-target/aarch64-unknown-scarlet/release/build/libnghttp2-sys-0c60836a9a105966/out/i/lib/64375acaab57ea54-nghttp2_debug.o" "-c" "nghttp2/lib/nghttp2_debug.c"cargo:warning=In file included from nghttp2/lib/nghttp2_extpri.c:26:
  cargo:warning=In file included from nghttp2/lib/nghttp2_extpri.h:33:
  cargo:warning=In file included from nghttp2/lib/includes/nghttp2/nghttp2.h:50:
  cargo:warning=/nix/store/vhg4azj1sd88x317byclhyzbqr4xlfpw-clang-21.1.8-lib/lib/clang/21/include/inttypes.h:24:15: fatal error: 'inttypes.h' file not found
  cargo:warning=   24 | #include_next <inttypes.h>
  cargo:warning=      |               ^~~~~~~~~~~~
  cargo:warning=1 error generated.

  exit status: 1
  cargo:warning=ToolExecError: command did not execute successfully (status code exit status: 1): LC_ALL="C" "/nix/store/1g31prgnyak0bdszc40z72lmafkhjz64-clang-21.1.8/bin/clang" "-O3" "-ffunction-sections" "-fdata-sections" "-fPIC" "--target=aarch64-unknown-scarlet" "-I" "nghttp2/lib/includes" "-I" "/tmp/scarlet-cargo-readiness-target/aarch64-unknown-scarlet/release/build/libnghttp2-sys-0c60836a9a105966/out/i/include" "-DNGHTTP2_STATICLIB" "-DHAVE_NETINET_IN" "-DHAVE_TIME_H" "-DHAVE_ARPA_INET_H" "--target=aarch64-unknown-none" "-nostdinc" "-isystem" "/nix/store/vhg4azj1sd88x317byclhyzbqr4xlfpw-clang-21.1.8-lib/lib/clang/21/include" "-I" "/Users/petitstrawberry/Development/Rust/Scarlet/user/lib/scarlet-libc/include" "-o" "/tmp/scarlet-cargo-readiness-target/aarch64-unknown-scarlet/release/build/libnghttp2-sys-0c60836a9a105966/out/i/lib/64375acaab57ea54-nghttp2_extpri.o" "-c" "nghttp2/lib/nghttp2_extpri.c"cargo:warning=In file included from nghttp2/lib/nghttp2_frame.c:25:
  cargo:warning=In file included from nghttp2/lib/nghttp2_frame.h:32:
  cargo:warning=In file included from nghttp2/lib/includes/nghttp2/nghttp2.h:50:
  cargo:warning=/nix/store/vhg4azj1sd88x317byclhyzbqr4xlfpw-clang-21.1.8-lib/lib/clang/21/include/inttypes.h:24:15: fatal error: 'inttypes.h' file not found
  cargo:warning=   24 | #include_next <inttypes.h>
  cargo:warning=      |               ^~~~~~~~~~~~
  cargo:warning=1 error generated.

  exit status: 1
  cargo:warning=ToolExecError: command did not execute successfully (status code exit status: 1): LC_ALL="C" "/nix/store/1g31prgnyak0bdszc40z72lmafkhjz64-clang-21.1.8/bin/clang" "-O3" "-ffunction-sections" "-fdata-sections" "-fPIC" "--target=aarch64-unknown-scarlet" "-I" "nghttp2/lib/includes" "-I" "/tmp/scarlet-cargo-readiness-target/aarch64-unknown-scarlet/release/build/libnghttp2-sys-0c60836a9a105966/out/i/include" "-DNGHTTP2_STATICLIB" "-DHAVE_NETINET_IN" "-DHAVE_TIME_H" "-DHAVE_ARPA_INET_H" "--target=aarch64-unknown-none" "-nostdinc" "-isystem" "/nix/store/vhg4azj1sd88x317byclhyzbqr4xlfpw-clang-21.1.8-lib/lib/clang/21/include" "-I" "/Users/petitstrawberry/Development/Rust/Scarlet/user/lib/scarlet-libc/include" "-o" "/tmp/scarlet-cargo-readiness-target/aarch64-unknown-scarlet/release/build/libnghttp2-sys-0c60836a9a105966/out/i/lib/64375acaab57ea54-nghttp2_frame.o" "-c" "nghttp2/lib/nghttp2_frame.c"cargo:warning=In file included from nghttp2/lib/nghttp2_hd.c:25:
  cargo:warning=In file included from nghttp2/lib/nghttp2_hd.h:32:
  cargo:warning=In file included from nghttp2/lib/includes/nghttp2/nghttp2.h:50:
  cargo:warning=/nix/store/vhg4azj1sd88x317byclhyzbqr4xlfpw-clang-21.1.8-lib/lib/clang/21/include/inttypes.h:24:15: fatal error: 'inttypes.h' file not found
  cargo:warning=   24 | #include_next <inttypes.h>
  cargo:warning=      |               ^~~~~~~~~~~~
  cargo:warning=1 error generated.

  exit status: 1
  cargo:warning=ToolExecError: command did not execute successfully (status code exit status: 1): LC_ALL="C" "/nix/store/1g31prgnyak0bdszc40z72lmafkhjz64-clang-21.1.8/bin/clang" "-O3" "-ffunction-sections" "-fdata-sections" "-fPIC" "--target=aarch64-unknown-scarlet" "-I" "nghttp2/lib/includes" "-I" "/tmp/scarlet-cargo-readiness-target/aarch64-unknown-scarlet/release/build/libnghttp2-sys-0c60836a9a105966/out/i/include" "-DNGHTTP2_STATICLIB" "-DHAVE_NETINET_IN" "-DHAVE_TIME_H" "-DHAVE_ARPA_INET_H" "--target=aarch64-unknown-none" "-nostdinc" "-isystem" "/nix/store/vhg4azj1sd88x317byclhyzbqr4xlfpw-clang-21.1.8-lib/lib/clang/21/include" "-I" "/Users/petitstrawberry/Development/Rust/Scarlet/user/lib/scarlet-libc/include" "-o" "/tmp/scarlet-cargo-readiness-target/aarch64-unknown-scarlet/release/build/libnghttp2-sys-0c60836a9a105966/out/i/lib/64375acaab57ea54-nghttp2_hd.o" "-c" "nghttp2/lib/nghttp2_hd.c"cargo:warning=In file included from nghttp2/lib/nghttp2_hd_huffman.c:25:
  cargo:warning=In file included from nghttp2/lib/nghttp2_hd_huffman.h:32:
  cargo:warning=In file included from nghttp2/lib/includes/nghttp2/nghttp2.h:50:
  cargo:warning=/nix/store/vhg4azj1sd88x317byclhyzbqr4xlfpw-clang-21.1.8-lib/lib/clang/21/include/inttypes.h:24:15: fatal error: 'inttypes.h' file not found
  cargo:warning=   24 | #include_next <inttypes.h>
  cargo:warning=      |               ^~~~~~~~~~~~
  cargo:warning=1 error generated.

  exit status: 1
  cargo:warning=ToolExecError: command did not execute successfully (status code exit status: 1): LC_ALL="C" "/nix/store/1g31prgnyak0bdszc40z72lmafkhjz64-clang-21.1.8/bin/clang" "-O3" "-ffunction-sections" "-fdata-sections" "-fPIC" "--target=aarch64-unknown-scarlet" "-I" "nghttp2/lib/includes" "-I" "/tmp/scarlet-cargo-readiness-target/aarch64-unknown-scarlet/release/build/libnghttp2-sys-0c60836a9a105966/out/i/include" "-DNGHTTP2_STATICLIB" "-DHAVE_NETINET_IN" "-DHAVE_TIME_H" "-DHAVE_ARPA_INET_H" "--target=aarch64-unknown-none" "-nostdinc" "-isystem" "/nix/store/vhg4azj1sd88x317byclhyzbqr4xlfpw-clang-21.1.8-lib/lib/clang/21/include" "-I" "/Users/petitstrawberry/Development/Rust/Scarlet/user/lib/scarlet-libc/include" "-o" "/tmp/scarlet-cargo-readiness-target/aarch64-unknown-scarlet/release/build/libnghttp2-sys-0c60836a9a105966/out/i/lib/64375acaab57ea54-nghttp2_hd_huffman.o" "-c" "nghttp2/lib/nghttp2_hd_huffman.c"cargo:warning=In file included from nghttp2/lib/nghttp2_hd_huffman_data.c:25:
  cargo:warning=In file included from nghttp2/lib/nghttp2_hd_huffman.h:32:
  cargo:warning=In file included from nghttp2/lib/includes/nghttp2/nghttp2.h:50:
  cargo:warning=/nix/store/vhg4azj1sd88x317byclhyzbqr4xlfpw-clang-21.1.8-lib/lib/clang/21/include/inttypes.h:24:15: fatal error: 'inttypes.h' file not found
  cargo:warning=   24 | #include_next <inttypes.h>
  cargo:warning=      |               ^~~~~~~~~~~~
  cargo:warning=1 error generated.

  exit status: 1
  cargo:warning=ToolExecError: command did not execute successfully (status code exit status: 1): LC_ALL="C" "/nix/store/1g31prgnyak0bdszc40z72lmafkhjz64-clang-21.1.8/bin/clang" "-O3" "-ffunction-sections" "-fdata-sections" "-fPIC" "--target=aarch64-unknown-scarlet" "-I" "nghttp2/lib/includes" "-I" "/tmp/scarlet-cargo-readiness-target/aarch64-unknown-scarlet/release/build/libnghttp2-sys-0c60836a9a105966/out/i/include" "-DNGHTTP2_STATICLIB" "-DHAVE_NETINET_IN" "-DHAVE_TIME_H" "-DHAVE_ARPA_INET_H" "--target=aarch64-unknown-none" "-nostdinc" "-isystem" "/nix/store/vhg4azj1sd88x317byclhyzbqr4xlfpw-clang-21.1.8-lib/lib/clang/21/include" "-I" "/Users/petitstrawberry/Development/Rust/Scarlet/user/lib/scarlet-libc/include" "-o" "/tmp/scarlet-cargo-readiness-target/aarch64-unknown-scarlet/release/build/libnghttp2-sys-0c60836a9a105966/out/i/lib/64375acaab57ea54-nghttp2_hd_huffman_data.o" "-c" "nghttp2/lib/nghttp2_hd_huffman_data.c"cargo:warning=In file included from nghttp2/lib/nghttp2_helper.c:25:
  cargo:warning=In file included from nghttp2/lib/nghttp2_helper.h:35:
  cargo:warning=In file included from nghttp2/lib/includes/nghttp2/nghttp2.h:50:
  cargo:warning=/nix/store/vhg4azj1sd88x317byclhyzbqr4xlfpw-clang-21.1.8-lib/lib/clang/21/include/inttypes.h:24:15: fatal error: 'inttypes.h' file not found
  cargo:warning=   24 | #include_next <inttypes.h>
  cargo:warning=      |               ^~~~~~~~~~~~
  cargo:warning=1 error generated.

  exit status: 1
  cargo:warning=ToolExecError: command did not execute successfully (status code exit status: 1): LC_ALL="C" "/nix/store/1g31prgnyak0bdszc40z72lmafkhjz64-clang-21.1.8/bin/clang" "-O3" "-ffunction-sections" "-fdata-sections" "-fPIC" "--target=aarch64-unknown-scarlet" "-I" "nghttp2/lib/includes" "-I" "/tmp/scarlet-cargo-readiness-target/aarch64-unknown-scarlet/release/build/libnghttp2-sys-0c60836a9a105966/out/i/include" "-DNGHTTP2_STATICLIB" "-DHAVE_NETINET_IN" "-DHAVE_TIME_H" "-DHAVE_ARPA_INET_H" "--target=aarch64-unknown-none" "-nostdinc" "-isystem" "/nix/store/vhg4azj1sd88x317byclhyzbqr4xlfpw-clang-21.1.8-lib/lib/clang/21/include" "-I" "/Users/petitstrawberry/Development/Rust/Scarlet/user/lib/scarlet-libc/include" "-o" "/tmp/scarlet-cargo-readiness-target/aarch64-unknown-scarlet/release/build/libnghttp2-sys-0c60836a9a105966/out/i/lib/64375acaab57ea54-nghttp2_helper.o" "-c" "nghttp2/lib/nghttp2_helper.c"cargo:warning=In file included from nghttp2/lib/nghttp2_http.c:25:
  cargo:warning=In file included from nghttp2/lib/nghttp2_http.h:32:
  cargo:warning=In file included from nghttp2/lib/includes/nghttp2/nghttp2.h:50:
  cargo:warning=/nix/store/vhg4azj1sd88x317byclhyzbqr4xlfpw-clang-21.1.8-lib/lib/clang/21/include/inttypes.h:24:15: fatal error: 'inttypes.h' file not found
  cargo:warning=   24 | #include_next <inttypes.h>
  cargo:warning=      |               ^~~~~~~~~~~~
  cargo:warning=1 error generated.

  exit status: 1
  cargo:warning=ToolExecError: command did not execute successfully (status code exit status: 1): LC_ALL="C" "/nix/store/1g31prgnyak0bdszc40z72lmafkhjz64-clang-21.1.8/bin/clang" "-O3" "-ffunction-sections" "-fdata-sections" "-fPIC" "--target=aarch64-unknown-scarlet" "-I" "nghttp2/lib/includes" "-I" "/tmp/scarlet-cargo-readiness-target/aarch64-unknown-scarlet/release/build/libnghttp2-sys-0c60836a9a105966/out/i/include" "-DNGHTTP2_STATICLIB" "-DHAVE_NETINET_IN" "-DHAVE_TIME_H" "-DHAVE_ARPA_INET_H" "--target=aarch64-unknown-none" "-nostdinc" "-isystem" "/nix/store/vhg4azj1sd88x317byclhyzbqr4xlfpw-clang-21.1.8-lib/lib/clang/21/include" "-I" "/Users/petitstrawberry/Development/Rust/Scarlet/user/lib/scarlet-libc/include" "-o" "/tmp/scarlet-cargo-readiness-target/aarch64-unknown-scarlet/release/build/libnghttp2-sys-0c60836a9a105966/out/i/lib/64375acaab57ea54-nghttp2_http.o" "-c" "nghttp2/lib/nghttp2_http.c"cargo:warning=In file included from nghttp2/lib/nghttp2_map.c:26:
  cargo:warning=In file included from nghttp2/lib/nghttp2_map.h:33:
  cargo:warning=In file included from nghttp2/lib/includes/nghttp2/nghttp2.h:50:
  cargo:warning=/nix/store/vhg4azj1sd88x317byclhyzbqr4xlfpw-clang-21.1.8-lib/lib/clang/21/include/inttypes.h:24:15: fatal error: 'inttypes.h' file not found
  cargo:warning=   24 | #include_next <inttypes.h>
  cargo:warning=      |               ^~~~~~~~~~~~
  cargo:warning=1 error generated.

  exit status: 1
  cargo:warning=ToolExecError: command did not execute successfully (status code exit status: 1): LC_ALL="C" "/nix/store/1g31prgnyak0bdszc40z72lmafkhjz64-clang-21.1.8/bin/clang" "-O3" "-ffunction-sections" "-fdata-sections" "-fPIC" "--target=aarch64-unknown-scarlet" "-I" "nghttp2/lib/includes" "-I" "/tmp/scarlet-cargo-readiness-target/aarch64-unknown-scarlet/release/build/libnghttp2-sys-0c60836a9a105966/out/i/include" "-DNGHTTP2_STATICLIB" "-DHAVE_NETINET_IN" "-DHAVE_TIME_H" "-DHAVE_ARPA_INET_H" "--target=aarch64-unknown-none" "-nostdinc" "-isystem" "/nix/store/vhg4azj1sd88x317byclhyzbqr4xlfpw-clang-21.1.8-lib/lib/clang/21/include" "-I" "/Users/petitstrawberry/Development/Rust/Scarlet/user/lib/scarlet-libc/include" "-o" "/tmp/scarlet-cargo-readiness-target/aarch64-unknown-scarlet/release/build/libnghttp2-sys-0c60836a9a105966/out/i/lib/64375acaab57ea54-nghttp2_map.o" "-c" "nghttp2/lib/nghttp2_map.c"cargo:warning=In file included from nghttp2/lib/nghttp2_mem.c:25:
  cargo:warning=In file included from nghttp2/lib/nghttp2_mem.h:32:
  cargo:warning=In file included from nghttp2/lib/includes/nghttp2/nghttp2.h:50:
  cargo:warning=/nix/store/vhg4azj1sd88x317byclhyzbqr4xlfpw-clang-21.1.8-lib/lib/clang/21/include/inttypes.h:24:15: fatal error: 'inttypes.h' file not found
  cargo:warning=   24 | #include_next <inttypes.h>
  cargo:warning=      |               ^~~~~~~~~~~~
  cargo:warning=1 error generated.

  exit status: 1
  cargo:warning=ToolExecError: command did not execute successfully (status code exit status: 1): LC_ALL="C" "/nix/store/1g31prgnyak0bdszc40z72lmafkhjz64-clang-21.1.8/bin/clang" "-O3" "-ffunction-sections" "-fdata-sections" "-fPIC" "--target=aarch64-unknown-scarlet" "-I" "nghttp2/lib/includes" "-I" "/tmp/scarlet-cargo-readiness-target/aarch64-unknown-scarlet/release/build/libnghttp2-sys-0c60836a9a105966/out/i/include" "-DNGHTTP2_STATICLIB" "-DHAVE_NETINET_IN" "-DHAVE_TIME_H" "-DHAVE_ARPA_INET_H" "--target=aarch64-unknown-none" "-nostdinc" "-isystem" "/nix/store/vhg4azj1sd88x317byclhyzbqr4xlfpw-clang-21.1.8-lib/lib/clang/21/include" "-I" "/Users/petitstrawberry/Development/Rust/Scarlet/user/lib/scarlet-libc/include" "-o" "/tmp/scarlet-cargo-readiness-target/aarch64-unknown-scarlet/release/build/libnghttp2-sys-0c60836a9a105966/out/i/lib/64375acaab57ea54-nghttp2_mem.o" "-c" "nghttp2/lib/nghttp2_mem.c"cargo:warning=In file included from nghttp2/lib/nghttp2_option.c:25:
  cargo:warning=In file included from nghttp2/lib/nghttp2_option.h:32:
  cargo:warning=In file included from nghttp2/lib/includes/nghttp2/nghttp2.h:50:
  cargo:warning=/nix/store/vhg4azj1sd88x317byclhyzbqr4xlfpw-clang-21.1.8-lib/lib/clang/21/include/inttypes.h:24:15: fatal error: 'inttypes.h' file not found
  cargo:warning=   24 | #include_next <inttypes.h>
  cargo:warning=      |               ^~~~~~~~~~~~
  cargo:warning=1 error generated.

  exit status: 1
  cargo:warning=ToolExecError: command did not execute successfully (status code exit status: 1): LC_ALL="C" "/nix/store/1g31prgnyak0bdszc40z72lmafkhjz64-clang-21.1.8/bin/clang" "-O3" "-ffunction-sections" "-fdata-sections" "-fPIC" "--target=aarch64-unknown-scarlet" "-I" "nghttp2/lib/includes" "-I" "/tmp/scarlet-cargo-readiness-target/aarch64-unknown-scarlet/release/build/libnghttp2-sys-0c60836a9a105966/out/i/include" "-DNGHTTP2_STATICLIB" "-DHAVE_NETINET_IN" "-DHAVE_TIME_H" "-DHAVE_ARPA_INET_H" "--target=aarch64-unknown-none" "-nostdinc" "-isystem" "/nix/store/vhg4azj1sd88x317byclhyzbqr4xlfpw-clang-21.1.8-lib/lib/clang/21/include" "-I" "/Users/petitstrawberry/Development/Rust/Scarlet/user/lib/scarlet-libc/include" "-o" "/tmp/scarlet-cargo-readiness-target/aarch64-unknown-scarlet/release/build/libnghttp2-sys-0c60836a9a105966/out/i/lib/64375acaab57ea54-nghttp2_option.o" "-c" "nghttp2/lib/nghttp2_option.c"cargo:warning=In file included from nghttp2/lib/nghttp2_outbound_item.c:25:
  cargo:warning=In file included from nghttp2/lib/nghttp2_outbound_item.h:32:
  cargo:warning=In file included from nghttp2/lib/includes/nghttp2/nghttp2.h:50:
  cargo:warning=/nix/store/vhg4azj1sd88x317byclhyzbqr4xlfpw-clang-21.1.8-lib/lib/clang/21/include/inttypes.h:24:15: fatal error: 'inttypes.h' file not found
  cargo:warning=   24 | #include_next <inttypes.h>
  cargo:warning=      |               ^~~~~~~~~~~~
  cargo:warning=1 error generated.

  exit status: 1
  cargo:warning=ToolExecError: command did not execute successfully (status code exit status: 1): LC_ALL="C" "/nix/store/1g31prgnyak0bdszc40z72lmafkhjz64-clang-21.1.8/bin/clang" "-O3" "-ffunction-sections" "-fdata-sections" "-fPIC" "--target=aarch64-unknown-scarlet" "-I" "nghttp2/lib/includes" "-I" "/tmp/scarlet-cargo-readiness-target/aarch64-unknown-scarlet/release/build/libnghttp2-sys-0c60836a9a105966/out/i/include" "-DNGHTTP2_STATICLIB" "-DHAVE_NETINET_IN" "-DHAVE_TIME_H" "-DHAVE_ARPA_INET_H" "--target=aarch64-unknown-none" "-nostdinc" "-isystem" "/nix/store/vhg4azj1sd88x317byclhyzbqr4xlfpw-clang-21.1.8-lib/lib/clang/21/include" "-I" "/Users/petitstrawberry/Development/Rust/Scarlet/user/lib/scarlet-libc/include" "-o" "/tmp/scarlet-cargo-readiness-target/aarch64-unknown-scarlet/release/build/libnghttp2-sys-0c60836a9a105966/out/i/lib/64375acaab57ea54-nghttp2_outbound_item.o" "-c" "nghttp2/lib/nghttp2_outbound_item.c"cargo:warning=In file included from nghttp2/lib/nghttp2_pq.c:25:
  cargo:warning=In file included from nghttp2/lib/nghttp2_pq.h:32:
  cargo:warning=In file included from nghttp2/lib/includes/nghttp2/nghttp2.h:50:
  cargo:warning=/nix/store/vhg4azj1sd88x317byclhyzbqr4xlfpw-clang-21.1.8-lib/lib/clang/21/include/inttypes.h:24:15: fatal error: 'inttypes.h' file not found
  cargo:warning=   24 | #include_next <inttypes.h>
  cargo:warning=      |               ^~~~~~~~~~~~
  cargo:warning=1 error generated.

  exit status: 1
  cargo:warning=ToolExecError: command did not execute successfully (status code exit status: 1): LC_ALL="C" "/nix/store/1g31prgnyak0bdszc40z72lmafkhjz64-clang-21.1.8/bin/clang" "-O3" "-ffunction-sections" "-fdata-sections" "-fPIC" "--target=aarch64-unknown-scarlet" "-I" "nghttp2/lib/includes" "-I" "/tmp/scarlet-cargo-readiness-target/aarch64-unknown-scarlet/release/build/libnghttp2-sys-0c60836a9a105966/out/i/include" "-DNGHTTP2_STATICLIB" "-DHAVE_NETINET_IN" "-DHAVE_TIME_H" "-DHAVE_ARPA_INET_H" "--target=aarch64-unknown-none" "-nostdinc" "-isystem" "/nix/store/vhg4azj1sd88x317byclhyzbqr4xlfpw-clang-21.1.8-lib/lib/clang/21/include" "-I" "/Users/petitstrawberry/Development/Rust/Scarlet/user/lib/scarlet-libc/include" "-o" "/tmp/scarlet-cargo-readiness-target/aarch64-unknown-scarlet/release/build/libnghttp2-sys-0c60836a9a105966/out/i/lib/64375acaab57ea54-nghttp2_pq.o" "-c" "nghttp2/lib/nghttp2_pq.c"cargo:warning=In file included from nghttp2/lib/nghttp2_priority_spec.c:25:
  cargo:warning=In file included from nghttp2/lib/nghttp2_priority_spec.h:32:
  cargo:warning=In file included from nghttp2/lib/includes/nghttp2/nghttp2.h:50:
  cargo:warning=/nix/store/vhg4azj1sd88x317byclhyzbqr4xlfpw-clang-21.1.8-lib/lib/clang/21/include/inttypes.h:24:15: fatal error: 'inttypes.h' file not found
  cargo:warning=   24 | #include_next <inttypes.h>
  cargo:warning=      |               ^~~~~~~~~~~~
  cargo:warning=1 error generated.

  exit status: 1
  cargo:warning=ToolExecError: command did not execute successfully (status code exit status: 1): LC_ALL="C" "/nix/store/1g31prgnyak0bdszc40z72lmafkhjz64-clang-21.1.8/bin/clang" "-O3" "-ffunction-sections" "-fdata-sections" "-fPIC" "--target=aarch64-unknown-scarlet" "-I" "nghttp2/lib/includes" "-I" "/tmp/scarlet-cargo-readiness-target/aarch64-unknown-scarlet/release/build/libnghttp2-sys-0c60836a9a105966/out/i/include" "-DNGHTTP2_STATICLIB" "-DHAVE_NETINET_IN" "-DHAVE_TIME_H" "-DHAVE_ARPA_INET_H" "--target=aarch64-unknown-none" "-nostdinc" "-isystem" "/nix/store/vhg4azj1sd88x317byclhyzbqr4xlfpw-clang-21.1.8-lib/lib/clang/21/include" "-I" "/Users/petitstrawberry/Development/Rust/Scarlet/user/lib/scarlet-libc/include" "-o" "/tmp/scarlet-cargo-readiness-target/aarch64-unknown-scarlet/release/build/libnghttp2-sys-0c60836a9a105966/out/i/lib/64375acaab57ea54-nghttp2_priority_spec.o" "-c" "nghttp2/lib/nghttp2_priority_spec.c"cargo:warning=In file included from nghttp2/lib/nghttp2_queue.c:25:
  cargo:warning=In file included from nghttp2/lib/nghttp2_queue.h:32:
  cargo:warning=In file included from nghttp2/lib/includes/nghttp2/nghttp2.h:50:
  cargo:warning=/nix/store/vhg4azj1sd88x317byclhyzbqr4xlfpw-clang-21.1.8-lib/lib/clang/21/include/inttypes.h:24:15: fatal error: 'inttypes.h' file not found
  cargo:warning=   24 | #include_next <inttypes.h>
  cargo:warning=      |               ^~~~~~~~~~~~
  cargo:warning=1 error generated.

  exit status: 1
  cargo:warning=ToolExecError: command did not execute successfully (status code exit status: 1): LC_ALL="C" "/nix/store/1g31prgnyak0bdszc40z72lmafkhjz64-clang-21.1.8/bin/clang" "-O3" "-ffunction-sections" "-fdata-sections" "-fPIC" "--target=aarch64-unknown-scarlet" "-I" "nghttp2/lib/includes" "-I" "/tmp/scarlet-cargo-readiness-target/aarch64-unknown-scarlet/release/build/libnghttp2-sys-0c60836a9a105966/out/i/include" "-DNGHTTP2_STATICLIB" "-DHAVE_NETINET_IN" "-DHAVE_TIME_H" "-DHAVE_ARPA_INET_H" "--target=aarch64-unknown-none" "-nostdinc" "-isystem" "/nix/store/vhg4azj1sd88x317byclhyzbqr4xlfpw-clang-21.1.8-lib/lib/clang/21/include" "-I" "/Users/petitstrawberry/Development/Rust/Scarlet/user/lib/scarlet-libc/include" "-o" "/tmp/scarlet-cargo-readiness-target/aarch64-unknown-scarlet/release/build/libnghttp2-sys-0c60836a9a105966/out/i/lib/64375acaab57ea54-nghttp2_queue.o" "-c" "nghttp2/lib/nghttp2_queue.c"cargo:warning=In file included from nghttp2/lib/nghttp2_rcbuf.c:25:
  cargo:warning=In file included from nghttp2/lib/nghttp2_rcbuf.h:32:
  cargo:warning=In file included from nghttp2/lib/includes/nghttp2/nghttp2.h:50:
  cargo:warning=/nix/store/vhg4azj1sd88x317byclhyzbqr4xlfpw-clang-21.1.8-lib/lib/clang/21/include/inttypes.h:24:15: fatal error: 'inttypes.h' file not found
  cargo:warning=   24 | #include_next <inttypes.h>
  cargo:warning=      |               ^~~~~~~~~~~~
  cargo:warning=1 error generated.

  exit status: 1
  cargo:warning=ToolExecError: command did not execute successfully (status code exit status: 1): LC_ALL="C" "/nix/store/1g31prgnyak0bdszc40z72lmafkhjz64-clang-21.1.8/bin/clang" "-O3" "-ffunction-sections" "-fdata-sections" "-fPIC" "--target=aarch64-unknown-scarlet" "-I" "nghttp2/lib/includes" "-I" "/tmp/scarlet-cargo-readiness-target/aarch64-unknown-scarlet/release/build/libnghttp2-sys-0c60836a9a105966/out/i/include" "-DNGHTTP2_STATICLIB" "-DHAVE_NETINET_IN" "-DHAVE_TIME_H" "-DHAVE_ARPA_INET_H" "--target=aarch64-unknown-none" "-nostdinc" "-isystem" "/nix/store/vhg4azj1sd88x317byclhyzbqr4xlfpw-clang-21.1.8-lib/lib/clang/21/include" "-I" "/Users/petitstrawberry/Development/Rust/Scarlet/user/lib/scarlet-libc/include" "-o" "/tmp/scarlet-cargo-readiness-target/aarch64-unknown-scarlet/release/build/libnghttp2-sys-0c60836a9a105966/out/i/lib/64375acaab57ea54-nghttp2_rcbuf.o" "-c" "nghttp2/lib/nghttp2_rcbuf.c"cargo:warning=In file included from nghttp2/lib/nghttp2_session.c:25:
  cargo:warning=In file included from nghttp2/lib/nghttp2_session.h:32:
  cargo:warning=In file included from nghttp2/lib/includes/nghttp2/nghttp2.h:50:
  cargo:warning=/nix/store/vhg4azj1sd88x317byclhyzbqr4xlfpw-clang-21.1.8-lib/lib/clang/21/include/inttypes.h:24:15: fatal error: 'inttypes.h' file not found
  cargo:warning=   24 | #include_next <inttypes.h>
  cargo:warning=      |               ^~~~~~~~~~~~
  cargo:warning=1 error generated.

  exit status: 1
  cargo:warning=ToolExecError: command did not execute successfully (status code exit status: 1): LC_ALL="C" "/nix/store/1g31prgnyak0bdszc40z72lmafkhjz64-clang-21.1.8/bin/clang" "-O3" "-ffunction-sections" "-fdata-sections" "-fPIC" "--target=aarch64-unknown-scarlet" "-I" "nghttp2/lib/includes" "-I" "/tmp/scarlet-cargo-readiness-target/aarch64-unknown-scarlet/release/build/libnghttp2-sys-0c60836a9a105966/out/i/include" "-DNGHTTP2_STATICLIB" "-DHAVE_NETINET_IN" "-DHAVE_TIME_H" "-DHAVE_ARPA_INET_H" "--target=aarch64-unknown-none" "-nostdinc" "-isystem" "/nix/store/vhg4azj1sd88x317byclhyzbqr4xlfpw-clang-21.1.8-lib/lib/clang/21/include" "-I" "/Users/petitstrawberry/Development/Rust/Scarlet/user/lib/scarlet-libc/include" "-o" "/tmp/scarlet-cargo-readiness-target/aarch64-unknown-scarlet/release/build/libnghttp2-sys-0c60836a9a105966/out/i/lib/64375acaab57ea54-nghttp2_session.o" "-c" "nghttp2/lib/nghttp2_session.c"cargo:warning=In file included from nghttp2/lib/nghttp2_stream.c:25:
  cargo:warning=In file included from nghttp2/lib/nghttp2_stream.h:32:
  cargo:warning=In file included from nghttp2/lib/includes/nghttp2/nghttp2.h:50:
  cargo:warning=/nix/store/vhg4azj1sd88x317byclhyzbqr4xlfpw-clang-21.1.8-lib/lib/clang/21/include/inttypes.h:24:15: fatal error: 'inttypes.h' file not found
  cargo:warning=   24 | #include_next <inttypes.h>
  cargo:warning=      |               ^~~~~~~~~~~~
  cargo:warning=1 error generated.

  exit status: 1
  cargo:warning=ToolExecError: command did not execute successfully (status code exit status: 1): LC_ALL="C" "/nix/store/1g31prgnyak0bdszc40z72lmafkhjz64-clang-21.1.8/bin/clang" "-O3" "-ffunction-sections" "-fdata-sections" "-fPIC" "--target=aarch64-unknown-scarlet" "-I" "nghttp2/lib/includes" "-I" "/tmp/scarlet-cargo-readiness-target/aarch64-unknown-scarlet/release/build/libnghttp2-sys-0c60836a9a105966/out/i/include" "-DNGHTTP2_STATICLIB" "-DHAVE_NETINET_IN" "-DHAVE_TIME_H" "-DHAVE_ARPA_INET_H" "--target=aarch64-unknown-none" "-nostdinc" "-isystem" "/nix/store/vhg4azj1sd88x317byclhyzbqr4xlfpw-clang-21.1.8-lib/lib/clang/21/include" "-I" "/Users/petitstrawberry/Development/Rust/Scarlet/user/lib/scarlet-libc/include" "-o" "/tmp/scarlet-cargo-readiness-target/aarch64-unknown-scarlet/release/build/libnghttp2-sys-0c60836a9a105966/out/i/lib/64375acaab57ea54-nghttp2_stream.o" "-c" "nghttp2/lib/nghttp2_stream.c"cargo:warning=In file included from nghttp2/lib/nghttp2_submit.c:25:
  cargo:warning=In file included from nghttp2/lib/nghttp2_submit.h:32:
  cargo:warning=In file included from nghttp2/lib/includes/nghttp2/nghttp2.h:50:
  cargo:warning=/nix/store/vhg4azj1sd88x317byclhyzbqr4xlfpw-clang-21.1.8-lib/lib/clang/21/include/inttypes.h:24:15: fatal error: 'inttypes.h' file not found
  cargo:warning=   24 | #include_next <inttypes.h>
  cargo:warning=      |               ^~~~~~~~~~~~
  cargo:warning=1 error generated.

  exit status: 1
  cargo:warning=ToolExecError: command did not execute successfully (status code exit status: 1): LC_ALL="C" "/nix/store/1g31prgnyak0bdszc40z72lmafkhjz64-clang-21.1.8/bin/clang" "-O3" "-ffunction-sections" "-fdata-sections" "-fPIC" "--target=aarch64-unknown-scarlet" "-I" "nghttp2/lib/includes" "-I" "/tmp/scarlet-cargo-readiness-target/aarch64-unknown-scarlet/release/build/libnghttp2-sys-0c60836a9a105966/out/i/include" "-DNGHTTP2_STATICLIB" "-DHAVE_NETINET_IN" "-DHAVE_TIME_H" "-DHAVE_ARPA_INET_H" "--target=aarch64-unknown-none" "-nostdinc" "-isystem" "/nix/store/vhg4azj1sd88x317byclhyzbqr4xlfpw-clang-21.1.8-lib/lib/clang/21/include" "-I" "/Users/petitstrawberry/Development/Rust/Scarlet/user/lib/scarlet-libc/include" "-o" "/tmp/scarlet-cargo-readiness-target/aarch64-unknown-scarlet/release/build/libnghttp2-sys-0c60836a9a105966/out/i/lib/64375acaab57ea54-nghttp2_submit.o" "-c" "nghttp2/lib/nghttp2_submit.c"cargo:warning=In file included from nghttp2/lib/nghttp2_version.c:29:
  cargo:warning=In file included from nghttp2/lib/includes/nghttp2/nghttp2.h:50:
  cargo:warning=/nix/store/vhg4azj1sd88x317byclhyzbqr4xlfpw-clang-21.1.8-lib/lib/clang/21/include/inttypes.h:24:15: fatal error: 'inttypes.h' file not found
  cargo:warning=   24 | #include_next <inttypes.h>
  cargo:warning=      |               ^~~~~~~~~~~~
  cargo:warning=1 error generated.

  exit status: 1
  cargo:warning=ToolExecError: command did not execute successfully (status code exit status: 1): LC_ALL="C" "/nix/store/1g31prgnyak0bdszc40z72lmafkhjz64-clang-21.1.8/bin/clang" "-O3" "-ffunction-sections" "-fdata-sections" "-fPIC" "--target=aarch64-unknown-scarlet" "-I" "nghttp2/lib/includes" "-I" "/tmp/scarlet-cargo-readiness-target/aarch64-unknown-scarlet/release/build/libnghttp2-sys-0c60836a9a105966/out/i/include" "-DNGHTTP2_STATICLIB" "-DHAVE_NETINET_IN" "-DHAVE_TIME_H" "-DHAVE_ARPA_INET_H" "--target=aarch64-unknown-none" "-nostdinc" "-isystem" "/nix/store/vhg4azj1sd88x317byclhyzbqr4xlfpw-clang-21.1.8-lib/lib/clang/21/include" "-I" "/Users/petitstrawberry/Development/Rust/Scarlet/user/lib/scarlet-libc/include" "-o" "/tmp/scarlet-cargo-readiness-target/aarch64-unknown-scarlet/release/build/libnghttp2-sys-0c60836a9a105966/out/i/lib/64375acaab57ea54-nghttp2_version.o" "-c" "nghttp2/lib/nghttp2_version.c"cargo:warning=In file included from nghttp2/lib/nghttp2_ratelim.c:25:
  cargo:warning=In file included from nghttp2/lib/nghttp2_ratelim.h:32:
  cargo:warning=In file included from nghttp2/lib/includes/nghttp2/nghttp2.h:50:
  cargo:warning=/nix/store/vhg4azj1sd88x317byclhyzbqr4xlfpw-clang-21.1.8-lib/lib/clang/21/include/inttypes.h:24:15: fatal error: 'inttypes.h' file not found
  cargo:warning=   24 | #include_next <inttypes.h>
  cargo:warning=      |               ^~~~~~~~~~~~
  cargo:warning=1 error generated.

  exit status: 1
  cargo:warning=ToolExecError: command did not execute successfully (status code exit status: 1): LC_ALL="C" "/nix/store/1g31prgnyak0bdszc40z72lmafkhjz64-clang-21.1.8/bin/clang" "-O3" "-ffunction-sections" "-fdata-sections" "-fPIC" "--target=aarch64-unknown-scarlet" "-I" "nghttp2/lib/includes" "-I" "/tmp/scarlet-cargo-readiness-target/aarch64-unknown-scarlet/release/build/libnghttp2-sys-0c60836a9a105966/out/i/include" "-DNGHTTP2_STATICLIB" "-DHAVE_NETINET_IN" "-DHAVE_TIME_H" "-DHAVE_ARPA_INET_H" "--target=aarch64-unknown-none" "-nostdinc" "-isystem" "/nix/store/vhg4azj1sd88x317byclhyzbqr4xlfpw-clang-21.1.8-lib/lib/clang/21/include" "-I" "/Users/petitstrawberry/Development/Rust/Scarlet/user/lib/scarlet-libc/include" "-o" "/tmp/scarlet-cargo-readiness-target/aarch64-unknown-scarlet/release/build/libnghttp2-sys-0c60836a9a105966/out/i/lib/64375acaab57ea54-nghttp2_ratelim.o" "-c" "nghttp2/lib/nghttp2_ratelim.c"cargo:warning=In file included from nghttp2/lib/nghttp2_time.c:25:
  cargo:warning=In file included from nghttp2/lib/nghttp2_time.h:32:
  cargo:warning=In file included from nghttp2/lib/includes/nghttp2/nghttp2.h:50:
  cargo:warning=/nix/store/vhg4azj1sd88x317byclhyzbqr4xlfpw-clang-21.1.8-lib/lib/clang/21/include/inttypes.h:24:15: fatal error: 'inttypes.h' file not found
  cargo:warning=   24 | #include_next <inttypes.h>
  cargo:warning=      |               ^~~~~~~~~~~~
  cargo:warning=1 error generated.

  exit status: 1
  cargo:warning=ToolExecError: command did not execute successfully (status code exit status: 1): LC_ALL="C" "/nix/store/1g31prgnyak0bdszc40z72lmafkhjz64-clang-21.1.8/bin/clang" "-O3" "-ffunction-sections" "-fdata-sections" "-fPIC" "--target=aarch64-unknown-scarlet" "-I" "nghttp2/lib/includes" "-I" "/tmp/scarlet-cargo-readiness-target/aarch64-unknown-scarlet/release/build/libnghttp2-sys-0c60836a9a105966/out/i/include" "-DNGHTTP2_STATICLIB" "-DHAVE_NETINET_IN" "-DHAVE_TIME_H" "-DHAVE_ARPA_INET_H" "--target=aarch64-unknown-none" "-nostdinc" "-isystem" "/nix/store/vhg4azj1sd88x317byclhyzbqr4xlfpw-clang-21.1.8-lib/lib/clang/21/include" "-I" "/Users/petitstrawberry/Development/Rust/Scarlet/user/lib/scarlet-libc/include" "-o" "/tmp/scarlet-cargo-readiness-target/aarch64-unknown-scarlet/release/build/libnghttp2-sys-0c60836a9a105966/out/i/lib/64375acaab57ea54-nghttp2_time.o" "-c" "nghttp2/lib/nghttp2_time.c"

  --- stderr


  error occurred in cc-rs: command did not execute successfully (status code exit status: 1): LC_ALL="C" "/nix/store/1g31prgnyak0bdszc40z72lmafkhjz64-clang-21.1.8/bin/clang" "-O3" "-ffunction-sections" "-fdata-sections" "-fPIC" "--target=aarch64-unknown-scarlet" "-I" "nghttp2/lib/includes" "-I" "/tmp/scarlet-cargo-readiness-target/aarch64-unknown-scarlet/release/build/libnghttp2-sys-0c60836a9a105966/out/i/include" "-DNGHTTP2_STATICLIB" "-DHAVE_NETINET_IN" "-DHAVE_TIME_H" "-DHAVE_ARPA_INET_H" "--target=aarch64-unknown-none" "-nostdinc" "-isystem" "/nix/store/vhg4azj1sd88x317byclhyzbqr4xlfpw-clang-21.1.8-lib/lib/clang/21/include" "-I" "/Users/petitstrawberry/Development/Rust/Scarlet/user/lib/scarlet-libc/include" "-o" "/tmp/scarlet-cargo-readiness-target/aarch64-unknown-scarlet/release/build/libnghttp2-sys-0c60836a9a105966/out/i/lib/64375acaab57ea54-nghttp2_time.o" "-c" "nghttp2/lib/nghttp2_time.c"


    Checking hmac v0.12.1
SCARLET_BACKEND get enter
SCARLET_BACKEND load init enter
SCARLET_BACKEND factory enter
SCARLET_BACKEND factory exit
   Compiling curl v0.4.49
SCARLET_BACKEND get enter
SCARLET_BACKEND load init enter
SCARLET_BACKEND factory enter
SCARLET_BACKEND factory exit
    Checking errno v0.3.14
SCARLET_BACKEND get enter
SCARLET_BACKEND load init enter
SCARLET_BACKEND factory enter
SCARLET_BACKEND factory exit
   Compiling getrandom v0.3.4
error: The target OS is not yet supported in the errno crate.
  --> /Users/petitstrawberry/.cargo/registry/src/index.crates.io-1949cf8c6b5b557f/errno-0.3.14/src/sys.rs:12:1
   |
12 | compile_error!("The target OS is not yet supported in the errno crate.");
   | ^^^^^^^^^^^^^^^^^^^^^^^^^^^^^^^^^^^^^^^^^^^^^^^^^^^^^^^^^^^^^^^^^^^^^^^^

SCARLET_BACKEND get enter
SCARLET_BACKEND load init enter
SCARLET_BACKEND factory enter
SCARLET_BACKEND factory exit
error: could not compile `errno` (lib) due to 1 previous error
   Compiling serde_json v1.0.145
SCARLET_BACKEND get enter
SCARLET_BACKEND load init enter
SCARLET_BACKEND factory enter
SCARLET_BACKEND factory exit
    Checking foldhash v0.1.5
SCARLET_BACKEND get enter
SCARLET_BACKEND load init enter
SCARLET_BACKEND factory enter
SCARLET_BACKEND factory exit
    Checking hashbrown v0.15.5
SCARLET_BACKEND get enter
SCARLET_BACKEND load init enter
SCARLET_BACKEND factory enter
SCARLET_BACKEND factory exit
    Checking pkcs8 v0.10.2
SCARLET_BACKEND get enter
SCARLET_BACKEND load init enter
SCARLET_BACKEND factory enter
SCARLET_BACKEND factory exit
    Checking gix-traverse v0.48.0
    Checking idna_adapter v1.2.1
SCARLET_BACKEND get enter
SCARLET_BACKEND load init enter
SCARLET_BACKEND factory enter
SCARLET_BACKEND factory exit
SCARLET_BACKEND get enter
SCARLET_BACKEND load init enter
SCARLET_BACKEND factory enter
SCARLET_BACKEND factory exit
    Checking tracing-core v0.1.35
SCARLET_BACKEND get enter
SCARLET_BACKEND load init enter
SCARLET_BACKEND factory enter
SCARLET_BACKEND factory exit
    Checking gix-bitmap v0.2.15
SCARLET_BACKEND get enter
SCARLET_BACKEND load init enter
SCARLET_BACKEND factory enter
SCARLET_BACKEND factory exit
   Compiling autocfg v1.5.0
SCARLET_BACKEND get enter
SCARLET_BACKEND load init enter
SCARLET_BACKEND factory enter
SCARLET_BACKEND factory exit
    Checking socket2 v0.6.1
SCARLET_BACKEND get enter
SCARLET_BACKEND load init enter
SCARLET_BACKEND factory enter
SCARLET_BACKEND factory exit
error[E0583]: file not found for module `sys`
   --> /Users/petitstrawberry/.cargo/registry/src/index.crates.io-1949cf8c6b5b557f/socket2-0.6.1/src/lib.rs:181:1
    |
181 | mod sys;
    | ^^^^^^^^
    |
    = help: to create the module `sys`, create file "/Users/petitstrawberry/.cargo/registry/src/index.crates.io-1949cf8c6b5b557f/socket2-0.6.1/src/sys.rs" or "/Users/petitstrawberry/.cargo/registry/src/index.crates.io-1949cf8c6b5b557f/socket2-0.6.1/src/sys/mod.rs"
    = note: if there is a `mod sys` elsewhere in the crate already, import it with `use crate::...` instead

error: Socket2 doesn't support the compile target
   --> /Users/petitstrawberry/.cargo/registry/src/index.crates.io-1949cf8c6b5b557f/socket2-0.6.1/src/lib.rs:184:1
    |
184 | compile_error!("Socket2 doesn't support the compile target");
    | ^^^^^^^^^^^^^^^^^^^^^^^^^^^^^^^^^^^^^^^^^^^^^^^^^^^^^^^^^^^^

    Checking utf8_iter v1.0.4
SCARLET_BACKEND get enter
SCARLET_BACKEND load init enter
SCARLET_BACKEND factory enter
SCARLET_BACKEND factory exit
error[E0061]: this function takes 4 arguments but 3 arguments were supplied
   --> /Users/petitstrawberry/.cargo/registry/src/index.crates.io-1949cf8c6b5b557f/socket2-0.6.1/src/sockaddr.rs:292:33
    |
292 |               Some(SocketAddr::V6(SocketAddrV6::new(
    |  _________________________________^^^^^^^^^^^^^^^^^-
293 | |                 ip,
294 | |                 port,
295 | |                 addr.sin6_flowinfo,
...   |
301 | |                 },
302 | |             )))
    | |_____________- argument #4 of type `u32` is missing
    |
note: associated function defined here
   --> library/core/src/net/socket_addr.rs:426:17
help: provide the argument
    |
292 ~             Some(SocketAddr::V6(SocketAddrV6::new(
293 +                 ip,
294 +                 port,
295 +                 addr.sin6_flowinfo,
296 +                 /* u32 */,
297 ~             )))
    |

error[E0308]: mismatched types
    --> /Users/petitstrawberry/.cargo/registry/src/index.crates.io-1949cf8c6b5b557f/socket2-0.6.1/src/socket.rs:2319:23
     |
2319 | from!(net::TcpStream, Socket);
     |                       ^^^^^^ expected `Socket`, found `()`
     |
    ::: /Users/petitstrawberry/.cargo/registry/src/index.crates.io-1949cf8c6b5b557f/socket2-0.6.1/src/lib.rs:111:16
     |
 111 |             fn from(socket: $from) -> $for {
     |                ---- implicitly returns `()` as its body has no tail or `return` expression

error[E0308]: mismatched types
    --> /Users/petitstrawberry/.cargo/registry/src/index.crates.io-1949cf8c6b5b557f/socket2-0.6.1/src/socket.rs:2320:25
     |
2320 | from!(net::TcpListener, Socket);
     |                         ^^^^^^ expected `Socket`, found `()`
     |
    ::: /Users/petitstrawberry/.cargo/registry/src/index.crates.io-1949cf8c6b5b557f/socket2-0.6.1/src/lib.rs:111:16
     |
 111 |             fn from(socket: $from) -> $for {
     |                ---- implicitly returns `()` as its body has no tail or `return` expression

error[E0308]: mismatched types
    --> /Users/petitstrawberry/.cargo/registry/src/index.crates.io-1949cf8c6b5b557f/socket2-0.6.1/src/socket.rs:2321:23
     |
2321 | from!(net::UdpSocket, Socket);
     |                       ^^^^^^ expected `Socket`, found `()`
     |
    ::: /Users/petitstrawberry/.cargo/registry/src/index.crates.io-1949cf8c6b5b557f/socket2-0.6.1/src/lib.rs:111:16
     |
 111 |             fn from(socket: $from) -> $for {
     |                ---- implicitly returns `()` as its body has no tail or `return` expression

error[E0308]: mismatched types
    --> /Users/petitstrawberry/.cargo/registry/src/index.crates.io-1949cf8c6b5b557f/socket2-0.6.1/src/socket.rs:2322:15
     |
2322 | from!(Socket, net::TcpStream);
     |               ^^^^^^^^^^^^^^ expected `TcpStream`, found `()`
     |
    ::: /Users/petitstrawberry/.cargo/registry/src/index.crates.io-1949cf8c6b5b557f/socket2-0.6.1/src/lib.rs:111:16
     |
 111 |             fn from(socket: $from) -> $for {
     |                ---- implicitly returns `()` as its body has no tail or `return` expression

error[E0308]: mismatched types
    --> /Users/petitstrawberry/.cargo/registry/src/index.crates.io-1949cf8c6b5b557f/socket2-0.6.1/src/socket.rs:2323:15
     |
2323 | from!(Socket, net::TcpListener);
     |               ^^^^^^^^^^^^^^^^ expected `TcpListener`, found `()`
     |
    ::: /Users/petitstrawberry/.cargo/registry/src/index.crates.io-1949cf8c6b5b557f/socket2-0.6.1/src/lib.rs:111:16
     |
 111 |             fn from(socket: $from) -> $for {
     |                ---- implicitly returns `()` as its body has no tail or `return` expression

error[E0308]: mismatched types
    --> /Users/petitstrawberry/.cargo/registry/src/index.crates.io-1949cf8c6b5b557f/socket2-0.6.1/src/socket.rs:2324:15
     |
2324 | from!(Socket, net::UdpSocket);
     |               ^^^^^^^^^^^^^^ expected `UdpSocket`, found `()`
     |
    ::: /Users/petitstrawberry/.cargo/registry/src/index.crates.io-1949cf8c6b5b557f/socket2-0.6.1/src/lib.rs:111:16
     |
 111 |             fn from(socket: $from) -> $for {
     |                ---- implicitly returns `()` as its body has no tail or `return` expression

Some errors have detailed explanations: E0061, E0308, E0583.
For more information about an error, try `rustc --explain E0061`.
    Checking base16ct v0.2.0
error: could not compile `socket2` (lib) due to 9 previous errors
    Checking ryu v1.0.20
SCARLET_BACKEND get enter
SCARLET_BACKEND load init enter
SCARLET_BACKEND factory enter
SCARLET_BACKEND factory exit
SCARLET_BACKEND get enter
SCARLET_BACKEND load init enter
SCARLET_BACKEND factory enter
SCARLET_BACKEND factory exit
   Compiling cfg-if v1.0.4
SCARLET_BACKEND get enter
SCARLET_BACKEND load init enter
SCARLET_BACKEND factory enter
SCARLET_BACKEND factory exit
    Checking fnv v1.0.7
SCARLET_BACKEND get enter
SCARLET_BACKEND load init enter
SCARLET_BACKEND factory enter
SCARLET_BACKEND factory exit
SCARLET_BACKEND get enter
SCARLET_BACKEND load init enter
SCARLET_BACKEND factory enter
SCARLET_BACKEND factory exit
   Compiling num-traits v0.2.19
    Checking sec1 v0.7.3
SCARLET_BACKEND get enter
SCARLET_BACKEND load init enter
SCARLET_BACKEND factory enter
SCARLET_BACKEND factory exit
SCARLET_BACKEND get enter
SCARLET_BACKEND load init enter
SCARLET_BACKEND factory enter
SCARLET_BACKEND factory exit
    Checking idna v1.1.0
SCARLET_BACKEND get enter
SCARLET_BACKEND load init enter
SCARLET_BACKEND factory enter
SCARLET_BACKEND factory exit
SCARLET_BACKEND get enter
SCARLET_BACKEND load init enter
SCARLET_BACKEND factory enter
SCARLET_BACKEND factory exit
error: target is not supported. You may need to define a custom backend see: https://docs.rs/getrandom/0.3.4/#custom-backend
   --> /Users/petitstrawberry/.cargo/registry/src/index.crates.io-1949cf8c6b5b557f/getrandom-0.3.4/src/backends.rs:204:9
    |
204 | /         compile_error!(concat!(
205 | |             "target is not supported. You may need to define a custom backend see: \
206 | |             https://docs.rs/getrandom/", env!("CARGO_PKG_VERSION"), "/#custom-backend"
207 | |         ));
    | |__________^

error[E0425]: cannot find function `fill_inner` in module `backends`
  --> /Users/petitstrawberry/.cargo/registry/src/index.crates.io-1949cf8c6b5b557f/getrandom-0.3.4/src/lib.rs:99:19
   |
99 |         backends::fill_inner(dest)?;
   |                   ^^^^^^^^^^ not found in `backends`

error[E0425]: cannot find function `inner_u32` in module `backends`
   --> /Users/petitstrawberry/.cargo/registry/src/index.crates.io-1949cf8c6b5b557f/getrandom-0.3.4/src/lib.rs:123:15
    |
123 |     backends::inner_u32()
    |               ^^^^^^^^^ not found in `backends`
    |
help: consider importing this function
    |
 33 + use crate::util::inner_u32;
    |
help: if you import `inner_u32`, refer to it directly
    |
123 -     backends::inner_u32()
123 +     inner_u32()
    |

error[E0425]: cannot find function `inner_u64` in module `backends`
   --> /Users/petitstrawberry/.cargo/registry/src/index.crates.io-1949cf8c6b5b557f/getrandom-0.3.4/src/lib.rs:137:15
    |
137 |     backends::inner_u64()
    |               ^^^^^^^^^ not found in `backends`
    |
help: consider importing this function
    |
 33 + use crate::util::inner_u64;
    |
help: if you import `inner_u64`, refer to it directly
    |
137 -     backends::inner_u64()
137 +     inner_u64()
    |

error: could not compile `getrandom` (lib) due to 4 previous errors
    Checking hkdf v0.12.4
SCARLET_BACKEND get enter
SCARLET_BACKEND load init enter
SCARLET_BACKEND factory enter
SCARLET_BACKEND factory exit
    Checking gix-ignore v0.17.1
SCARLET_BACKEND get enter
SCARLET_BACKEND load init enter
SCARLET_BACKEND factory enter
SCARLET_BACKEND factory exit
    Checking form_urlencoded v1.2.2
SCARLET_BACKEND get enter
SCARLET_BACKEND load init enter
SCARLET_BACKEND factory enter
SCARLET_BACKEND factory exit
    Checking gix-url v0.33.2
SCARLET_BACKEND get enter
SCARLET_BACKEND load init enter
SCARLET_BACKEND factory enter
SCARLET_BACKEND factory exit
   Compiling libgit2-sys v0.18.2+1.9.1
SCARLET_BACKEND get enter
SCARLET_BACKEND load init enter
SCARLET_BACKEND factory enter
SCARLET_BACKEND factory exit
   Compiling tracing-attributes v0.1.31
SCARLET_BACKEND get enter
SCARLET_BACKEND load init enter
SCARLET_BACKEND factory enter
SCARLET_BACKEND factory exit
    Checking anstyle v1.0.13
SCARLET_BACKEND get enter
SCARLET_BACKEND load init enter
SCARLET_BACKEND factory enter
SCARLET_BACKEND factory exit
    Checking utf8parse v0.2.2
SCARLET_BACKEND get enter
SCARLET_BACKEND load init enter
SCARLET_BACKEND factory enter
SCARLET_BACKEND factory exit
   Compiling zerocopy v0.8.31
   Compiling typeid v1.0.3
SCARLET_BACKEND get enter
SCARLET_BACKEND load init enter
SCARLET_BACKEND factory enter
SCARLET_BACKEND factory exit
SCARLET_BACKEND get enter
SCARLET_BACKEND load init enter
SCARLET_BACKEND factory enter
SCARLET_BACKEND factory exit
    Checking pin-project-lite v0.2.16
SCARLET_BACKEND get enter
SCARLET_BACKEND load init enter
SCARLET_BACKEND factory enter
SCARLET_BACKEND factory exit
    Checking anstyle-parse v0.2.7
SCARLET_BACKEND get enter
SCARLET_BACKEND load init enter
SCARLET_BACKEND factory enter
SCARLET_BACKEND factory exit
    Checking url v2.5.7
SCARLET_BACKEND get enter
SCARLET_BACKEND load init enter
SCARLET_BACKEND factory enter
SCARLET_BACKEND factory exit
    Checking gix-revision v0.36.1
SCARLET_BACKEND get enter
SCARLET_BACKEND load init enter
SCARLET_BACKEND factory enter
SCARLET_BACKEND factory exit
    Checking gix-packetline-blocking v0.19.3
SCARLET_BACKEND get enter
SCARLET_BACKEND load init enter
SCARLET_BACKEND factory enter
SCARLET_BACKEND factory exit
   Compiling crc32fast v1.5.0
    Checking encoding_rs v0.8.35
   Compiling erased-serde v0.4.9
SCARLET_BACKEND get enter
SCARLET_BACKEND load init enter
SCARLET_BACKEND factory enter
SCARLET_BACKEND factory exit
SCARLET_BACKEND get enter
SCARLET_BACKEND load init enter
SCARLET_BACKEND factory enter
SCARLET_BACKEND factory exit
    Checking tracing v0.1.43
SCARLET_BACKEND get enter
SCARLET_BACKEND load init enter
SCARLET_BACKEND factory enter
SCARLET_BACKEND factory exit
    Checking powerfmt v0.2.0
   Compiling zlib-rs v0.5.2
SCARLET_BACKEND get enter
SCARLET_BACKEND load init enter
SCARLET_BACKEND factory enter
SCARLET_BACKEND factory exit
SCARLET_BACKEND get enter
SCARLET_BACKEND load init enter
SCARLET_BACKEND factory enter
SCARLET_BACKEND factory exit
    Checking anstyle-query v1.1.5
SCARLET_BACKEND get enter
SCARLET_BACKEND load init enter
SCARLET_BACKEND factory enter
SCARLET_BACKEND factory exit
    Checking colorchoice v1.0.4
SCARLET_BACKEND get enter
SCARLET_BACKEND load init enter
SCARLET_BACKEND factory enter
SCARLET_BACKEND factory exit
   Compiling anyhow v1.0.100
SCARLET_BACKEND get enter
SCARLET_BACKEND load init enter
SCARLET_BACKEND factory enter
SCARLET_BACKEND factory exit
    Checking is_terminal_polyfill v1.70.2
SCARLET_BACKEND get enter
SCARLET_BACKEND load init enter
SCARLET_BACKEND factory enter
SCARLET_BACKEND factory exit
    Checking anstream v0.6.21
SCARLET_BACKEND get enter
SCARLET_BACKEND load init enter
SCARLET_BACKEND factory enter
SCARLET_BACKEND factory exit
    Checking deranged v0.5.5
SCARLET_BACKEND get enter
SCARLET_BACKEND load init enter
SCARLET_BACKEND factory enter
SCARLET_BACKEND factory exit
warning: libssh2-sys@0.3.1: In file included from libssh2/src/agent.c:42:
warning: libssh2-sys@0.3.1: libssh2/src/libssh2_priv.h:71:11: fatal error: 'poll.h' file not found
warning: libssh2-sys@0.3.1:    71 | # include <poll.h>
warning: libssh2-sys@0.3.1:       |           ^~~~~~~~
warning: libssh2-sys@0.3.1: 1 error generated.
warning: libssh2-sys@0.3.1: ToolExecError: command did not execute successfully (status code exit status: 1): LC_ALL="C" "/nix/store/1g31prgnyak0bdszc40z72lmafkhjz64-clang-21.1.8/bin/clang" "-O3" "-ffunction-sections" "-fdata-sections" "-fPIC" "--target=aarch64-unknown-scarlet" "-I" "/tmp/scarlet-cargo-readiness-target/aarch64-unknown-scarlet/release/build/libssh2-sys-702535f7128198aa/out/include" "-I" "libssh2/src" "-I" "/tmp/scarlet-cargo-readiness-target/aarch64-unknown-scarlet/release/build/libssh2-sys-702535f7128198aa/out/build" "-I" "/tmp/scarlet-cargo-readiness-target/aarch64-unknown-scarlet/release/build/libz-sys-358db38874294c61/out/include" "-fvisibility=hidden" "-DHAVE_LONGLONG" "-DHAVE_SNPRINTF" "-DHAVE_UNISTD_H" "-DHAVE_INTTYPES_H" "-DHAVE_STDLIB_H" "-DHAVE_SYS_SELECT_H" "-DHAVE_SYS_SOCKET_H" "-DHAVE_SYS_IOCTL_H" "-DHAVE_SYS_TIME_H" "-DHAVE_SYS_UN_H" "-DHAVE_O_NONBLOCK" "-DLIBSSH2_OPENSSL" "-DHAVE_LIBCRYPT32" "-DHAVE_EVP_AES_128_CTR" "-DHAVE_POLL" "-DHAVE_GETTIMEOFDAY" "-DLIBSSH2_DH_GEX_NEW" "-DLIBSSH2_HAVE_ZLIB" "--target=aarch64-unknown-none" "-nostdinc" "-isystem" "/nix/store/vhg4azj1sd88x317byclhyzbqr4xlfpw-clang-21.1.8-lib/lib/clang/21/include" "-I" "/Users/petitstrawberry/Development/Rust/Scarlet/user/lib/scarlet-libc/include" "-o" "/tmp/scarlet-cargo-readiness-target/aarch64-unknown-scarlet/release/build/libssh2-sys-702535f7128198aa/out/build/f89bd02e425f6856-agent.o" "-c" "libssh2/src/agent.c"cargo:warning=In file included from libssh2/src/bcrypt_pbkdf.c:20:
warning: libssh2-sys@0.3.1: libssh2/src/libssh2_priv.h:71:11: fatal error: 'poll.h' file not found
warning: libssh2-sys@0.3.1:    71 | # include <poll.h>
warning: libssh2-sys@0.3.1:       |           ^~~~~~~~
warning: libssh2-sys@0.3.1: 1 error generated.
warning: libssh2-sys@0.3.1: ToolExecError: command did not execute successfully (status code exit status: 1): LC_ALL="C" "/nix/store/1g31prgnyak0bdszc40z72lmafkhjz64-clang-21.1.8/bin/clang" "-O3" "-ffunction-sections" "-fdata-sections" "-fPIC" "--target=aarch64-unknown-scarlet" "-I" "/tmp/scarlet-cargo-readiness-target/aarch64-unknown-scarlet/release/build/libssh2-sys-702535f7128198aa/out/include" "-I" "libssh2/src" "-I" "/tmp/scarlet-cargo-readiness-target/aarch64-unknown-scarlet/release/build/libssh2-sys-702535f7128198aa/out/build" "-I" "/tmp/scarlet-cargo-readiness-target/aarch64-unknown-scarlet/release/build/libz-sys-358db38874294c61/out/include" "-fvisibility=hidden" "-DHAVE_LONGLONG" "-DHAVE_SNPRINTF" "-DHAVE_UNISTD_H" "-DHAVE_INTTYPES_H" "-DHAVE_STDLIB_H" "-DHAVE_SYS_SELECT_H" "-DHAVE_SYS_SOCKET_H" "-DHAVE_SYS_IOCTL_H" "-DHAVE_SYS_TIME_H" "-DHAVE_SYS_UN_H" "-DHAVE_O_NONBLOCK" "-DLIBSSH2_OPENSSL" "-DHAVE_LIBCRYPT32" "-DHAVE_EVP_AES_128_CTR" "-DHAVE_POLL" "-DHAVE_GETTIMEOFDAY" "-DLIBSSH2_DH_GEX_NEW" "-DLIBSSH2_HAVE_ZLIB" "--target=aarch64-unknown-none" "-nostdinc" "-isystem" "/nix/store/vhg4azj1sd88x317byclhyzbqr4xlfpw-clang-21.1.8-lib/lib/clang/21/include" "-I" "/Users/petitstrawberry/Development/Rust/Scarlet/user/lib/scarlet-libc/include" "-o" "/tmp/scarlet-cargo-readiness-target/aarch64-unknown-scarlet/release/build/libssh2-sys-702535f7128198aa/out/build/f89bd02e425f6856-bcrypt_pbkdf.o" "-c" "libssh2/src/bcrypt_pbkdf.c"cargo:warning=In file included from libssh2/src/chacha.c:10:
warning: libssh2-sys@0.3.1: libssh2/src/libssh2_priv.h:71:11: fatal error: 'poll.h' file not found
warning: libssh2-sys@0.3.1:    71 | # include <poll.h>
warning: libssh2-sys@0.3.1:       |           ^~~~~~~~
warning: libssh2-sys@0.3.1: 1 error generated.
warning: libssh2-sys@0.3.1: ToolExecError: command did not execute successfully (status code exit status: 1): LC_ALL="C" "/nix/store/1g31prgnyak0bdszc40z72lmafkhjz64-clang-21.1.8/bin/clang" "-O3" "-ffunction-sections" "-fdata-sections" "-fPIC" "--target=aarch64-unknown-scarlet" "-I" "/tmp/scarlet-cargo-readiness-target/aarch64-unknown-scarlet/release/build/libssh2-sys-702535f7128198aa/out/include" "-I" "libssh2/src" "-I" "/tmp/scarlet-cargo-readiness-target/aarch64-unknown-scarlet/release/build/libssh2-sys-702535f7128198aa/out/build" "-I" "/tmp/scarlet-cargo-readiness-target/aarch64-unknown-scarlet/release/build/libz-sys-358db38874294c61/out/include" "-fvisibility=hidden" "-DHAVE_LONGLONG" "-DHAVE_SNPRINTF" "-DHAVE_UNISTD_H" "-DHAVE_INTTYPES_H" "-DHAVE_STDLIB_H" "-DHAVE_SYS_SELECT_H" "-DHAVE_SYS_SOCKET_H" "-DHAVE_SYS_IOCTL_H" "-DHAVE_SYS_TIME_H" "-DHAVE_SYS_UN_H" "-DHAVE_O_NONBLOCK" "-DLIBSSH2_OPENSSL" "-DHAVE_LIBCRYPT32" "-DHAVE_EVP_AES_128_CTR" "-DHAVE_POLL" "-DHAVE_GETTIMEOFDAY" "-DLIBSSH2_DH_GEX_NEW" "-DLIBSSH2_HAVE_ZLIB" "--target=aarch64-unknown-none" "-nostdinc" "-isystem" "/nix/store/vhg4azj1sd88x317byclhyzbqr4xlfpw-clang-21.1.8-lib/lib/clang/21/include" "-I" "/Users/petitstrawberry/Development/Rust/Scarlet/user/lib/scarlet-libc/include" "-o" "/tmp/scarlet-cargo-readiness-target/aarch64-unknown-scarlet/release/build/libssh2-sys-702535f7128198aa/out/build/f89bd02e425f6856-chacha.o" "-c" "libssh2/src/chacha.c"cargo:warning=In file included from libssh2/src/channel.c:42:
warning: libssh2-sys@0.3.1: libssh2/src/libssh2_priv.h:71:11: fatal error: 'poll.h' file not found
warning: libssh2-sys@0.3.1:    71 | # include <poll.h>
warning: libssh2-sys@0.3.1:       |           ^~~~~~~~
warning: libssh2-sys@0.3.1: 1 error generated.
warning: libssh2-sys@0.3.1: ToolExecError: command did not execute successfully (status code exit status: 1): LC_ALL="C" "/nix/store/1g31prgnyak0bdszc40z72lmafkhjz64-clang-21.1.8/bin/clang" "-O3" "-ffunction-sections" "-fdata-sections" "-fPIC" "--target=aarch64-unknown-scarlet" "-I" "/tmp/scarlet-cargo-readiness-target/aarch64-unknown-scarlet/release/build/libssh2-sys-702535f7128198aa/out/include" "-I" "libssh2/src" "-I" "/tmp/scarlet-cargo-readiness-target/aarch64-unknown-scarlet/release/build/libssh2-sys-702535f7128198aa/out/build" "-I" "/tmp/scarlet-cargo-readiness-target/aarch64-unknown-scarlet/release/build/libz-sys-358db38874294c61/out/include" "-fvisibility=hidden" "-DHAVE_LONGLONG" "-DHAVE_SNPRINTF" "-DHAVE_UNISTD_H" "-DHAVE_INTTYPES_H" "-DHAVE_STDLIB_H" "-DHAVE_SYS_SELECT_H" "-DHAVE_SYS_SOCKET_H" "-DHAVE_SYS_IOCTL_H" "-DHAVE_SYS_TIME_H" "-DHAVE_SYS_UN_H" "-DHAVE_O_NONBLOCK" "-DLIBSSH2_OPENSSL" "-DHAVE_LIBCRYPT32" "-DHAVE_EVP_AES_128_CTR" "-DHAVE_POLL" "-DHAVE_GETTIMEOFDAY" "-DLIBSSH2_DH_GEX_NEW" "-DLIBSSH2_HAVE_ZLIB" "--target=aarch64-unknown-none" "-nostdinc" "-isystem" "/nix/store/vhg4azj1sd88x317byclhyzbqr4xlfpw-clang-21.1.8-lib/lib/clang/21/include" "-I" "/Users/petitstrawberry/Development/Rust/Scarlet/user/lib/scarlet-libc/include" "-o" "/tmp/scarlet-cargo-readiness-target/aarch64-unknown-scarlet/release/build/libssh2-sys-702535f7128198aa/out/build/f89bd02e425f6856-channel.o" "-c" "libssh2/src/channel.c"cargo:warning=In file included from libssh2/src/cipher-chachapoly.c:23:
warning: libssh2-sys@0.3.1: libssh2/src/libssh2_priv.h:71:11: fatal error: 'poll.h' file not found
warning: libssh2-sys@0.3.1:    71 | # include <poll.h>
warning: libssh2-sys@0.3.1:       |           ^~~~~~~~
warning: libssh2-sys@0.3.1: 1 error generated.
warning: libssh2-sys@0.3.1: ToolExecError: command did not execute successfully (status code exit status: 1): LC_ALL="C" "/nix/store/1g31prgnyak0bdszc40z72lmafkhjz64-clang-21.1.8/bin/clang" "-O3" "-ffunction-sections" "-fdata-sections" "-fPIC" "--target=aarch64-unknown-scarlet" "-I" "/tmp/scarlet-cargo-readiness-target/aarch64-unknown-scarlet/release/build/libssh2-sys-702535f7128198aa/out/include" "-I" "libssh2/src" "-I" "/tmp/scarlet-cargo-readiness-target/aarch64-unknown-scarlet/release/build/libssh2-sys-702535f7128198aa/out/build" "-I" "/tmp/scarlet-cargo-readiness-target/aarch64-unknown-scarlet/release/build/libz-sys-358db38874294c61/out/include" "-fvisibility=hidden" "-DHAVE_LONGLONG" "-DHAVE_SNPRINTF" "-DHAVE_UNISTD_H" "-DHAVE_INTTYPES_H" "-DHAVE_STDLIB_H" "-DHAVE_SYS_SELECT_H" "-DHAVE_SYS_SOCKET_H" "-DHAVE_SYS_IOCTL_H" "-DHAVE_SYS_TIME_H" "-DHAVE_SYS_UN_H" "-DHAVE_O_NONBLOCK" "-DLIBSSH2_OPENSSL" "-DHAVE_LIBCRYPT32" "-DHAVE_EVP_AES_128_CTR" "-DHAVE_POLL" "-DHAVE_GETTIMEOFDAY" "-DLIBSSH2_DH_GEX_NEW" "-DLIBSSH2_HAVE_ZLIB" "--target=aarch64-unknown-none" "-nostdinc" "-isystem" "/nix/store/vhg4azj1sd88x317byclhyzbqr4xlfpw-clang-21.1.8-lib/lib/clang/21/include" "-I" "/Users/petitstrawberry/Development/Rust/Scarlet/user/lib/scarlet-libc/include" "-o" "/tmp/scarlet-cargo-readiness-target/aarch64-unknown-scarlet/release/build/libssh2-sys-702535f7128198aa/out/build/f89bd02e425f6856-cipher-chachapoly.o" "-c" "libssh2/src/cipher-chachapoly.c"cargo:warning=In file included from libssh2/src/comp.c:41:
warning: libssh2-sys@0.3.1: libssh2/src/libssh2_priv.h:71:11: fatal error: 'poll.h' file not found
warning: libssh2-sys@0.3.1:    71 | # include <poll.h>
warning: libssh2-sys@0.3.1:       |           ^~~~~~~~
warning: libssh2-sys@0.3.1: 1 error generated.
warning: libssh2-sys@0.3.1: ToolExecError: command did not execute successfully (status code exit status: 1): LC_ALL="C" "/nix/store/1g31prgnyak0bdszc40z72lmafkhjz64-clang-21.1.8/bin/clang" "-O3" "-ffunction-sections" "-fdata-sections" "-fPIC" "--target=aarch64-unknown-scarlet" "-I" "/tmp/scarlet-cargo-readiness-target/aarch64-unknown-scarlet/release/build/libssh2-sys-702535f7128198aa/out/include" "-I" "libssh2/src" "-I" "/tmp/scarlet-cargo-readiness-target/aarch64-unknown-scarlet/release/build/libssh2-sys-702535f7128198aa/out/build" "-I" "/tmp/scarlet-cargo-readiness-target/aarch64-unknown-scarlet/release/build/libz-sys-358db38874294c61/out/include" "-fvisibility=hidden" "-DHAVE_LONGLONG" "-DHAVE_SNPRINTF" "-DHAVE_UNISTD_H" "-DHAVE_INTTYPES_H" "-DHAVE_STDLIB_H" "-DHAVE_SYS_SELECT_H" "-DHAVE_SYS_SOCKET_H" "-DHAVE_SYS_IOCTL_H" "-DHAVE_SYS_TIME_H" "-DHAVE_SYS_UN_H" "-DHAVE_O_NONBLOCK" "-DLIBSSH2_OPENSSL" "-DHAVE_LIBCRYPT32" "-DHAVE_EVP_AES_128_CTR" "-DHAVE_POLL" "-DHAVE_GETTIMEOFDAY" "-DLIBSSH2_DH_GEX_NEW" "-DLIBSSH2_HAVE_ZLIB" "--target=aarch64-unknown-none" "-nostdinc" "-isystem" "/nix/store/vhg4azj1sd88x317byclhyzbqr4xlfpw-clang-21.1.8-lib/lib/clang/21/include" "-I" "/Users/petitstrawberry/Development/Rust/Scarlet/user/lib/scarlet-libc/include" "-o" "/tmp/scarlet-cargo-readiness-target/aarch64-unknown-scarlet/release/build/libssh2-sys-702535f7128198aa/out/build/f89bd02e425f6856-comp.o" "-c" "libssh2/src/comp.c"cargo:warning=In file included from libssh2/src/crypt.c:41:
warning: libssh2-sys@0.3.1: libssh2/src/libssh2_priv.h:71:11: fatal error: 'poll.h' file not found
warning: libssh2-sys@0.3.1:    71 | # include <poll.h>
warning: libssh2-sys@0.3.1:       |           ^~~~~~~~
warning: libssh2-sys@0.3.1: 1 error generated.
warning: libssh2-sys@0.3.1: ToolExecError: command did not execute successfully (status code exit status: 1): LC_ALL="C" "/nix/store/1g31prgnyak0bdszc40z72lmafkhjz64-clang-21.1.8/bin/clang" "-O3" "-ffunction-sections" "-fdata-sections" "-fPIC" "--target=aarch64-unknown-scarlet" "-I" "/tmp/scarlet-cargo-readiness-target/aarch64-unknown-scarlet/release/build/libssh2-sys-702535f7128198aa/out/include" "-I" "libssh2/src" "-I" "/tmp/scarlet-cargo-readiness-target/aarch64-unknown-scarlet/release/build/libssh2-sys-702535f7128198aa/out/build" "-I" "/tmp/scarlet-cargo-readiness-target/aarch64-unknown-scarlet/release/build/libz-sys-358db38874294c61/out/include" "-fvisibility=hidden" "-DHAVE_LONGLONG" "-DHAVE_SNPRINTF" "-DHAVE_UNISTD_H" "-DHAVE_INTTYPES_H" "-DHAVE_STDLIB_H" "-DHAVE_SYS_SELECT_H" "-DHAVE_SYS_SOCKET_H" "-DHAVE_SYS_IOCTL_H" "-DHAVE_SYS_TIME_H" "-DHAVE_SYS_UN_H" "-DHAVE_O_NONBLOCK" "-DLIBSSH2_OPENSSL" "-DHAVE_LIBCRYPT32" "-DHAVE_EVP_AES_128_CTR" "-DHAVE_POLL" "-DHAVE_GETTIMEOFDAY" "-DLIBSSH2_DH_GEX_NEW" "-DLIBSSH2_HAVE_ZLIB" "--target=aarch64-unknown-none" "-nostdinc" "-isystem" "/nix/store/vhg4azj1sd88x317byclhyzbqr4xlfpw-clang-21.1.8-lib/lib/clang/21/include" "-I" "/Users/petitstrawberry/Development/Rust/Scarlet/user/lib/scarlet-libc/include" "-o" "/tmp/scarlet-cargo-readiness-target/aarch64-unknown-scarlet/release/build/libssh2-sys-702535f7128198aa/out/build/f89bd02e425f6856-crypt.o" "-c" "libssh2/src/crypt.c"cargo:warning=In file included from libssh2/src/crypto.c:7:
warning: libssh2-sys@0.3.1: libssh2/src/libssh2_priv.h:71:11: fatal error: 'poll.h' file not found
warning: libssh2-sys@0.3.1:    71 | # include <poll.h>
warning: libssh2-sys@0.3.1:       |           ^~~~~~~~
warning: libssh2-sys@0.3.1: 1 error generated.
warning: libssh2-sys@0.3.1: ToolExecError: command did not execute successfully (status code exit status: 1): LC_ALL="C" "/nix/store/1g31prgnyak0bdszc40z72lmafkhjz64-clang-21.1.8/bin/clang" "-O3" "-ffunction-sections" "-fdata-sections" "-fPIC" "--target=aarch64-unknown-scarlet" "-I" "/tmp/scarlet-cargo-readiness-target/aarch64-unknown-scarlet/release/build/libssh2-sys-702535f7128198aa/out/include" "-I" "libssh2/src" "-I" "/tmp/scarlet-cargo-readiness-target/aarch64-unknown-scarlet/release/build/libssh2-sys-702535f7128198aa/out/build" "-I" "/tmp/scarlet-cargo-readiness-target/aarch64-unknown-scarlet/release/build/libz-sys-358db38874294c61/out/include" "-fvisibility=hidden" "-DHAVE_LONGLONG" "-DHAVE_SNPRINTF" "-DHAVE_UNISTD_H" "-DHAVE_INTTYPES_H" "-DHAVE_STDLIB_H" "-DHAVE_SYS_SELECT_H" "-DHAVE_SYS_SOCKET_H" "-DHAVE_SYS_IOCTL_H" "-DHAVE_SYS_TIME_H" "-DHAVE_SYS_UN_H" "-DHAVE_O_NONBLOCK" "-DLIBSSH2_OPENSSL" "-DHAVE_LIBCRYPT32" "-DHAVE_EVP_AES_128_CTR" "-DHAVE_POLL" "-DHAVE_GETTIMEOFDAY" "-DLIBSSH2_DH_GEX_NEW" "-DLIBSSH2_HAVE_ZLIB" "--target=aarch64-unknown-none" "-nostdinc" "-isystem" "/nix/store/vhg4azj1sd88x317byclhyzbqr4xlfpw-clang-21.1.8-lib/lib/clang/21/include" "-I" "/Users/petitstrawberry/Development/Rust/Scarlet/user/lib/scarlet-libc/include" "-o" "/tmp/scarlet-cargo-readiness-target/aarch64-unknown-scarlet/release/build/libssh2-sys-702535f7128198aa/out/build/f89bd02e425f6856-crypto.o" "-c" "libssh2/src/crypto.c"cargo:warning=In file included from libssh2/src/global.c:41:
warning: libssh2-sys@0.3.1: libssh2/src/libssh2_priv.h:71:11: fatal error: 'poll.h' file not found
warning: libssh2-sys@0.3.1:    71 | # include <poll.h>
warning: libssh2-sys@0.3.1:       |           ^~~~~~~~
warning: libssh2-sys@0.3.1: 1 error generated.
warning: libssh2-sys@0.3.1: ToolExecError: command did not execute successfully (status code exit status: 1): LC_ALL="C" "/nix/store/1g31prgnyak0bdszc40z72lmafkhjz64-clang-21.1.8/bin/clang" "-O3" "-ffunction-sections" "-fdata-sections" "-fPIC" "--target=aarch64-unknown-scarlet" "-I" "/tmp/scarlet-cargo-readiness-target/aarch64-unknown-scarlet/release/build/libssh2-sys-702535f7128198aa/out/include" "-I" "libssh2/src" "-I" "/tmp/scarlet-cargo-readiness-target/aarch64-unknown-scarlet/release/build/libssh2-sys-702535f7128198aa/out/build" "-I" "/tmp/scarlet-cargo-readiness-target/aarch64-unknown-scarlet/release/build/libz-sys-358db38874294c61/out/include" "-fvisibility=hidden" "-DHAVE_LONGLONG" "-DHAVE_SNPRINTF" "-DHAVE_UNISTD_H" "-DHAVE_INTTYPES_H" "-DHAVE_STDLIB_H" "-DHAVE_SYS_SELECT_H" "-DHAVE_SYS_SOCKET_H" "-DHAVE_SYS_IOCTL_H" "-DHAVE_SYS_TIME_H" "-DHAVE_SYS_UN_H" "-DHAVE_O_NONBLOCK" "-DLIBSSH2_OPENSSL" "-DHAVE_LIBCRYPT32" "-DHAVE_EVP_AES_128_CTR" "-DHAVE_POLL" "-DHAVE_GETTIMEOFDAY" "-DLIBSSH2_DH_GEX_NEW" "-DLIBSSH2_HAVE_ZLIB" "--target=aarch64-unknown-none" "-nostdinc" "-isystem" "/nix/store/vhg4azj1sd88x317byclhyzbqr4xlfpw-clang-21.1.8-lib/lib/clang/21/include" "-I" "/Users/petitstrawberry/Development/Rust/Scarlet/user/lib/scarlet-libc/include" "-o" "/tmp/scarlet-cargo-readiness-target/aarch64-unknown-scarlet/release/build/libssh2-sys-702535f7128198aa/out/build/f89bd02e425f6856-global.o" "-c" "libssh2/src/global.c"cargo:warning=In file included from libssh2/src/hostkey.c:41:
warning: libssh2-sys@0.3.1: libssh2/src/libssh2_priv.h:71:11: fatal error: 'poll.h' file not found
warning: libssh2-sys@0.3.1:    71 | # include <poll.h>
warning: libssh2-sys@0.3.1:       |           ^~~~~~~~
warning: libssh2-sys@0.3.1: 1 error generated.
warning: libssh2-sys@0.3.1: ToolExecError: command did not execute successfully (status code exit status: 1): LC_ALL="C" "/nix/store/1g31prgnyak0bdszc40z72lmafkhjz64-clang-21.1.8/bin/clang" "-O3" "-ffunction-sections" "-fdata-sections" "-fPIC" "--target=aarch64-unknown-scarlet" "-I" "/tmp/scarlet-cargo-readiness-target/aarch64-unknown-scarlet/release/build/libssh2-sys-702535f7128198aa/out/include" "-I" "libssh2/src" "-I" "/tmp/scarlet-cargo-readiness-target/aarch64-unknown-scarlet/release/build/libssh2-sys-702535f7128198aa/out/build" "-I" "/tmp/scarlet-cargo-readiness-target/aarch64-unknown-scarlet/release/build/libz-sys-358db38874294c61/out/include" "-fvisibility=hidden" "-DHAVE_LONGLONG" "-DHAVE_SNPRINTF" "-DHAVE_UNISTD_H" "-DHAVE_INTTYPES_H" "-DHAVE_STDLIB_H" "-DHAVE_SYS_SELECT_H" "-DHAVE_SYS_SOCKET_H" "-DHAVE_SYS_IOCTL_H" "-DHAVE_SYS_TIME_H" "-DHAVE_SYS_UN_H" "-DHAVE_O_NONBLOCK" "-DLIBSSH2_OPENSSL" "-DHAVE_LIBCRYPT32" "-DHAVE_EVP_AES_128_CTR" "-DHAVE_POLL" "-DHAVE_GETTIMEOFDAY" "-DLIBSSH2_DH_GEX_NEW" "-DLIBSSH2_HAVE_ZLIB" "--target=aarch64-unknown-none" "-nostdinc" "-isystem" "/nix/store/vhg4azj1sd88x317byclhyzbqr4xlfpw-clang-21.1.8-lib/lib/clang/21/include" "-I" "/Users/petitstrawberry/Development/Rust/Scarlet/user/lib/scarlet-libc/include" "-o" "/tmp/scarlet-cargo-readiness-target/aarch64-unknown-scarlet/release/build/libssh2-sys-702535f7128198aa/out/build/f89bd02e425f6856-hostkey.o" "-c" "libssh2/src/hostkey.c"cargo:warning=In file included from libssh2/src/keepalive.c:40:
warning: libssh2-sys@0.3.1: libssh2/src/libssh2_priv.h:71:11: fatal error: 'poll.h' file not found
warning: libssh2-sys@0.3.1:    71 | # include <poll.h>
warning: libssh2-sys@0.3.1:       |           ^~~~~~~~
warning: libssh2-sys@0.3.1: 1 error generated.
warning: libssh2-sys@0.3.1: ToolExecError: command did not execute successfully (status code exit status: 1): LC_ALL="C" "/nix/store/1g31prgnyak0bdszc40z72lmafkhjz64-clang-21.1.8/bin/clang" "-O3" "-ffunction-sections" "-fdata-sections" "-fPIC" "--target=aarch64-unknown-scarlet" "-I" "/tmp/scarlet-cargo-readiness-target/aarch64-unknown-scarlet/release/build/libssh2-sys-702535f7128198aa/out/include" "-I" "libssh2/src" "-I" "/tmp/scarlet-cargo-readiness-target/aarch64-unknown-scarlet/release/build/libssh2-sys-702535f7128198aa/out/build" "-I" "/tmp/scarlet-cargo-readiness-target/aarch64-unknown-scarlet/release/build/libz-sys-358db38874294c61/out/include" "-fvisibility=hidden" "-DHAVE_LONGLONG" "-DHAVE_SNPRINTF" "-DHAVE_UNISTD_H" "-DHAVE_INTTYPES_H" "-DHAVE_STDLIB_H" "-DHAVE_SYS_SELECT_H" "-DHAVE_SYS_SOCKET_H" "-DHAVE_SYS_IOCTL_H" "-DHAVE_SYS_TIME_H" "-DHAVE_SYS_UN_H" "-DHAVE_O_NONBLOCK" "-DLIBSSH2_OPENSSL" "-DHAVE_LIBCRYPT32" "-DHAVE_EVP_AES_128_CTR" "-DHAVE_POLL" "-DHAVE_GETTIMEOFDAY" "-DLIBSSH2_DH_GEX_NEW" "-DLIBSSH2_HAVE_ZLIB" "--target=aarch64-unknown-none" "-nostdinc" "-isystem" "/nix/store/vhg4azj1sd88x317byclhyzbqr4xlfpw-clang-21.1.8-lib/lib/clang/21/include" "-I" "/Users/petitstrawberry/Development/Rust/Scarlet/user/lib/scarlet-libc/include" "-o" "/tmp/scarlet-cargo-readiness-target/aarch64-unknown-scarlet/release/build/libssh2-sys-702535f7128198aa/out/build/f89bd02e425f6856-keepalive.o" "-c" "libssh2/src/keepalive.c"cargo:warning=In file included from libssh2/src/kex.c:41:
warning: libssh2-sys@0.3.1: libssh2/src/libssh2_priv.h:71:11: fatal error: 'poll.h' file not found
warning: libssh2-sys@0.3.1:    71 | # include <poll.h>
warning: libssh2-sys@0.3.1:       |           ^~~~~~~~
warning: libssh2-sys@0.3.1: 1 error generated.
warning: libssh2-sys@0.3.1: ToolExecError: command did not execute successfully (status code exit status: 1): LC_ALL="C" "/nix/store/1g31prgnyak0bdszc40z72lmafkhjz64-clang-21.1.8/bin/clang" "-O3" "-ffunction-sections" "-fdata-sections" "-fPIC" "--target=aarch64-unknown-scarlet" "-I" "/tmp/scarlet-cargo-readiness-target/aarch64-unknown-scarlet/release/build/libssh2-sys-702535f7128198aa/out/include" "-I" "libssh2/src" "-I" "/tmp/scarlet-cargo-readiness-target/aarch64-unknown-scarlet/release/build/libssh2-sys-702535f7128198aa/out/build" "-I" "/tmp/scarlet-cargo-readiness-target/aarch64-unknown-scarlet/release/build/libz-sys-358db38874294c61/out/include" "-fvisibility=hidden" "-DHAVE_LONGLONG" "-DHAVE_SNPRINTF" "-DHAVE_UNISTD_H" "-DHAVE_INTTYPES_H" "-DHAVE_STDLIB_H" "-DHAVE_SYS_SELECT_H" "-DHAVE_SYS_SOCKET_H" "-DHAVE_SYS_IOCTL_H" "-DHAVE_SYS_TIME_H" "-DHAVE_SYS_UN_H" "-DHAVE_O_NONBLOCK" "-DLIBSSH2_OPENSSL" "-DHAVE_LIBCRYPT32" "-DHAVE_EVP_AES_128_CTR" "-DHAVE_POLL" "-DHAVE_GETTIMEOFDAY" "-DLIBSSH2_DH_GEX_NEW" "-DLIBSSH2_HAVE_ZLIB" "--target=aarch64-unknown-none" "-nostdinc" "-isystem" "/nix/store/vhg4azj1sd88x317byclhyzbqr4xlfpw-clang-21.1.8-lib/lib/clang/21/include" "-I" "/Users/petitstrawberry/Development/Rust/Scarlet/user/lib/scarlet-libc/include" "-o" "/tmp/scarlet-cargo-readiness-target/aarch64-unknown-scarlet/release/build/libssh2-sys-702535f7128198aa/out/build/f89bd02e425f6856-kex.o" "-c" "libssh2/src/kex.c"cargo:warning=In file included from libssh2/src/knownhost.c:41:
warning: libssh2-sys@0.3.1: libssh2/src/libssh2_priv.h:71:11: fatal error: 'poll.h' file not found
warning: libssh2-sys@0.3.1:    71 | # include <poll.h>
warning: libssh2-sys@0.3.1:       |           ^~~~~~~~
warning: libssh2-sys@0.3.1: 1 error generated.
warning: libssh2-sys@0.3.1: ToolExecError: command did not execute successfully (status code exit status: 1): LC_ALL="C" "/nix/store/1g31prgnyak0bdszc40z72lmafkhjz64-clang-21.1.8/bin/clang" "-O3" "-ffunction-sections" "-fdata-sections" "-fPIC" "--target=aarch64-unknown-scarlet" "-I" "/tmp/scarlet-cargo-readiness-target/aarch64-unknown-scarlet/release/build/libssh2-sys-702535f7128198aa/out/include" "-I" "libssh2/src" "-I" "/tmp/scarlet-cargo-readiness-target/aarch64-unknown-scarlet/release/build/libssh2-sys-702535f7128198aa/out/build" "-I" "/tmp/scarlet-cargo-readiness-target/aarch64-unknown-scarlet/release/build/libz-sys-358db38874294c61/out/include" "-fvisibility=hidden" "-DHAVE_LONGLONG" "-DHAVE_SNPRINTF" "-DHAVE_UNISTD_H" "-DHAVE_INTTYPES_H" "-DHAVE_STDLIB_H" "-DHAVE_SYS_SELECT_H" "-DHAVE_SYS_SOCKET_H" "-DHAVE_SYS_IOCTL_H" "-DHAVE_SYS_TIME_H" "-DHAVE_SYS_UN_H" "-DHAVE_O_NONBLOCK" "-DLIBSSH2_OPENSSL" "-DHAVE_LIBCRYPT32" "-DHAVE_EVP_AES_128_CTR" "-DHAVE_POLL" "-DHAVE_GETTIMEOFDAY" "-DLIBSSH2_DH_GEX_NEW" "-DLIBSSH2_HAVE_ZLIB" "--target=aarch64-unknown-none" "-nostdinc" "-isystem" "/nix/store/vhg4azj1sd88x317byclhyzbqr4xlfpw-clang-21.1.8-lib/lib/clang/21/include" "-I" "/Users/petitstrawberry/Development/Rust/Scarlet/user/lib/scarlet-libc/include" "-o" "/tmp/scarlet-cargo-readiness-target/aarch64-unknown-scarlet/release/build/libssh2-sys-702535f7128198aa/out/build/f89bd02e425f6856-knownhost.o" "-c" "libssh2/src/knownhost.c"cargo:warning=In file included from libssh2/src/mac.c:40:
warning: libssh2-sys@0.3.1: libssh2/src/libssh2_priv.h:71:11: fatal error: 'poll.h' file not found
warning: libssh2-sys@0.3.1:    71 | # include <poll.h>
warning: libssh2-sys@0.3.1:       |           ^~~~~~~~
warning: libssh2-sys@0.3.1: 1 error generated.
warning: libssh2-sys@0.3.1: ToolExecError: command did not execute successfully (status code exit status: 1): LC_ALL="C" "/nix/store/1g31prgnyak0bdszc40z72lmafkhjz64-clang-21.1.8/bin/clang" "-O3" "-ffunction-sections" "-fdata-sections" "-fPIC" "--target=aarch64-unknown-scarlet" "-I" "/tmp/scarlet-cargo-readiness-target/aarch64-unknown-scarlet/release/build/libssh2-sys-702535f7128198aa/out/include" "-I" "libssh2/src" "-I" "/tmp/scarlet-cargo-readiness-target/aarch64-unknown-scarlet/release/build/libssh2-sys-702535f7128198aa/out/build" "-I" "/tmp/scarlet-cargo-readiness-target/aarch64-unknown-scarlet/release/build/libz-sys-358db38874294c61/out/include" "-fvisibility=hidden" "-DHAVE_LONGLONG" "-DHAVE_SNPRINTF" "-DHAVE_UNISTD_H" "-DHAVE_INTTYPES_H" "-DHAVE_STDLIB_H" "-DHAVE_SYS_SELECT_H" "-DHAVE_SYS_SOCKET_H" "-DHAVE_SYS_IOCTL_H" "-DHAVE_SYS_TIME_H" "-DHAVE_SYS_UN_H" "-DHAVE_O_NONBLOCK" "-DLIBSSH2_OPENSSL" "-DHAVE_LIBCRYPT32" "-DHAVE_EVP_AES_128_CTR" "-DHAVE_POLL" "-DHAVE_GETTIMEOFDAY" "-DLIBSSH2_DH_GEX_NEW" "-DLIBSSH2_HAVE_ZLIB" "--target=aarch64-unknown-none" "-nostdinc" "-isystem" "/nix/store/vhg4azj1sd88x317byclhyzbqr4xlfpw-clang-21.1.8-lib/lib/clang/21/include" "-I" "/Users/petitstrawberry/Development/Rust/Scarlet/user/lib/scarlet-libc/include" "-o" "/tmp/scarlet-cargo-readiness-target/aarch64-unknown-scarlet/release/build/libssh2-sys-702535f7128198aa/out/build/f89bd02e425f6856-mac.o" "-c" "libssh2/src/mac.c"cargo:warning=In file included from libssh2/src/misc.c:42:
warning: libssh2-sys@0.3.1: libssh2/src/libssh2_priv.h:71:11: fatal error: 'poll.h' file not found
warning: libssh2-sys@0.3.1:    71 | # include <poll.h>
warning: libssh2-sys@0.3.1:       |           ^~~~~~~~
warning: libssh2-sys@0.3.1: 1 error generated.
warning: libssh2-sys@0.3.1: ToolExecError: command did not execute successfully (status code exit status: 1): LC_ALL="C" "/nix/store/1g31prgnyak0bdszc40z72lmafkhjz64-clang-21.1.8/bin/clang" "-O3" "-ffunction-sections" "-fdata-sections" "-fPIC" "--target=aarch64-unknown-scarlet" "-I" "/tmp/scarlet-cargo-readiness-target/aarch64-unknown-scarlet/release/build/libssh2-sys-702535f7128198aa/out/include" "-I" "libssh2/src" "-I" "/tmp/scarlet-cargo-readiness-target/aarch64-unknown-scarlet/release/build/libssh2-sys-702535f7128198aa/out/build" "-I" "/tmp/scarlet-cargo-readiness-target/aarch64-unknown-scarlet/release/build/libz-sys-358db38874294c61/out/include" "-fvisibility=hidden" "-DHAVE_LONGLONG" "-DHAVE_SNPRINTF" "-DHAVE_UNISTD_H" "-DHAVE_INTTYPES_H" "-DHAVE_STDLIB_H" "-DHAVE_SYS_SELECT_H" "-DHAVE_SYS_SOCKET_H" "-DHAVE_SYS_IOCTL_H" "-DHAVE_SYS_TIME_H" "-DHAVE_SYS_UN_H" "-DHAVE_O_NONBLOCK" "-DLIBSSH2_OPENSSL" "-DHAVE_LIBCRYPT32" "-DHAVE_EVP_AES_128_CTR" "-DHAVE_POLL" "-DHAVE_GETTIMEOFDAY" "-DLIBSSH2_DH_GEX_NEW" "-DLIBSSH2_HAVE_ZLIB" "--target=aarch64-unknown-none" "-nostdinc" "-isystem" "/nix/store/vhg4azj1sd88x317byclhyzbqr4xlfpw-clang-21.1.8-lib/lib/clang/21/include" "-I" "/Users/petitstrawberry/Development/Rust/Scarlet/user/lib/scarlet-libc/include" "-o" "/tmp/scarlet-cargo-readiness-target/aarch64-unknown-scarlet/release/build/libssh2-sys-702535f7128198aa/out/build/f89bd02e425f6856-misc.o" "-c" "libssh2/src/misc.c"cargo:warning=In file included from libssh2/src/packet.c:43:
warning: libssh2-sys@0.3.1: libssh2/src/libssh2_priv.h:71:11: fatal error: 'poll.h' file not found
warning: libssh2-sys@0.3.1:    71 | # include <poll.h>
warning: libssh2-sys@0.3.1:       |           ^~~~~~~~
warning: libssh2-sys@0.3.1: 1 error generated.
warning: libssh2-sys@0.3.1: ToolExecError: command did not execute successfully (status code exit status: 1): LC_ALL="C" "/nix/store/1g31prgnyak0bdszc40z72lmafkhjz64-clang-21.1.8/bin/clang" "-O3" "-ffunction-sections" "-fdata-sections" "-fPIC" "--target=aarch64-unknown-scarlet" "-I" "/tmp/scarlet-cargo-readiness-target/aarch64-unknown-scarlet/release/build/libssh2-sys-702535f7128198aa/out/include" "-I" "libssh2/src" "-I" "/tmp/scarlet-cargo-readiness-target/aarch64-unknown-scarlet/release/build/libssh2-sys-702535f7128198aa/out/build" "-I" "/tmp/scarlet-cargo-readiness-target/aarch64-unknown-scarlet/release/build/libz-sys-358db38874294c61/out/include" "-fvisibility=hidden" "-DHAVE_LONGLONG" "-DHAVE_SNPRINTF" "-DHAVE_UNISTD_H" "-DHAVE_INTTYPES_H" "-DHAVE_STDLIB_H" "-DHAVE_SYS_SELECT_H" "-DHAVE_SYS_SOCKET_H" "-DHAVE_SYS_IOCTL_H" "-DHAVE_SYS_TIME_H" "-DHAVE_SYS_UN_H" "-DHAVE_O_NONBLOCK" "-DLIBSSH2_OPENSSL" "-DHAVE_LIBCRYPT32" "-DHAVE_EVP_AES_128_CTR" "-DHAVE_POLL" "-DHAVE_GETTIMEOFDAY" "-DLIBSSH2_DH_GEX_NEW" "-DLIBSSH2_HAVE_ZLIB" "--target=aarch64-unknown-none" "-nostdinc" "-isystem" "/nix/store/vhg4azj1sd88x317byclhyzbqr4xlfpw-clang-21.1.8-lib/lib/clang/21/include" "-I" "/Users/petitstrawberry/Development/Rust/Scarlet/user/lib/scarlet-libc/include" "-o" "/tmp/scarlet-cargo-readiness-target/aarch64-unknown-scarlet/release/build/libssh2-sys-702535f7128198aa/out/build/f89bd02e425f6856-packet.o" "-c" "libssh2/src/packet.c"cargo:warning=In file included from libssh2/src/pem.c:41:
warning: libssh2-sys@0.3.1: libssh2/src/libssh2_priv.h:71:11: fatal error: 'poll.h' file not found
warning: libssh2-sys@0.3.1:    71 | # include <poll.h>
warning: libssh2-sys@0.3.1:       |           ^~~~~~~~
warning: libssh2-sys@0.3.1: 1 error generated.
warning: libssh2-sys@0.3.1: ToolExecError: command did not execute successfully (status code exit status: 1): LC_ALL="C" "/nix/store/1g31prgnyak0bdszc40z72lmafkhjz64-clang-21.1.8/bin/clang" "-O3" "-ffunction-sections" "-fdata-sections" "-fPIC" "--target=aarch64-unknown-scarlet" "-I" "/tmp/scarlet-cargo-readiness-target/aarch64-unknown-scarlet/release/build/libssh2-sys-702535f7128198aa/out/include" "-I" "libssh2/src" "-I" "/tmp/scarlet-cargo-readiness-target/aarch64-unknown-scarlet/release/build/libssh2-sys-702535f7128198aa/out/build" "-I" "/tmp/scarlet-cargo-readiness-target/aarch64-unknown-scarlet/release/build/libz-sys-358db38874294c61/out/include" "-fvisibility=hidden" "-DHAVE_LONGLONG" "-DHAVE_SNPRINTF" "-DHAVE_UNISTD_H" "-DHAVE_INTTYPES_H" "-DHAVE_STDLIB_H" "-DHAVE_SYS_SELECT_H" "-DHAVE_SYS_SOCKET_H" "-DHAVE_SYS_IOCTL_H" "-DHAVE_SYS_TIME_H" "-DHAVE_SYS_UN_H" "-DHAVE_O_NONBLOCK" "-DLIBSSH2_OPENSSL" "-DHAVE_LIBCRYPT32" "-DHAVE_EVP_AES_128_CTR" "-DHAVE_POLL" "-DHAVE_GETTIMEOFDAY" "-DLIBSSH2_DH_GEX_NEW" "-DLIBSSH2_HAVE_ZLIB" "--target=aarch64-unknown-none" "-nostdinc" "-isystem" "/nix/store/vhg4azj1sd88x317byclhyzbqr4xlfpw-clang-21.1.8-lib/lib/clang/21/include" "-I" "/Users/petitstrawberry/Development/Rust/Scarlet/user/lib/scarlet-libc/include" "-o" "/tmp/scarlet-cargo-readiness-target/aarch64-unknown-scarlet/release/build/libssh2-sys-702535f7128198aa/out/build/f89bd02e425f6856-pem.o" "-c" "libssh2/src/pem.c"cargo:warning=In file included from libssh2/src/poly1305.c:11:
warning: libssh2-sys@0.3.1: libssh2/src/libssh2_priv.h:71:11: fatal error: 'poll.h' file not found
warning: libssh2-sys@0.3.1:    71 | # include <poll.h>
warning: libssh2-sys@0.3.1:       |           ^~~~~~~~
warning: libssh2-sys@0.3.1: 1 error generated.
warning: libssh2-sys@0.3.1: ToolExecError: command did not execute successfully (status code exit status: 1): LC_ALL="C" "/nix/store/1g31prgnyak0bdszc40z72lmafkhjz64-clang-21.1.8/bin/clang" "-O3" "-ffunction-sections" "-fdata-sections" "-fPIC" "--target=aarch64-unknown-scarlet" "-I" "/tmp/scarlet-cargo-readiness-target/aarch64-unknown-scarlet/release/build/libssh2-sys-702535f7128198aa/out/include" "-I" "libssh2/src" "-I" "/tmp/scarlet-cargo-readiness-target/aarch64-unknown-scarlet/release/build/libssh2-sys-702535f7128198aa/out/build" "-I" "/tmp/scarlet-cargo-readiness-target/aarch64-unknown-scarlet/release/build/libz-sys-358db38874294c61/out/include" "-fvisibility=hidden" "-DHAVE_LONGLONG" "-DHAVE_SNPRINTF" "-DHAVE_UNISTD_H" "-DHAVE_INTTYPES_H" "-DHAVE_STDLIB_H" "-DHAVE_SYS_SELECT_H" "-DHAVE_SYS_SOCKET_H" "-DHAVE_SYS_IOCTL_H" "-DHAVE_SYS_TIME_H" "-DHAVE_SYS_UN_H" "-DHAVE_O_NONBLOCK" "-DLIBSSH2_OPENSSL" "-DHAVE_LIBCRYPT32" "-DHAVE_EVP_AES_128_CTR" "-DHAVE_POLL" "-DHAVE_GETTIMEOFDAY" "-DLIBSSH2_DH_GEX_NEW" "-DLIBSSH2_HAVE_ZLIB" "--target=aarch64-unknown-none" "-nostdinc" "-isystem" "/nix/store/vhg4azj1sd88x317byclhyzbqr4xlfpw-clang-21.1.8-lib/lib/clang/21/include" "-I" "/Users/petitstrawberry/Development/Rust/Scarlet/user/lib/scarlet-libc/include" "-o" "/tmp/scarlet-cargo-readiness-target/aarch64-unknown-scarlet/release/build/libssh2-sys-702535f7128198aa/out/build/f89bd02e425f6856-poly1305.o" "-c" "libssh2/src/poly1305.c"cargo:warning=In file included from libssh2/src/publickey.c:41:
warning: libssh2-sys@0.3.1: libssh2/src/libssh2_priv.h:71:11: fatal error: 'poll.h' file not found
warning: libssh2-sys@0.3.1:    71 | # include <poll.h>
warning: libssh2-sys@0.3.1:       |           ^~~~~~~~
warning: libssh2-sys@0.3.1: 1 error generated.
warning: libssh2-sys@0.3.1: ToolExecError: command did not execute successfully (status code exit status: 1): LC_ALL="C" "/nix/store/1g31prgnyak0bdszc40z72lmafkhjz64-clang-21.1.8/bin/clang" "-O3" "-ffunction-sections" "-fdata-sections" "-fPIC" "--target=aarch64-unknown-scarlet" "-I" "/tmp/scarlet-cargo-readiness-target/aarch64-unknown-scarlet/release/build/libssh2-sys-702535f7128198aa/out/include" "-I" "libssh2/src" "-I" "/tmp/scarlet-cargo-readiness-target/aarch64-unknown-scarlet/release/build/libssh2-sys-702535f7128198aa/out/build" "-I" "/tmp/scarlet-cargo-readiness-target/aarch64-unknown-scarlet/release/build/libz-sys-358db38874294c61/out/include" "-fvisibility=hidden" "-DHAVE_LONGLONG" "-DHAVE_SNPRINTF" "-DHAVE_UNISTD_H" "-DHAVE_INTTYPES_H" "-DHAVE_STDLIB_H" "-DHAVE_SYS_SELECT_H" "-DHAVE_SYS_SOCKET_H" "-DHAVE_SYS_IOCTL_H" "-DHAVE_SYS_TIME_H" "-DHAVE_SYS_UN_H" "-DHAVE_O_NONBLOCK" "-DLIBSSH2_OPENSSL" "-DHAVE_LIBCRYPT32" "-DHAVE_EVP_AES_128_CTR" "-DHAVE_POLL" "-DHAVE_GETTIMEOFDAY" "-DLIBSSH2_DH_GEX_NEW" "-DLIBSSH2_HAVE_ZLIB" "--target=aarch64-unknown-none" "-nostdinc" "-isystem" "/nix/store/vhg4azj1sd88x317byclhyzbqr4xlfpw-clang-21.1.8-lib/lib/clang/21/include" "-I" "/Users/petitstrawberry/Development/Rust/Scarlet/user/lib/scarlet-libc/include" "-o" "/tmp/scarlet-cargo-readiness-target/aarch64-unknown-scarlet/release/build/libssh2-sys-702535f7128198aa/out/build/f89bd02e425f6856-publickey.o" "-c" "libssh2/src/publickey.c"cargo:warning=In file included from libssh2/src/scp.c:41:
warning: libssh2-sys@0.3.1: libssh2/src/libssh2_priv.h:71:11: fatal error: 'poll.h' file not found
warning: libssh2-sys@0.3.1:    71 | # include <poll.h>
warning: libssh2-sys@0.3.1:       |           ^~~~~~~~
warning: libssh2-sys@0.3.1: 1 error generated.
warning: libssh2-sys@0.3.1: ToolExecError: command did not execute successfully (status code exit status: 1): LC_ALL="C" "/nix/store/1g31prgnyak0bdszc40z72lmafkhjz64-clang-21.1.8/bin/clang" "-O3" "-ffunction-sections" "-fdata-sections" "-fPIC" "--target=aarch64-unknown-scarlet" "-I" "/tmp/scarlet-cargo-readiness-target/aarch64-unknown-scarlet/release/build/libssh2-sys-702535f7128198aa/out/include" "-I" "libssh2/src" "-I" "/tmp/scarlet-cargo-readiness-target/aarch64-unknown-scarlet/release/build/libssh2-sys-702535f7128198aa/out/build" "-I" "/tmp/scarlet-cargo-readiness-target/aarch64-unknown-scarlet/release/build/libz-sys-358db38874294c61/out/include" "-fvisibility=hidden" "-DHAVE_LONGLONG" "-DHAVE_SNPRINTF" "-DHAVE_UNISTD_H" "-DHAVE_INTTYPES_H" "-DHAVE_STDLIB_H" "-DHAVE_SYS_SELECT_H" "-DHAVE_SYS_SOCKET_H" "-DHAVE_SYS_IOCTL_H" "-DHAVE_SYS_TIME_H" "-DHAVE_SYS_UN_H" "-DHAVE_O_NONBLOCK" "-DLIBSSH2_OPENSSL" "-DHAVE_LIBCRYPT32" "-DHAVE_EVP_AES_128_CTR" "-DHAVE_POLL" "-DHAVE_GETTIMEOFDAY" "-DLIBSSH2_DH_GEX_NEW" "-DLIBSSH2_HAVE_ZLIB" "--target=aarch64-unknown-none" "-nostdinc" "-isystem" "/nix/store/vhg4azj1sd88x317byclhyzbqr4xlfpw-clang-21.1.8-lib/lib/clang/21/include" "-I" "/Users/petitstrawberry/Development/Rust/Scarlet/user/lib/scarlet-libc/include" "-o" "/tmp/scarlet-cargo-readiness-target/aarch64-unknown-scarlet/release/build/libssh2-sys-702535f7128198aa/out/build/f89bd02e425f6856-scp.o" "-c" "libssh2/src/scp.c"cargo:warning=In file included from libssh2/src/session.c:42:
warning: libssh2-sys@0.3.1: libssh2/src/libssh2_priv.h:71:11: fatal error: 'poll.h' file not found
warning: libssh2-sys@0.3.1:    71 | # include <poll.h>
warning: libssh2-sys@0.3.1:       |           ^~~~~~~~
warning: libssh2-sys@0.3.1: 1 error generated.
warning: libssh2-sys@0.3.1: ToolExecError: command did not execute successfully (status code exit status: 1): LC_ALL="C" "/nix/store/1g31prgnyak0bdszc40z72lmafkhjz64-clang-21.1.8/bin/clang" "-O3" "-ffunction-sections" "-fdata-sections" "-fPIC" "--target=aarch64-unknown-scarlet" "-I" "/tmp/scarlet-cargo-readiness-target/aarch64-unknown-scarlet/release/build/libssh2-sys-702535f7128198aa/out/include" "-I" "libssh2/src" "-I" "/tmp/scarlet-cargo-readiness-target/aarch64-unknown-scarlet/release/build/libssh2-sys-702535f7128198aa/out/build" "-I" "/tmp/scarlet-cargo-readiness-target/aarch64-unknown-scarlet/release/build/libz-sys-358db38874294c61/out/include" "-fvisibility=hidden" "-DHAVE_LONGLONG" "-DHAVE_SNPRINTF" "-DHAVE_UNISTD_H" "-DHAVE_INTTYPES_H" "-DHAVE_STDLIB_H" "-DHAVE_SYS_SELECT_H" "-DHAVE_SYS_SOCKET_H" "-DHAVE_SYS_IOCTL_H" "-DHAVE_SYS_TIME_H" "-DHAVE_SYS_UN_H" "-DHAVE_O_NONBLOCK" "-DLIBSSH2_OPENSSL" "-DHAVE_LIBCRYPT32" "-DHAVE_EVP_AES_128_CTR" "-DHAVE_POLL" "-DHAVE_GETTIMEOFDAY" "-DLIBSSH2_DH_GEX_NEW" "-DLIBSSH2_HAVE_ZLIB" "--target=aarch64-unknown-none" "-nostdinc" "-isystem" "/nix/store/vhg4azj1sd88x317byclhyzbqr4xlfpw-clang-21.1.8-lib/lib/clang/21/include" "-I" "/Users/petitstrawberry/Development/Rust/Scarlet/user/lib/scarlet-libc/include" "-o" "/tmp/scarlet-cargo-readiness-target/aarch64-unknown-scarlet/release/build/libssh2-sys-702535f7128198aa/out/build/f89bd02e425f6856-session.o" "-c" "libssh2/src/session.c"cargo:warning=In file included from libssh2/src/sftp.c:42:
warning: libssh2-sys@0.3.1: libssh2/src/libssh2_priv.h:71:11: fatal error: 'poll.h' file not found
warning: libssh2-sys@0.3.1:    71 | # include <poll.h>
warning: libssh2-sys@0.3.1:       |           ^~~~~~~~
warning: libssh2-sys@0.3.1: 1 error generated.
warning: libssh2-sys@0.3.1: ToolExecError: command did not execute successfully (status code exit status: 1): LC_ALL="C" "/nix/store/1g31prgnyak0bdszc40z72lmafkhjz64-clang-21.1.8/bin/clang" "-O3" "-ffunction-sections" "-fdata-sections" "-fPIC" "--target=aarch64-unknown-scarlet" "-I" "/tmp/scarlet-cargo-readiness-target/aarch64-unknown-scarlet/release/build/libssh2-sys-702535f7128198aa/out/include" "-I" "libssh2/src" "-I" "/tmp/scarlet-cargo-readiness-target/aarch64-unknown-scarlet/release/build/libssh2-sys-702535f7128198aa/out/build" "-I" "/tmp/scarlet-cargo-readiness-target/aarch64-unknown-scarlet/release/build/libz-sys-358db38874294c61/out/include" "-fvisibility=hidden" "-DHAVE_LONGLONG" "-DHAVE_SNPRINTF" "-DHAVE_UNISTD_H" "-DHAVE_INTTYPES_H" "-DHAVE_STDLIB_H" "-DHAVE_SYS_SELECT_H" "-DHAVE_SYS_SOCKET_H" "-DHAVE_SYS_IOCTL_H" "-DHAVE_SYS_TIME_H" "-DHAVE_SYS_UN_H" "-DHAVE_O_NONBLOCK" "-DLIBSSH2_OPENSSL" "-DHAVE_LIBCRYPT32" "-DHAVE_EVP_AES_128_CTR" "-DHAVE_POLL" "-DHAVE_GETTIMEOFDAY" "-DLIBSSH2_DH_GEX_NEW" "-DLIBSSH2_HAVE_ZLIB" "--target=aarch64-unknown-none" "-nostdinc" "-isystem" "/nix/store/vhg4azj1sd88x317byclhyzbqr4xlfpw-clang-21.1.8-lib/lib/clang/21/include" "-I" "/Users/petitstrawberry/Development/Rust/Scarlet/user/lib/scarlet-libc/include" "-o" "/tmp/scarlet-cargo-readiness-target/aarch64-unknown-scarlet/release/build/libssh2-sys-702535f7128198aa/out/build/f89bd02e425f6856-sftp.o" "-c" "libssh2/src/sftp.c"cargo:warning=In file included from libssh2/src/transport.c:45:
warning: libssh2-sys@0.3.1: libssh2/src/libssh2_priv.h:71:11: fatal error: 'poll.h' file not found
warning: libssh2-sys@0.3.1:    71 | # include <poll.h>
warning: libssh2-sys@0.3.1:       |           ^~~~~~~~
warning: libssh2-sys@0.3.1: 1 error generated.
warning: libssh2-sys@0.3.1: ToolExecError: command did not execute successfully (status code exit status: 1): LC_ALL="C" "/nix/store/1g31prgnyak0bdszc40z72lmafkhjz64-clang-21.1.8/bin/clang" "-O3" "-ffunction-sections" "-fdata-sections" "-fPIC" "--target=aarch64-unknown-scarlet" "-I" "/tmp/scarlet-cargo-readiness-target/aarch64-unknown-scarlet/release/build/libssh2-sys-702535f7128198aa/out/include" "-I" "libssh2/src" "-I" "/tmp/scarlet-cargo-readiness-target/aarch64-unknown-scarlet/release/build/libssh2-sys-702535f7128198aa/out/build" "-I" "/tmp/scarlet-cargo-readiness-target/aarch64-unknown-scarlet/release/build/libz-sys-358db38874294c61/out/include" "-fvisibility=hidden" "-DHAVE_LONGLONG" "-DHAVE_SNPRINTF" "-DHAVE_UNISTD_H" "-DHAVE_INTTYPES_H" "-DHAVE_STDLIB_H" "-DHAVE_SYS_SELECT_H" "-DHAVE_SYS_SOCKET_H" "-DHAVE_SYS_IOCTL_H" "-DHAVE_SYS_TIME_H" "-DHAVE_SYS_UN_H" "-DHAVE_O_NONBLOCK" "-DLIBSSH2_OPENSSL" "-DHAVE_LIBCRYPT32" "-DHAVE_EVP_AES_128_CTR" "-DHAVE_POLL" "-DHAVE_GETTIMEOFDAY" "-DLIBSSH2_DH_GEX_NEW" "-DLIBSSH2_HAVE_ZLIB" "--target=aarch64-unknown-none" "-nostdinc" "-isystem" "/nix/store/vhg4azj1sd88x317byclhyzbqr4xlfpw-clang-21.1.8-lib/lib/clang/21/include" "-I" "/Users/petitstrawberry/Development/Rust/Scarlet/user/lib/scarlet-libc/include" "-o" "/tmp/scarlet-cargo-readiness-target/aarch64-unknown-scarlet/release/build/libssh2-sys-702535f7128198aa/out/build/f89bd02e425f6856-transport.o" "-c" "libssh2/src/transport.c"cargo:warning=In file included from libssh2/src/userauth.c:42:
warning: libssh2-sys@0.3.1: libssh2/src/libssh2_priv.h:71:11: fatal error: 'poll.h' file not found
warning: libssh2-sys@0.3.1:    71 | # include <poll.h>
warning: libssh2-sys@0.3.1:       |           ^~~~~~~~
warning: libssh2-sys@0.3.1: 1 error generated.
warning: libssh2-sys@0.3.1: ToolExecError: command did not execute successfully (status code exit status: 1): LC_ALL="C" "/nix/store/1g31prgnyak0bdszc40z72lmafkhjz64-clang-21.1.8/bin/clang" "-O3" "-ffunction-sections" "-fdata-sections" "-fPIC" "--target=aarch64-unknown-scarlet" "-I" "/tmp/scarlet-cargo-readiness-target/aarch64-unknown-scarlet/release/build/libssh2-sys-702535f7128198aa/out/include" "-I" "libssh2/src" "-I" "/tmp/scarlet-cargo-readiness-target/aarch64-unknown-scarlet/release/build/libssh2-sys-702535f7128198aa/out/build" "-I" "/tmp/scarlet-cargo-readiness-target/aarch64-unknown-scarlet/release/build/libz-sys-358db38874294c61/out/include" "-fvisibility=hidden" "-DHAVE_LONGLONG" "-DHAVE_SNPRINTF" "-DHAVE_UNISTD_H" "-DHAVE_INTTYPES_H" "-DHAVE_STDLIB_H" "-DHAVE_SYS_SELECT_H" "-DHAVE_SYS_SOCKET_H" "-DHAVE_SYS_IOCTL_H" "-DHAVE_SYS_TIME_H" "-DHAVE_SYS_UN_H" "-DHAVE_O_NONBLOCK" "-DLIBSSH2_OPENSSL" "-DHAVE_LIBCRYPT32" "-DHAVE_EVP_AES_128_CTR" "-DHAVE_POLL" "-DHAVE_GETTIMEOFDAY" "-DLIBSSH2_DH_GEX_NEW" "-DLIBSSH2_HAVE_ZLIB" "--target=aarch64-unknown-none" "-nostdinc" "-isystem" "/nix/store/vhg4azj1sd88x317byclhyzbqr4xlfpw-clang-21.1.8-lib/lib/clang/21/include" "-I" "/Users/petitstrawberry/Development/Rust/Scarlet/user/lib/scarlet-libc/include" "-o" "/tmp/scarlet-cargo-readiness-target/aarch64-unknown-scarlet/release/build/libssh2-sys-702535f7128198aa/out/build/f89bd02e425f6856-userauth.o" "-c" "libssh2/src/userauth.c"cargo:warning=In file included from libssh2/src/userauth_kbd_packet.c:40:
warning: libssh2-sys@0.3.1: libssh2/src/libssh2_priv.h:71:11: fatal error: 'poll.h' file not found
warning: libssh2-sys@0.3.1:    71 | # include <poll.h>
warning: libssh2-sys@0.3.1:       |           ^~~~~~~~
warning: libssh2-sys@0.3.1: 1 error generated.
warning: libssh2-sys@0.3.1: ToolExecError: command did not execute successfully (status code exit status: 1): LC_ALL="C" "/nix/store/1g31prgnyak0bdszc40z72lmafkhjz64-clang-21.1.8/bin/clang" "-O3" "-ffunction-sections" "-fdata-sections" "-fPIC" "--target=aarch64-unknown-scarlet" "-I" "/tmp/scarlet-cargo-readiness-target/aarch64-unknown-scarlet/release/build/libssh2-sys-702535f7128198aa/out/include" "-I" "libssh2/src" "-I" "/tmp/scarlet-cargo-readiness-target/aarch64-unknown-scarlet/release/build/libssh2-sys-702535f7128198aa/out/build" "-I" "/tmp/scarlet-cargo-readiness-target/aarch64-unknown-scarlet/release/build/libz-sys-358db38874294c61/out/include" "-fvisibility=hidden" "-DHAVE_LONGLONG" "-DHAVE_SNPRINTF" "-DHAVE_UNISTD_H" "-DHAVE_INTTYPES_H" "-DHAVE_STDLIB_H" "-DHAVE_SYS_SELECT_H" "-DHAVE_SYS_SOCKET_H" "-DHAVE_SYS_IOCTL_H" "-DHAVE_SYS_TIME_H" "-DHAVE_SYS_UN_H" "-DHAVE_O_NONBLOCK" "-DLIBSSH2_OPENSSL" "-DHAVE_LIBCRYPT32" "-DHAVE_EVP_AES_128_CTR" "-DHAVE_POLL" "-DHAVE_GETTIMEOFDAY" "-DLIBSSH2_DH_GEX_NEW" "-DLIBSSH2_HAVE_ZLIB" "--target=aarch64-unknown-none" "-nostdinc" "-isystem" "/nix/store/vhg4azj1sd88x317byclhyzbqr4xlfpw-clang-21.1.8-lib/lib/clang/21/include" "-I" "/Users/petitstrawberry/Development/Rust/Scarlet/user/lib/scarlet-libc/include" "-o" "/tmp/scarlet-cargo-readiness-target/aarch64-unknown-scarlet/release/build/libssh2-sys-702535f7128198aa/out/build/f89bd02e425f6856-userauth_kbd_packet.o" "-c" "libssh2/src/userauth_kbd_packet.c"
error: failed to run custom build command for `libssh2-sys v0.3.1`

Caused by:
  process didn't exit successfully: `/tmp/scarlet-cargo-readiness-target/release/build/libssh2-sys-39e0ac4c490c2cb8/build-script-build` (exit status: 1)
  --- stdout
  cargo:rerun-if-env-changed=LIBSSH2_SYS_USE_PKG_CONFIG
  cargo:include=/tmp/scarlet-cargo-readiness-target/aarch64-unknown-scarlet/release/build/libssh2-sys-702535f7128198aa/out/include
  cargo:root=/tmp/scarlet-cargo-readiness-target/aarch64-unknown-scarlet/release/build/libssh2-sys-702535f7128198aa/out
  cargo:rerun-if-env-changed=DEP_Z_INCLUDE
  cargo:rerun-if-env-changed=DEP_OPENSSL_INCLUDE
  OPT_LEVEL = Some(3)
  TARGET = Some(aarch64-unknown-scarlet)
  CARGO_ENCODED_RUSTFLAGS = Some(-Cpanic=abort-Clinker=/nix/store/j9qx1hvhsibni3hjhvs156pnqn24hq1p-lld-21.1.8/bin/ld.lld)
  HOST = Some(aarch64-apple-darwin)
  cargo:rerun-if-env-changed=CC_aarch64-unknown-scarlet
  CC_aarch64-unknown-scarlet = None
  cargo:rerun-if-env-changed=CC_aarch64_unknown_scarlet
  CC_aarch64_unknown_scarlet = Some(/nix/store/1g31prgnyak0bdszc40z72lmafkhjz64-clang-21.1.8/bin/clang)
  RUSTC_WRAPPER = None
  cargo:rerun-if-env-changed=CC_ENABLE_DEBUG_OUTPUT
  cargo:rerun-if-env-changed=CRATE_CC_NO_DEFAULTS
  CRATE_CC_NO_DEFAULTS = None
  DEBUG = Some(false)
  cargo:rerun-if-env-changed=CFLAGS
  CFLAGS = None
  cargo:rerun-if-env-changed=TARGET_CFLAGS
  TARGET_CFLAGS = None
  cargo:rerun-if-env-changed=CFLAGS_aarch64_unknown_scarlet
  CFLAGS_aarch64_unknown_scarlet = Some(--target=aarch64-unknown-none -nostdinc -isystem /nix/store/vhg4azj1sd88x317byclhyzbqr4xlfpw-clang-21.1.8-lib/lib/clang/21/include -I /Users/petitstrawberry/Development/Rust/Scarlet/user/lib/scarlet-libc/include)
  cargo:rerun-if-env-changed=CC_SHELL_ESCAPED_FLAGS
  CC_SHELL_ESCAPED_FLAGS = None
  cargo:rerun-if-env-changed=CFLAGS_aarch64-unknown-scarlet
  CFLAGS_aarch64-unknown-scarlet = None
  cargo:warning=In file included from libssh2/src/agent.c:42:
  cargo:warning=libssh2/src/libssh2_priv.h:71:11: fatal error: 'poll.h' file not found
  cargo:warning=   71 | # include <poll.h>
  cargo:warning=      |           ^~~~~~~~
  cargo:warning=1 error generated.
  exit status: 1
  cargo:warning=ToolExecError: command did not execute successfully (status code exit status: 1): LC_ALL="C" "/nix/store/1g31prgnyak0bdszc40z72lmafkhjz64-clang-21.1.8/bin/clang" "-O3" "-ffunction-sections" "-fdata-sections" "-fPIC" "--target=aarch64-unknown-scarlet" "-I" "/tmp/scarlet-cargo-readiness-target/aarch64-unknown-scarlet/release/build/libssh2-sys-702535f7128198aa/out/include" "-I" "libssh2/src" "-I" "/tmp/scarlet-cargo-readiness-target/aarch64-unknown-scarlet/release/build/libssh2-sys-702535f7128198aa/out/build" "-I" "/tmp/scarlet-cargo-readiness-target/aarch64-unknown-scarlet/release/build/libz-sys-358db38874294c61/out/include" "-fvisibility=hidden" "-DHAVE_LONGLONG" "-DHAVE_SNPRINTF" "-DHAVE_UNISTD_H" "-DHAVE_INTTYPES_H" "-DHAVE_STDLIB_H" "-DHAVE_SYS_SELECT_H" "-DHAVE_SYS_SOCKET_H" "-DHAVE_SYS_IOCTL_H" "-DHAVE_SYS_TIME_H" "-DHAVE_SYS_UN_H" "-DHAVE_O_NONBLOCK" "-DLIBSSH2_OPENSSL" "-DHAVE_LIBCRYPT32" "-DHAVE_EVP_AES_128_CTR" "-DHAVE_POLL" "-DHAVE_GETTIMEOFDAY" "-DLIBSSH2_DH_GEX_NEW" "-DLIBSSH2_HAVE_ZLIB" "--target=aarch64-unknown-none" "-nostdinc" "-isystem" "/nix/store/vhg4azj1sd88x317byclhyzbqr4xlfpw-clang-21.1.8-lib/lib/clang/21/include" "-I" "/Users/petitstrawberry/Development/Rust/Scarlet/user/lib/scarlet-libc/include" "-o" "/tmp/scarlet-cargo-readiness-target/aarch64-unknown-scarlet/release/build/libssh2-sys-702535f7128198aa/out/build/f89bd02e425f6856-agent.o" "-c" "libssh2/src/agent.c"cargo:warning=In file included from libssh2/src/bcrypt_pbkdf.c:20:
  cargo:warning=libssh2/src/libssh2_priv.h:71:11: fatal error: 'poll.h' file not found
  cargo:warning=   71 | # include <poll.h>
  cargo:warning=      |           ^~~~~~~~
  cargo:warning=1 error generated.

  exit status: 1
  cargo:warning=ToolExecError: command did not execute successfully (status code exit status: 1): LC_ALL="C" "/nix/store/1g31prgnyak0bdszc40z72lmafkhjz64-clang-21.1.8/bin/clang" "-O3" "-ffunction-sections" "-fdata-sections" "-fPIC" "--target=aarch64-unknown-scarlet" "-I" "/tmp/scarlet-cargo-readiness-target/aarch64-unknown-scarlet/release/build/libssh2-sys-702535f7128198aa/out/include" "-I" "libssh2/src" "-I" "/tmp/scarlet-cargo-readiness-target/aarch64-unknown-scarlet/release/build/libssh2-sys-702535f7128198aa/out/build" "-I" "/tmp/scarlet-cargo-readiness-target/aarch64-unknown-scarlet/release/build/libz-sys-358db38874294c61/out/include" "-fvisibility=hidden" "-DHAVE_LONGLONG" "-DHAVE_SNPRINTF" "-DHAVE_UNISTD_H" "-DHAVE_INTTYPES_H" "-DHAVE_STDLIB_H" "-DHAVE_SYS_SELECT_H" "-DHAVE_SYS_SOCKET_H" "-DHAVE_SYS_IOCTL_H" "-DHAVE_SYS_TIME_H" "-DHAVE_SYS_UN_H" "-DHAVE_O_NONBLOCK" "-DLIBSSH2_OPENSSL" "-DHAVE_LIBCRYPT32" "-DHAVE_EVP_AES_128_CTR" "-DHAVE_POLL" "-DHAVE_GETTIMEOFDAY" "-DLIBSSH2_DH_GEX_NEW" "-DLIBSSH2_HAVE_ZLIB" "--target=aarch64-unknown-none" "-nostdinc" "-isystem" "/nix/store/vhg4azj1sd88x317byclhyzbqr4xlfpw-clang-21.1.8-lib/lib/clang/21/include" "-I" "/Users/petitstrawberry/Development/Rust/Scarlet/user/lib/scarlet-libc/include" "-o" "/tmp/scarlet-cargo-readiness-target/aarch64-unknown-scarlet/release/build/libssh2-sys-702535f7128198aa/out/build/f89bd02e425f6856-bcrypt_pbkdf.o" "-c" "libssh2/src/bcrypt_pbkdf.c"cargo:warning=In file included from libssh2/src/chacha.c:10:
  cargo:warning=libssh2/src/libssh2_priv.h:71:11: fatal error: 'poll.h' file not found
  cargo:warning=   71 | # include <poll.h>
  cargo:warning=      |           ^~~~~~~~
  cargo:warning=1 error generated.

  exit status: 0
  exit status: 1
  cargo:warning=ToolExecError: command did not execute successfully (status code exit status: 1): LC_ALL="C" "/nix/store/1g31prgnyak0bdszc40z72lmafkhjz64-clang-21.1.8/bin/clang" "-O3" "-ffunction-sections" "-fdata-sections" "-fPIC" "--target=aarch64-unknown-scarlet" "-I" "/tmp/scarlet-cargo-readiness-target/aarch64-unknown-scarlet/release/build/libssh2-sys-702535f7128198aa/out/include" "-I" "libssh2/src" "-I" "/tmp/scarlet-cargo-readiness-target/aarch64-unknown-scarlet/release/build/libssh2-sys-702535f7128198aa/out/build" "-I" "/tmp/scarlet-cargo-readiness-target/aarch64-unknown-scarlet/release/build/libz-sys-358db38874294c61/out/include" "-fvisibility=hidden" "-DHAVE_LONGLONG" "-DHAVE_SNPRINTF" "-DHAVE_UNISTD_H" "-DHAVE_INTTYPES_H" "-DHAVE_STDLIB_H" "-DHAVE_SYS_SELECT_H" "-DHAVE_SYS_SOCKET_H" "-DHAVE_SYS_IOCTL_H" "-DHAVE_SYS_TIME_H" "-DHAVE_SYS_UN_H" "-DHAVE_O_NONBLOCK" "-DLIBSSH2_OPENSSL" "-DHAVE_LIBCRYPT32" "-DHAVE_EVP_AES_128_CTR" "-DHAVE_POLL" "-DHAVE_GETTIMEOFDAY" "-DLIBSSH2_DH_GEX_NEW" "-DLIBSSH2_HAVE_ZLIB" "--target=aarch64-unknown-none" "-nostdinc" "-isystem" "/nix/store/vhg4azj1sd88x317byclhyzbqr4xlfpw-clang-21.1.8-lib/lib/clang/21/include" "-I" "/Users/petitstrawberry/Development/Rust/Scarlet/user/lib/scarlet-libc/include" "-o" "/tmp/scarlet-cargo-readiness-target/aarch64-unknown-scarlet/release/build/libssh2-sys-702535f7128198aa/out/build/f89bd02e425f6856-chacha.o" "-c" "libssh2/src/chacha.c"cargo:warning=In file included from libssh2/src/channel.c:42:
  cargo:warning=libssh2/src/libssh2_priv.h:71:11: fatal error: 'poll.h' file not found
  cargo:warning=   71 | # include <poll.h>
  cargo:warning=      |           ^~~~~~~~
  cargo:warning=1 error generated.

  exit status: 1
  cargo:warning=ToolExecError: command did not execute successfully (status code exit status: 1): LC_ALL="C" "/nix/store/1g31prgnyak0bdszc40z72lmafkhjz64-clang-21.1.8/bin/clang" "-O3" "-ffunction-sections" "-fdata-sections" "-fPIC" "--target=aarch64-unknown-scarlet" "-I" "/tmp/scarlet-cargo-readiness-target/aarch64-unknown-scarlet/release/build/libssh2-sys-702535f7128198aa/out/include" "-I" "libssh2/src" "-I" "/tmp/scarlet-cargo-readiness-target/aarch64-unknown-scarlet/release/build/libssh2-sys-702535f7128198aa/out/build" "-I" "/tmp/scarlet-cargo-readiness-target/aarch64-unknown-scarlet/release/build/libz-sys-358db38874294c61/out/include" "-fvisibility=hidden" "-DHAVE_LONGLONG" "-DHAVE_SNPRINTF" "-DHAVE_UNISTD_H" "-DHAVE_INTTYPES_H" "-DHAVE_STDLIB_H" "-DHAVE_SYS_SELECT_H" "-DHAVE_SYS_SOCKET_H" "-DHAVE_SYS_IOCTL_H" "-DHAVE_SYS_TIME_H" "-DHAVE_SYS_UN_H" "-DHAVE_O_NONBLOCK" "-DLIBSSH2_OPENSSL" "-DHAVE_LIBCRYPT32" "-DHAVE_EVP_AES_128_CTR" "-DHAVE_POLL" "-DHAVE_GETTIMEOFDAY" "-DLIBSSH2_DH_GEX_NEW" "-DLIBSSH2_HAVE_ZLIB" "--target=aarch64-unknown-none" "-nostdinc" "-isystem" "/nix/store/vhg4azj1sd88x317byclhyzbqr4xlfpw-clang-21.1.8-lib/lib/clang/21/include" "-I" "/Users/petitstrawberry/Development/Rust/Scarlet/user/lib/scarlet-libc/include" "-o" "/tmp/scarlet-cargo-readiness-target/aarch64-unknown-scarlet/release/build/libssh2-sys-702535f7128198aa/out/build/f89bd02e425f6856-channel.o" "-c" "libssh2/src/channel.c"cargo:warning=In file included from libssh2/src/cipher-chachapoly.c:23:
  cargo:warning=libssh2/src/libssh2_priv.h:71:11: fatal error: 'poll.h' file not found
  cargo:warning=   71 | # include <poll.h>
  cargo:warning=      |           ^~~~~~~~
  cargo:warning=1 error generated.

  exit status: 1
  cargo:warning=ToolExecError: command did not execute successfully (status code exit status: 1): LC_ALL="C" "/nix/store/1g31prgnyak0bdszc40z72lmafkhjz64-clang-21.1.8/bin/clang" "-O3" "-ffunction-sections" "-fdata-sections" "-fPIC" "--target=aarch64-unknown-scarlet" "-I" "/tmp/scarlet-cargo-readiness-target/aarch64-unknown-scarlet/release/build/libssh2-sys-702535f7128198aa/out/include" "-I" "libssh2/src" "-I" "/tmp/scarlet-cargo-readiness-target/aarch64-unknown-scarlet/release/build/libssh2-sys-702535f7128198aa/out/build" "-I" "/tmp/scarlet-cargo-readiness-target/aarch64-unknown-scarlet/release/build/libz-sys-358db38874294c61/out/include" "-fvisibility=hidden" "-DHAVE_LONGLONG" "-DHAVE_SNPRINTF" "-DHAVE_UNISTD_H" "-DHAVE_INTTYPES_H" "-DHAVE_STDLIB_H" "-DHAVE_SYS_SELECT_H" "-DHAVE_SYS_SOCKET_H" "-DHAVE_SYS_IOCTL_H" "-DHAVE_SYS_TIME_H" "-DHAVE_SYS_UN_H" "-DHAVE_O_NONBLOCK" "-DLIBSSH2_OPENSSL" "-DHAVE_LIBCRYPT32" "-DHAVE_EVP_AES_128_CTR" "-DHAVE_POLL" "-DHAVE_GETTIMEOFDAY" "-DLIBSSH2_DH_GEX_NEW" "-DLIBSSH2_HAVE_ZLIB" "--target=aarch64-unknown-none" "-nostdinc" "-isystem" "/nix/store/vhg4azj1sd88x317byclhyzbqr4xlfpw-clang-21.1.8-lib/lib/clang/21/include" "-I" "/Users/petitstrawberry/Development/Rust/Scarlet/user/lib/scarlet-libc/include" "-o" "/tmp/scarlet-cargo-readiness-target/aarch64-unknown-scarlet/release/build/libssh2-sys-702535f7128198aa/out/build/f89bd02e425f6856-cipher-chachapoly.o" "-c" "libssh2/src/cipher-chachapoly.c"cargo:warning=In file included from libssh2/src/comp.c:41:
  cargo:warning=libssh2/src/libssh2_priv.h:71:11: fatal error: 'poll.h' file not found
  cargo:warning=   71 | # include <poll.h>
  cargo:warning=      |           ^~~~~~~~
  cargo:warning=1 error generated.

  exit status: 1
  cargo:warning=ToolExecError: command did not execute successfully (status code exit status: 1): LC_ALL="C" "/nix/store/1g31prgnyak0bdszc40z72lmafkhjz64-clang-21.1.8/bin/clang" "-O3" "-ffunction-sections" "-fdata-sections" "-fPIC" "--target=aarch64-unknown-scarlet" "-I" "/tmp/scarlet-cargo-readiness-target/aarch64-unknown-scarlet/release/build/libssh2-sys-702535f7128198aa/out/include" "-I" "libssh2/src" "-I" "/tmp/scarlet-cargo-readiness-target/aarch64-unknown-scarlet/release/build/libssh2-sys-702535f7128198aa/out/build" "-I" "/tmp/scarlet-cargo-readiness-target/aarch64-unknown-scarlet/release/build/libz-sys-358db38874294c61/out/include" "-fvisibility=hidden" "-DHAVE_LONGLONG" "-DHAVE_SNPRINTF" "-DHAVE_UNISTD_H" "-DHAVE_INTTYPES_H" "-DHAVE_STDLIB_H" "-DHAVE_SYS_SELECT_H" "-DHAVE_SYS_SOCKET_H" "-DHAVE_SYS_IOCTL_H" "-DHAVE_SYS_TIME_H" "-DHAVE_SYS_UN_H" "-DHAVE_O_NONBLOCK" "-DLIBSSH2_OPENSSL" "-DHAVE_LIBCRYPT32" "-DHAVE_EVP_AES_128_CTR" "-DHAVE_POLL" "-DHAVE_GETTIMEOFDAY" "-DLIBSSH2_DH_GEX_NEW" "-DLIBSSH2_HAVE_ZLIB" "--target=aarch64-unknown-none" "-nostdinc" "-isystem" "/nix/store/vhg4azj1sd88x317byclhyzbqr4xlfpw-clang-21.1.8-lib/lib/clang/21/include" "-I" "/Users/petitstrawberry/Development/Rust/Scarlet/user/lib/scarlet-libc/include" "-o" "/tmp/scarlet-cargo-readiness-target/aarch64-unknown-scarlet/release/build/libssh2-sys-702535f7128198aa/out/build/f89bd02e425f6856-comp.o" "-c" "libssh2/src/comp.c"cargo:warning=In file included from libssh2/src/crypt.c:41:
  cargo:warning=libssh2/src/libssh2_priv.h:71:11: fatal error: 'poll.h' file not found
  cargo:warning=   71 | # include <poll.h>
  cargo:warning=      |           ^~~~~~~~
  cargo:warning=1 error generated.

  exit status: 1
  cargo:warning=ToolExecError: command did not execute successfully (status code exit status: 1): LC_ALL="C" "/nix/store/1g31prgnyak0bdszc40z72lmafkhjz64-clang-21.1.8/bin/clang" "-O3" "-ffunction-sections" "-fdata-sections" "-fPIC" "--target=aarch64-unknown-scarlet" "-I" "/tmp/scarlet-cargo-readiness-target/aarch64-unknown-scarlet/release/build/libssh2-sys-702535f7128198aa/out/include" "-I" "libssh2/src" "-I" "/tmp/scarlet-cargo-readiness-target/aarch64-unknown-scarlet/release/build/libssh2-sys-702535f7128198aa/out/build" "-I" "/tmp/scarlet-cargo-readiness-target/aarch64-unknown-scarlet/release/build/libz-sys-358db38874294c61/out/include" "-fvisibility=hidden" "-DHAVE_LONGLONG" "-DHAVE_SNPRINTF" "-DHAVE_UNISTD_H" "-DHAVE_INTTYPES_H" "-DHAVE_STDLIB_H" "-DHAVE_SYS_SELECT_H" "-DHAVE_SYS_SOCKET_H" "-DHAVE_SYS_IOCTL_H" "-DHAVE_SYS_TIME_H" "-DHAVE_SYS_UN_H" "-DHAVE_O_NONBLOCK" "-DLIBSSH2_OPENSSL" "-DHAVE_LIBCRYPT32" "-DHAVE_EVP_AES_128_CTR" "-DHAVE_POLL" "-DHAVE_GETTIMEOFDAY" "-DLIBSSH2_DH_GEX_NEW" "-DLIBSSH2_HAVE_ZLIB" "--target=aarch64-unknown-none" "-nostdinc" "-isystem" "/nix/store/vhg4azj1sd88x317byclhyzbqr4xlfpw-clang-21.1.8-lib/lib/clang/21/include" "-I" "/Users/petitstrawberry/Development/Rust/Scarlet/user/lib/scarlet-libc/include" "-o" "/tmp/scarlet-cargo-readiness-target/aarch64-unknown-scarlet/release/build/libssh2-sys-702535f7128198aa/out/build/f89bd02e425f6856-crypt.o" "-c" "libssh2/src/crypt.c"cargo:warning=In file included from libssh2/src/crypto.c:7:
  cargo:warning=libssh2/src/libssh2_priv.h:71:11: fatal error: 'poll.h' file not found
  cargo:warning=   71 | # include <poll.h>
  cargo:warning=      |           ^~~~~~~~
  cargo:warning=1 error generated.

  exit status: 1
  cargo:warning=ToolExecError: command did not execute successfully (status code exit status: 1): LC_ALL="C" "/nix/store/1g31prgnyak0bdszc40z72lmafkhjz64-clang-21.1.8/bin/clang" "-O3" "-ffunction-sections" "-fdata-sections" "-fPIC" "--target=aarch64-unknown-scarlet" "-I" "/tmp/scarlet-cargo-readiness-target/aarch64-unknown-scarlet/release/build/libssh2-sys-702535f7128198aa/out/include" "-I" "libssh2/src" "-I" "/tmp/scarlet-cargo-readiness-target/aarch64-unknown-scarlet/release/build/libssh2-sys-702535f7128198aa/out/build" "-I" "/tmp/scarlet-cargo-readiness-target/aarch64-unknown-scarlet/release/build/libz-sys-358db38874294c61/out/include" "-fvisibility=hidden" "-DHAVE_LONGLONG" "-DHAVE_SNPRINTF" "-DHAVE_UNISTD_H" "-DHAVE_INTTYPES_H" "-DHAVE_STDLIB_H" "-DHAVE_SYS_SELECT_H" "-DHAVE_SYS_SOCKET_H" "-DHAVE_SYS_IOCTL_H" "-DHAVE_SYS_TIME_H" "-DHAVE_SYS_UN_H" "-DHAVE_O_NONBLOCK" "-DLIBSSH2_OPENSSL" "-DHAVE_LIBCRYPT32" "-DHAVE_EVP_AES_128_CTR" "-DHAVE_POLL" "-DHAVE_GETTIMEOFDAY" "-DLIBSSH2_DH_GEX_NEW" "-DLIBSSH2_HAVE_ZLIB" "--target=aarch64-unknown-none" "-nostdinc" "-isystem" "/nix/store/vhg4azj1sd88x317byclhyzbqr4xlfpw-clang-21.1.8-lib/lib/clang/21/include" "-I" "/Users/petitstrawberry/Development/Rust/Scarlet/user/lib/scarlet-libc/include" "-o" "/tmp/scarlet-cargo-readiness-target/aarch64-unknown-scarlet/release/build/libssh2-sys-702535f7128198aa/out/build/f89bd02e425f6856-crypto.o" "-c" "libssh2/src/crypto.c"cargo:warning=In file included from libssh2/src/global.c:41:
  cargo:warning=libssh2/src/libssh2_priv.h:71:11: fatal error: 'poll.h' file not found
  cargo:warning=   71 | # include <poll.h>
  cargo:warning=      |           ^~~~~~~~
  cargo:warning=1 error generated.

  exit status: 1
  cargo:warning=ToolExecError: command did not execute successfully (status code exit status: 1): LC_ALL="C" "/nix/store/1g31prgnyak0bdszc40z72lmafkhjz64-clang-21.1.8/bin/clang" "-O3" "-ffunction-sections" "-fdata-sections" "-fPIC" "--target=aarch64-unknown-scarlet" "-I" "/tmp/scarlet-cargo-readiness-target/aarch64-unknown-scarlet/release/build/libssh2-sys-702535f7128198aa/out/include" "-I" "libssh2/src" "-I" "/tmp/scarlet-cargo-readiness-target/aarch64-unknown-scarlet/release/build/libssh2-sys-702535f7128198aa/out/build" "-I" "/tmp/scarlet-cargo-readiness-target/aarch64-unknown-scarlet/release/build/libz-sys-358db38874294c61/out/include" "-fvisibility=hidden" "-DHAVE_LONGLONG" "-DHAVE_SNPRINTF" "-DHAVE_UNISTD_H" "-DHAVE_INTTYPES_H" "-DHAVE_STDLIB_H" "-DHAVE_SYS_SELECT_H" "-DHAVE_SYS_SOCKET_H" "-DHAVE_SYS_IOCTL_H" "-DHAVE_SYS_TIME_H" "-DHAVE_SYS_UN_H" "-DHAVE_O_NONBLOCK" "-DLIBSSH2_OPENSSL" "-DHAVE_LIBCRYPT32" "-DHAVE_EVP_AES_128_CTR" "-DHAVE_POLL" "-DHAVE_GETTIMEOFDAY" "-DLIBSSH2_DH_GEX_NEW" "-DLIBSSH2_HAVE_ZLIB" "--target=aarch64-unknown-none" "-nostdinc" "-isystem" "/nix/store/vhg4azj1sd88x317byclhyzbqr4xlfpw-clang-21.1.8-lib/lib/clang/21/include" "-I" "/Users/petitstrawberry/Development/Rust/Scarlet/user/lib/scarlet-libc/include" "-o" "/tmp/scarlet-cargo-readiness-target/aarch64-unknown-scarlet/release/build/libssh2-sys-702535f7128198aa/out/build/f89bd02e425f6856-global.o" "-c" "libssh2/src/global.c"cargo:warning=In file included from libssh2/src/hostkey.c:41:
  cargo:warning=libssh2/src/libssh2_priv.h:71:11: fatal error: 'poll.h' file not found
  cargo:warning=   71 | # include <poll.h>
  cargo:warning=      |           ^~~~~~~~
  cargo:warning=1 error generated.

  exit status: 1
  cargo:warning=ToolExecError: command did not execute successfully (status code exit status: 1): LC_ALL="C" "/nix/store/1g31prgnyak0bdszc40z72lmafkhjz64-clang-21.1.8/bin/clang" "-O3" "-ffunction-sections" "-fdata-sections" "-fPIC" "--target=aarch64-unknown-scarlet" "-I" "/tmp/scarlet-cargo-readiness-target/aarch64-unknown-scarlet/release/build/libssh2-sys-702535f7128198aa/out/include" "-I" "libssh2/src" "-I" "/tmp/scarlet-cargo-readiness-target/aarch64-unknown-scarlet/release/build/libssh2-sys-702535f7128198aa/out/build" "-I" "/tmp/scarlet-cargo-readiness-target/aarch64-unknown-scarlet/release/build/libz-sys-358db38874294c61/out/include" "-fvisibility=hidden" "-DHAVE_LONGLONG" "-DHAVE_SNPRINTF" "-DHAVE_UNISTD_H" "-DHAVE_INTTYPES_H" "-DHAVE_STDLIB_H" "-DHAVE_SYS_SELECT_H" "-DHAVE_SYS_SOCKET_H" "-DHAVE_SYS_IOCTL_H" "-DHAVE_SYS_TIME_H" "-DHAVE_SYS_UN_H" "-DHAVE_O_NONBLOCK" "-DLIBSSH2_OPENSSL" "-DHAVE_LIBCRYPT32" "-DHAVE_EVP_AES_128_CTR" "-DHAVE_POLL" "-DHAVE_GETTIMEOFDAY" "-DLIBSSH2_DH_GEX_NEW" "-DLIBSSH2_HAVE_ZLIB" "--target=aarch64-unknown-none" "-nostdinc" "-isystem" "/nix/store/vhg4azj1sd88x317byclhyzbqr4xlfpw-clang-21.1.8-lib/lib/clang/21/include" "-I" "/Users/petitstrawberry/Development/Rust/Scarlet/user/lib/scarlet-libc/include" "-o" "/tmp/scarlet-cargo-readiness-target/aarch64-unknown-scarlet/release/build/libssh2-sys-702535f7128198aa/out/build/f89bd02e425f6856-hostkey.o" "-c" "libssh2/src/hostkey.c"cargo:warning=In file included from libssh2/src/keepalive.c:40:
  cargo:warning=libssh2/src/libssh2_priv.h:71:11: fatal error: 'poll.h' file not found
  cargo:warning=   71 | # include <poll.h>
  cargo:warning=      |           ^~~~~~~~
  cargo:warning=1 error generated.

  exit status: 1
  cargo:warning=ToolExecError: command did not execute successfully (status code exit status: 1): LC_ALL="C" "/nix/store/1g31prgnyak0bdszc40z72lmafkhjz64-clang-21.1.8/bin/clang" "-O3" "-ffunction-sections" "-fdata-sections" "-fPIC" "--target=aarch64-unknown-scarlet" "-I" "/tmp/scarlet-cargo-readiness-target/aarch64-unknown-scarlet/release/build/libssh2-sys-702535f7128198aa/out/include" "-I" "libssh2/src" "-I" "/tmp/scarlet-cargo-readiness-target/aarch64-unknown-scarlet/release/build/libssh2-sys-702535f7128198aa/out/build" "-I" "/tmp/scarlet-cargo-readiness-target/aarch64-unknown-scarlet/release/build/libz-sys-358db38874294c61/out/include" "-fvisibility=hidden" "-DHAVE_LONGLONG" "-DHAVE_SNPRINTF" "-DHAVE_UNISTD_H" "-DHAVE_INTTYPES_H" "-DHAVE_STDLIB_H" "-DHAVE_SYS_SELECT_H" "-DHAVE_SYS_SOCKET_H" "-DHAVE_SYS_IOCTL_H" "-DHAVE_SYS_TIME_H" "-DHAVE_SYS_UN_H" "-DHAVE_O_NONBLOCK" "-DLIBSSH2_OPENSSL" "-DHAVE_LIBCRYPT32" "-DHAVE_EVP_AES_128_CTR" "-DHAVE_POLL" "-DHAVE_GETTIMEOFDAY" "-DLIBSSH2_DH_GEX_NEW" "-DLIBSSH2_HAVE_ZLIB" "--target=aarch64-unknown-none" "-nostdinc" "-isystem" "/nix/store/vhg4azj1sd88x317byclhyzbqr4xlfpw-clang-21.1.8-lib/lib/clang/21/include" "-I" "/Users/petitstrawberry/Development/Rust/Scarlet/user/lib/scarlet-libc/include" "-o" "/tmp/scarlet-cargo-readiness-target/aarch64-unknown-scarlet/release/build/libssh2-sys-702535f7128198aa/out/build/f89bd02e425f6856-keepalive.o" "-c" "libssh2/src/keepalive.c"cargo:warning=In file included from libssh2/src/kex.c:41:
  cargo:warning=libssh2/src/libssh2_priv.h:71:11: fatal error: 'poll.h' file not found
  cargo:warning=   71 | # include <poll.h>
  cargo:warning=      |           ^~~~~~~~
  cargo:warning=1 error generated.

  exit status: 1
  cargo:warning=ToolExecError: command did not execute successfully (status code exit status: 1): LC_ALL="C" "/nix/store/1g31prgnyak0bdszc40z72lmafkhjz64-clang-21.1.8/bin/clang" "-O3" "-ffunction-sections" "-fdata-sections" "-fPIC" "--target=aarch64-unknown-scarlet" "-I" "/tmp/scarlet-cargo-readiness-target/aarch64-unknown-scarlet/release/build/libssh2-sys-702535f7128198aa/out/include" "-I" "libssh2/src" "-I" "/tmp/scarlet-cargo-readiness-target/aarch64-unknown-scarlet/release/build/libssh2-sys-702535f7128198aa/out/build" "-I" "/tmp/scarlet-cargo-readiness-target/aarch64-unknown-scarlet/release/build/libz-sys-358db38874294c61/out/include" "-fvisibility=hidden" "-DHAVE_LONGLONG" "-DHAVE_SNPRINTF" "-DHAVE_UNISTD_H" "-DHAVE_INTTYPES_H" "-DHAVE_STDLIB_H" "-DHAVE_SYS_SELECT_H" "-DHAVE_SYS_SOCKET_H" "-DHAVE_SYS_IOCTL_H" "-DHAVE_SYS_TIME_H" "-DHAVE_SYS_UN_H" "-DHAVE_O_NONBLOCK" "-DLIBSSH2_OPENSSL" "-DHAVE_LIBCRYPT32" "-DHAVE_EVP_AES_128_CTR" "-DHAVE_POLL" "-DHAVE_GETTIMEOFDAY" "-DLIBSSH2_DH_GEX_NEW" "-DLIBSSH2_HAVE_ZLIB" "--target=aarch64-unknown-none" "-nostdinc" "-isystem" "/nix/store/vhg4azj1sd88x317byclhyzbqr4xlfpw-clang-21.1.8-lib/lib/clang/21/include" "-I" "/Users/petitstrawberry/Development/Rust/Scarlet/user/lib/scarlet-libc/include" "-o" "/tmp/scarlet-cargo-readiness-target/aarch64-unknown-scarlet/release/build/libssh2-sys-702535f7128198aa/out/build/f89bd02e425f6856-kex.o" "-c" "libssh2/src/kex.c"cargo:warning=In file included from libssh2/src/knownhost.c:41:
  cargo:warning=libssh2/src/libssh2_priv.h:71:11: fatal error: 'poll.h' file not found
  cargo:warning=   71 | # include <poll.h>
  cargo:warning=      |           ^~~~~~~~
  cargo:warning=1 error generated.

  exit status: 1
  cargo:warning=ToolExecError: command did not execute successfully (status code exit status: 1): LC_ALL="C" "/nix/store/1g31prgnyak0bdszc40z72lmafkhjz64-clang-21.1.8/bin/clang" "-O3" "-ffunction-sections" "-fdata-sections" "-fPIC" "--target=aarch64-unknown-scarlet" "-I" "/tmp/scarlet-cargo-readiness-target/aarch64-unknown-scarlet/release/build/libssh2-sys-702535f7128198aa/out/include" "-I" "libssh2/src" "-I" "/tmp/scarlet-cargo-readiness-target/aarch64-unknown-scarlet/release/build/libssh2-sys-702535f7128198aa/out/build" "-I" "/tmp/scarlet-cargo-readiness-target/aarch64-unknown-scarlet/release/build/libz-sys-358db38874294c61/out/include" "-fvisibility=hidden" "-DHAVE_LONGLONG" "-DHAVE_SNPRINTF" "-DHAVE_UNISTD_H" "-DHAVE_INTTYPES_H" "-DHAVE_STDLIB_H" "-DHAVE_SYS_SELECT_H" "-DHAVE_SYS_SOCKET_H" "-DHAVE_SYS_IOCTL_H" "-DHAVE_SYS_TIME_H" "-DHAVE_SYS_UN_H" "-DHAVE_O_NONBLOCK" "-DLIBSSH2_OPENSSL" "-DHAVE_LIBCRYPT32" "-DHAVE_EVP_AES_128_CTR" "-DHAVE_POLL" "-DHAVE_GETTIMEOFDAY" "-DLIBSSH2_DH_GEX_NEW" "-DLIBSSH2_HAVE_ZLIB" "--target=aarch64-unknown-none" "-nostdinc" "-isystem" "/nix/store/vhg4azj1sd88x317byclhyzbqr4xlfpw-clang-21.1.8-lib/lib/clang/21/include" "-I" "/Users/petitstrawberry/Development/Rust/Scarlet/user/lib/scarlet-libc/include" "-o" "/tmp/scarlet-cargo-readiness-target/aarch64-unknown-scarlet/release/build/libssh2-sys-702535f7128198aa/out/build/f89bd02e425f6856-knownhost.o" "-c" "libssh2/src/knownhost.c"cargo:warning=In file included from libssh2/src/mac.c:40:
  cargo:warning=libssh2/src/libssh2_priv.h:71:11: fatal error: 'poll.h' file not found
  cargo:warning=   71 | # include <poll.h>
  cargo:warning=      |           ^~~~~~~~
  cargo:warning=1 error generated.

  exit status: 1
  cargo:warning=ToolExecError: command did not execute successfully (status code exit status: 1): LC_ALL="C" "/nix/store/1g31prgnyak0bdszc40z72lmafkhjz64-clang-21.1.8/bin/clang" "-O3" "-ffunction-sections" "-fdata-sections" "-fPIC" "--target=aarch64-unknown-scarlet" "-I" "/tmp/scarlet-cargo-readiness-target/aarch64-unknown-scarlet/release/build/libssh2-sys-702535f7128198aa/out/include" "-I" "libssh2/src" "-I" "/tmp/scarlet-cargo-readiness-target/aarch64-unknown-scarlet/release/build/libssh2-sys-702535f7128198aa/out/build" "-I" "/tmp/scarlet-cargo-readiness-target/aarch64-unknown-scarlet/release/build/libz-sys-358db38874294c61/out/include" "-fvisibility=hidden" "-DHAVE_LONGLONG" "-DHAVE_SNPRINTF" "-DHAVE_UNISTD_H" "-DHAVE_INTTYPES_H" "-DHAVE_STDLIB_H" "-DHAVE_SYS_SELECT_H" "-DHAVE_SYS_SOCKET_H" "-DHAVE_SYS_IOCTL_H" "-DHAVE_SYS_TIME_H" "-DHAVE_SYS_UN_H" "-DHAVE_O_NONBLOCK" "-DLIBSSH2_OPENSSL" "-DHAVE_LIBCRYPT32" "-DHAVE_EVP_AES_128_CTR" "-DHAVE_POLL" "-DHAVE_GETTIMEOFDAY" "-DLIBSSH2_DH_GEX_NEW" "-DLIBSSH2_HAVE_ZLIB" "--target=aarch64-unknown-none" "-nostdinc" "-isystem" "/nix/store/vhg4azj1sd88x317byclhyzbqr4xlfpw-clang-21.1.8-lib/lib/clang/21/include" "-I" "/Users/petitstrawberry/Development/Rust/Scarlet/user/lib/scarlet-libc/include" "-o" "/tmp/scarlet-cargo-readiness-target/aarch64-unknown-scarlet/release/build/libssh2-sys-702535f7128198aa/out/build/f89bd02e425f6856-mac.o" "-c" "libssh2/src/mac.c"cargo:warning=In file included from libssh2/src/misc.c:42:
  cargo:warning=libssh2/src/libssh2_priv.h:71:11: fatal error: 'poll.h' file not found
  cargo:warning=   71 | # include <poll.h>
  cargo:warning=      |           ^~~~~~~~
  cargo:warning=1 error generated.

  exit status: 1
  cargo:warning=ToolExecError: command did not execute successfully (status code exit status: 1): LC_ALL="C" "/nix/store/1g31prgnyak0bdszc40z72lmafkhjz64-clang-21.1.8/bin/clang" "-O3" "-ffunction-sections" "-fdata-sections" "-fPIC" "--target=aarch64-unknown-scarlet" "-I" "/tmp/scarlet-cargo-readiness-target/aarch64-unknown-scarlet/release/build/libssh2-sys-702535f7128198aa/out/include" "-I" "libssh2/src" "-I" "/tmp/scarlet-cargo-readiness-target/aarch64-unknown-scarlet/release/build/libssh2-sys-702535f7128198aa/out/build" "-I" "/tmp/scarlet-cargo-readiness-target/aarch64-unknown-scarlet/release/build/libz-sys-358db38874294c61/out/include" "-fvisibility=hidden" "-DHAVE_LONGLONG" "-DHAVE_SNPRINTF" "-DHAVE_UNISTD_H" "-DHAVE_INTTYPES_H" "-DHAVE_STDLIB_H" "-DHAVE_SYS_SELECT_H" "-DHAVE_SYS_SOCKET_H" "-DHAVE_SYS_IOCTL_H" "-DHAVE_SYS_TIME_H" "-DHAVE_SYS_UN_H" "-DHAVE_O_NONBLOCK" "-DLIBSSH2_OPENSSL" "-DHAVE_LIBCRYPT32" "-DHAVE_EVP_AES_128_CTR" "-DHAVE_POLL" "-DHAVE_GETTIMEOFDAY" "-DLIBSSH2_DH_GEX_NEW" "-DLIBSSH2_HAVE_ZLIB" "--target=aarch64-unknown-none" "-nostdinc" "-isystem" "/nix/store/vhg4azj1sd88x317byclhyzbqr4xlfpw-clang-21.1.8-lib/lib/clang/21/include" "-I" "/Users/petitstrawberry/Development/Rust/Scarlet/user/lib/scarlet-libc/include" "-o" "/tmp/scarlet-cargo-readiness-target/aarch64-unknown-scarlet/release/build/libssh2-sys-702535f7128198aa/out/build/f89bd02e425f6856-misc.o" "-c" "libssh2/src/misc.c"cargo:warning=In file included from libssh2/src/packet.c:43:
  cargo:warning=libssh2/src/libssh2_priv.h:71:11: fatal error: 'poll.h' file not found
  cargo:warning=   71 | # include <poll.h>
  cargo:warning=      |           ^~~~~~~~
  cargo:warning=1 error generated.

  exit status: 1
  cargo:warning=ToolExecError: command did not execute successfully (status code exit status: 1): LC_ALL="C" "/nix/store/1g31prgnyak0bdszc40z72lmafkhjz64-clang-21.1.8/bin/clang" "-O3" "-ffunction-sections" "-fdata-sections" "-fPIC" "--target=aarch64-unknown-scarlet" "-I" "/tmp/scarlet-cargo-readiness-target/aarch64-unknown-scarlet/release/build/libssh2-sys-702535f7128198aa/out/include" "-I" "libssh2/src" "-I" "/tmp/scarlet-cargo-readiness-target/aarch64-unknown-scarlet/release/build/libssh2-sys-702535f7128198aa/out/build" "-I" "/tmp/scarlet-cargo-readiness-target/aarch64-unknown-scarlet/release/build/libz-sys-358db38874294c61/out/include" "-fvisibility=hidden" "-DHAVE_LONGLONG" "-DHAVE_SNPRINTF" "-DHAVE_UNISTD_H" "-DHAVE_INTTYPES_H" "-DHAVE_STDLIB_H" "-DHAVE_SYS_SELECT_H" "-DHAVE_SYS_SOCKET_H" "-DHAVE_SYS_IOCTL_H" "-DHAVE_SYS_TIME_H" "-DHAVE_SYS_UN_H" "-DHAVE_O_NONBLOCK" "-DLIBSSH2_OPENSSL" "-DHAVE_LIBCRYPT32" "-DHAVE_EVP_AES_128_CTR" "-DHAVE_POLL" "-DHAVE_GETTIMEOFDAY" "-DLIBSSH2_DH_GEX_NEW" "-DLIBSSH2_HAVE_ZLIB" "--target=aarch64-unknown-none" "-nostdinc" "-isystem" "/nix/store/vhg4azj1sd88x317byclhyzbqr4xlfpw-clang-21.1.8-lib/lib/clang/21/include" "-I" "/Users/petitstrawberry/Development/Rust/Scarlet/user/lib/scarlet-libc/include" "-o" "/tmp/scarlet-cargo-readiness-target/aarch64-unknown-scarlet/release/build/libssh2-sys-702535f7128198aa/out/build/f89bd02e425f6856-packet.o" "-c" "libssh2/src/packet.c"cargo:warning=In file included from libssh2/src/pem.c:41:
  cargo:warning=libssh2/src/libssh2_priv.h:71:11: fatal error: 'poll.h' file not found
  cargo:warning=   71 | # include <poll.h>
  cargo:warning=      |           ^~~~~~~~
  cargo:warning=1 error generated.

  exit status: 1
  cargo:warning=ToolExecError: command did not execute successfully (status code exit status: 1): LC_ALL="C" "/nix/store/1g31prgnyak0bdszc40z72lmafkhjz64-clang-21.1.8/bin/clang" "-O3" "-ffunction-sections" "-fdata-sections" "-fPIC" "--target=aarch64-unknown-scarlet" "-I" "/tmp/scarlet-cargo-readiness-target/aarch64-unknown-scarlet/release/build/libssh2-sys-702535f7128198aa/out/include" "-I" "libssh2/src" "-I" "/tmp/scarlet-cargo-readiness-target/aarch64-unknown-scarlet/release/build/libssh2-sys-702535f7128198aa/out/build" "-I" "/tmp/scarlet-cargo-readiness-target/aarch64-unknown-scarlet/release/build/libz-sys-358db38874294c61/out/include" "-fvisibility=hidden" "-DHAVE_LONGLONG" "-DHAVE_SNPRINTF" "-DHAVE_UNISTD_H" "-DHAVE_INTTYPES_H" "-DHAVE_STDLIB_H" "-DHAVE_SYS_SELECT_H" "-DHAVE_SYS_SOCKET_H" "-DHAVE_SYS_IOCTL_H" "-DHAVE_SYS_TIME_H" "-DHAVE_SYS_UN_H" "-DHAVE_O_NONBLOCK" "-DLIBSSH2_OPENSSL" "-DHAVE_LIBCRYPT32" "-DHAVE_EVP_AES_128_CTR" "-DHAVE_POLL" "-DHAVE_GETTIMEOFDAY" "-DLIBSSH2_DH_GEX_NEW" "-DLIBSSH2_HAVE_ZLIB" "--target=aarch64-unknown-none" "-nostdinc" "-isystem" "/nix/store/vhg4azj1sd88x317byclhyzbqr4xlfpw-clang-21.1.8-lib/lib/clang/21/include" "-I" "/Users/petitstrawberry/Development/Rust/Scarlet/user/lib/scarlet-libc/include" "-o" "/tmp/scarlet-cargo-readiness-target/aarch64-unknown-scarlet/release/build/libssh2-sys-702535f7128198aa/out/build/f89bd02e425f6856-pem.o" "-c" "libssh2/src/pem.c"cargo:warning=In file included from libssh2/src/poly1305.c:11:
  cargo:warning=libssh2/src/libssh2_priv.h:71:11: fatal error: 'poll.h' file not found
  cargo:warning=   71 | # include <poll.h>
  cargo:warning=      |           ^~~~~~~~
  cargo:warning=1 error generated.

  exit status: 1
  cargo:warning=ToolExecError: command did not execute successfully (status code exit status: 1): LC_ALL="C" "/nix/store/1g31prgnyak0bdszc40z72lmafkhjz64-clang-21.1.8/bin/clang" "-O3" "-ffunction-sections" "-fdata-sections" "-fPIC" "--target=aarch64-unknown-scarlet" "-I" "/tmp/scarlet-cargo-readiness-target/aarch64-unknown-scarlet/release/build/libssh2-sys-702535f7128198aa/out/include" "-I" "libssh2/src" "-I" "/tmp/scarlet-cargo-readiness-target/aarch64-unknown-scarlet/release/build/libssh2-sys-702535f7128198aa/out/build" "-I" "/tmp/scarlet-cargo-readiness-target/aarch64-unknown-scarlet/release/build/libz-sys-358db38874294c61/out/include" "-fvisibility=hidden" "-DHAVE_LONGLONG" "-DHAVE_SNPRINTF" "-DHAVE_UNISTD_H" "-DHAVE_INTTYPES_H" "-DHAVE_STDLIB_H" "-DHAVE_SYS_SELECT_H" "-DHAVE_SYS_SOCKET_H" "-DHAVE_SYS_IOCTL_H" "-DHAVE_SYS_TIME_H" "-DHAVE_SYS_UN_H" "-DHAVE_O_NONBLOCK" "-DLIBSSH2_OPENSSL" "-DHAVE_LIBCRYPT32" "-DHAVE_EVP_AES_128_CTR" "-DHAVE_POLL" "-DHAVE_GETTIMEOFDAY" "-DLIBSSH2_DH_GEX_NEW" "-DLIBSSH2_HAVE_ZLIB" "--target=aarch64-unknown-none" "-nostdinc" "-isystem" "/nix/store/vhg4azj1sd88x317byclhyzbqr4xlfpw-clang-21.1.8-lib/lib/clang/21/include" "-I" "/Users/petitstrawberry/Development/Rust/Scarlet/user/lib/scarlet-libc/include" "-o" "/tmp/scarlet-cargo-readiness-target/aarch64-unknown-scarlet/release/build/libssh2-sys-702535f7128198aa/out/build/f89bd02e425f6856-poly1305.o" "-c" "libssh2/src/poly1305.c"cargo:warning=In file included from libssh2/src/publickey.c:41:
  cargo:warning=libssh2/src/libssh2_priv.h:71:11: fatal error: 'poll.h' file not found
  cargo:warning=   71 | # include <poll.h>
  cargo:warning=      |           ^~~~~~~~
  cargo:warning=1 error generated.

  exit status: 1
  cargo:warning=ToolExecError: command did not execute successfully (status code exit status: 1): LC_ALL="C" "/nix/store/1g31prgnyak0bdszc40z72lmafkhjz64-clang-21.1.8/bin/clang" "-O3" "-ffunction-sections" "-fdata-sections" "-fPIC" "--target=aarch64-unknown-scarlet" "-I" "/tmp/scarlet-cargo-readiness-target/aarch64-unknown-scarlet/release/build/libssh2-sys-702535f7128198aa/out/include" "-I" "libssh2/src" "-I" "/tmp/scarlet-cargo-readiness-target/aarch64-unknown-scarlet/release/build/libssh2-sys-702535f7128198aa/out/build" "-I" "/tmp/scarlet-cargo-readiness-target/aarch64-unknown-scarlet/release/build/libz-sys-358db38874294c61/out/include" "-fvisibility=hidden" "-DHAVE_LONGLONG" "-DHAVE_SNPRINTF" "-DHAVE_UNISTD_H" "-DHAVE_INTTYPES_H" "-DHAVE_STDLIB_H" "-DHAVE_SYS_SELECT_H" "-DHAVE_SYS_SOCKET_H" "-DHAVE_SYS_IOCTL_H" "-DHAVE_SYS_TIME_H" "-DHAVE_SYS_UN_H" "-DHAVE_O_NONBLOCK" "-DLIBSSH2_OPENSSL" "-DHAVE_LIBCRYPT32" "-DHAVE_EVP_AES_128_CTR" "-DHAVE_POLL" "-DHAVE_GETTIMEOFDAY" "-DLIBSSH2_DH_GEX_NEW" "-DLIBSSH2_HAVE_ZLIB" "--target=aarch64-unknown-none" "-nostdinc" "-isystem" "/nix/store/vhg4azj1sd88x317byclhyzbqr4xlfpw-clang-21.1.8-lib/lib/clang/21/include" "-I" "/Users/petitstrawberry/Development/Rust/Scarlet/user/lib/scarlet-libc/include" "-o" "/tmp/scarlet-cargo-readiness-target/aarch64-unknown-scarlet/release/build/libssh2-sys-702535f7128198aa/out/build/f89bd02e425f6856-publickey.o" "-c" "libssh2/src/publickey.c"cargo:warning=In file included from libssh2/src/scp.c:41:
  cargo:warning=libssh2/src/libssh2_priv.h:71:11: fatal error: 'poll.h' file not found
  cargo:warning=   71 | # include <poll.h>
  cargo:warning=      |           ^~~~~~~~
  cargo:warning=1 error generated.

  exit status: 1
  cargo:warning=ToolExecError: command did not execute successfully (status code exit status: 1): LC_ALL="C" "/nix/store/1g31prgnyak0bdszc40z72lmafkhjz64-clang-21.1.8/bin/clang" "-O3" "-ffunction-sections" "-fdata-sections" "-fPIC" "--target=aarch64-unknown-scarlet" "-I" "/tmp/scarlet-cargo-readiness-target/aarch64-unknown-scarlet/release/build/libssh2-sys-702535f7128198aa/out/include" "-I" "libssh2/src" "-I" "/tmp/scarlet-cargo-readiness-target/aarch64-unknown-scarlet/release/build/libssh2-sys-702535f7128198aa/out/build" "-I" "/tmp/scarlet-cargo-readiness-target/aarch64-unknown-scarlet/release/build/libz-sys-358db38874294c61/out/include" "-fvisibility=hidden" "-DHAVE_LONGLONG" "-DHAVE_SNPRINTF" "-DHAVE_UNISTD_H" "-DHAVE_INTTYPES_H" "-DHAVE_STDLIB_H" "-DHAVE_SYS_SELECT_H" "-DHAVE_SYS_SOCKET_H" "-DHAVE_SYS_IOCTL_H" "-DHAVE_SYS_TIME_H" "-DHAVE_SYS_UN_H" "-DHAVE_O_NONBLOCK" "-DLIBSSH2_OPENSSL" "-DHAVE_LIBCRYPT32" "-DHAVE_EVP_AES_128_CTR" "-DHAVE_POLL" "-DHAVE_GETTIMEOFDAY" "-DLIBSSH2_DH_GEX_NEW" "-DLIBSSH2_HAVE_ZLIB" "--target=aarch64-unknown-none" "-nostdinc" "-isystem" "/nix/store/vhg4azj1sd88x317byclhyzbqr4xlfpw-clang-21.1.8-lib/lib/clang/21/include" "-I" "/Users/petitstrawberry/Development/Rust/Scarlet/user/lib/scarlet-libc/include" "-o" "/tmp/scarlet-cargo-readiness-target/aarch64-unknown-scarlet/release/build/libssh2-sys-702535f7128198aa/out/build/f89bd02e425f6856-scp.o" "-c" "libssh2/src/scp.c"cargo:warning=In file included from libssh2/src/session.c:42:
  cargo:warning=libssh2/src/libssh2_priv.h:71:11: fatal error: 'poll.h' file not found
  cargo:warning=   71 | # include <poll.h>
  cargo:warning=      |           ^~~~~~~~
  cargo:warning=1 error generated.

  exit status: 1
  cargo:warning=ToolExecError: command did not execute successfully (status code exit status: 1): LC_ALL="C" "/nix/store/1g31prgnyak0bdszc40z72lmafkhjz64-clang-21.1.8/bin/clang" "-O3" "-ffunction-sections" "-fdata-sections" "-fPIC" "--target=aarch64-unknown-scarlet" "-I" "/tmp/scarlet-cargo-readiness-target/aarch64-unknown-scarlet/release/build/libssh2-sys-702535f7128198aa/out/include" "-I" "libssh2/src" "-I" "/tmp/scarlet-cargo-readiness-target/aarch64-unknown-scarlet/release/build/libssh2-sys-702535f7128198aa/out/build" "-I" "/tmp/scarlet-cargo-readiness-target/aarch64-unknown-scarlet/release/build/libz-sys-358db38874294c61/out/include" "-fvisibility=hidden" "-DHAVE_LONGLONG" "-DHAVE_SNPRINTF" "-DHAVE_UNISTD_H" "-DHAVE_INTTYPES_H" "-DHAVE_STDLIB_H" "-DHAVE_SYS_SELECT_H" "-DHAVE_SYS_SOCKET_H" "-DHAVE_SYS_IOCTL_H" "-DHAVE_SYS_TIME_H" "-DHAVE_SYS_UN_H" "-DHAVE_O_NONBLOCK" "-DLIBSSH2_OPENSSL" "-DHAVE_LIBCRYPT32" "-DHAVE_EVP_AES_128_CTR" "-DHAVE_POLL" "-DHAVE_GETTIMEOFDAY" "-DLIBSSH2_DH_GEX_NEW" "-DLIBSSH2_HAVE_ZLIB" "--target=aarch64-unknown-none" "-nostdinc" "-isystem" "/nix/store/vhg4azj1sd88x317byclhyzbqr4xlfpw-clang-21.1.8-lib/lib/clang/21/include" "-I" "/Users/petitstrawberry/Development/Rust/Scarlet/user/lib/scarlet-libc/include" "-o" "/tmp/scarlet-cargo-readiness-target/aarch64-unknown-scarlet/release/build/libssh2-sys-702535f7128198aa/out/build/f89bd02e425f6856-session.o" "-c" "libssh2/src/session.c"cargo:warning=In file included from libssh2/src/sftp.c:42:
  cargo:warning=libssh2/src/libssh2_priv.h:71:11: fatal error: 'poll.h' file not found
  cargo:warning=   71 | # include <poll.h>
  cargo:warning=      |           ^~~~~~~~
  cargo:warning=1 error generated.

  exit status: 1
  cargo:warning=ToolExecError: command did not execute successfully (status code exit status: 1): LC_ALL="C" "/nix/store/1g31prgnyak0bdszc40z72lmafkhjz64-clang-21.1.8/bin/clang" "-O3" "-ffunction-sections" "-fdata-sections" "-fPIC" "--target=aarch64-unknown-scarlet" "-I" "/tmp/scarlet-cargo-readiness-target/aarch64-unknown-scarlet/release/build/libssh2-sys-702535f7128198aa/out/include" "-I" "libssh2/src" "-I" "/tmp/scarlet-cargo-readiness-target/aarch64-unknown-scarlet/release/build/libssh2-sys-702535f7128198aa/out/build" "-I" "/tmp/scarlet-cargo-readiness-target/aarch64-unknown-scarlet/release/build/libz-sys-358db38874294c61/out/include" "-fvisibility=hidden" "-DHAVE_LONGLONG" "-DHAVE_SNPRINTF" "-DHAVE_UNISTD_H" "-DHAVE_INTTYPES_H" "-DHAVE_STDLIB_H" "-DHAVE_SYS_SELECT_H" "-DHAVE_SYS_SOCKET_H" "-DHAVE_SYS_IOCTL_H" "-DHAVE_SYS_TIME_H" "-DHAVE_SYS_UN_H" "-DHAVE_O_NONBLOCK" "-DLIBSSH2_OPENSSL" "-DHAVE_LIBCRYPT32" "-DHAVE_EVP_AES_128_CTR" "-DHAVE_POLL" "-DHAVE_GETTIMEOFDAY" "-DLIBSSH2_DH_GEX_NEW" "-DLIBSSH2_HAVE_ZLIB" "--target=aarch64-unknown-none" "-nostdinc" "-isystem" "/nix/store/vhg4azj1sd88x317byclhyzbqr4xlfpw-clang-21.1.8-lib/lib/clang/21/include" "-I" "/Users/petitstrawberry/Development/Rust/Scarlet/user/lib/scarlet-libc/include" "-o" "/tmp/scarlet-cargo-readiness-target/aarch64-unknown-scarlet/release/build/libssh2-sys-702535f7128198aa/out/build/f89bd02e425f6856-sftp.o" "-c" "libssh2/src/sftp.c"cargo:warning=In file included from libssh2/src/transport.c:45:
  cargo:warning=libssh2/src/libssh2_priv.h:71:11: fatal error: 'poll.h' file not found
  cargo:warning=   71 | # include <poll.h>
  cargo:warning=      |           ^~~~~~~~
  cargo:warning=1 error generated.

  exit status: 1
  cargo:warning=ToolExecError: command did not execute successfully (status code exit status: 1): LC_ALL="C" "/nix/store/1g31prgnyak0bdszc40z72lmafkhjz64-clang-21.1.8/bin/clang" "-O3" "-ffunction-sections" "-fdata-sections" "-fPIC" "--target=aarch64-unknown-scarlet" "-I" "/tmp/scarlet-cargo-readiness-target/aarch64-unknown-scarlet/release/build/libssh2-sys-702535f7128198aa/out/include" "-I" "libssh2/src" "-I" "/tmp/scarlet-cargo-readiness-target/aarch64-unknown-scarlet/release/build/libssh2-sys-702535f7128198aa/out/build" "-I" "/tmp/scarlet-cargo-readiness-target/aarch64-unknown-scarlet/release/build/libz-sys-358db38874294c61/out/include" "-fvisibility=hidden" "-DHAVE_LONGLONG" "-DHAVE_SNPRINTF" "-DHAVE_UNISTD_H" "-DHAVE_INTTYPES_H" "-DHAVE_STDLIB_H" "-DHAVE_SYS_SELECT_H" "-DHAVE_SYS_SOCKET_H" "-DHAVE_SYS_IOCTL_H" "-DHAVE_SYS_TIME_H" "-DHAVE_SYS_UN_H" "-DHAVE_O_NONBLOCK" "-DLIBSSH2_OPENSSL" "-DHAVE_LIBCRYPT32" "-DHAVE_EVP_AES_128_CTR" "-DHAVE_POLL" "-DHAVE_GETTIMEOFDAY" "-DLIBSSH2_DH_GEX_NEW" "-DLIBSSH2_HAVE_ZLIB" "--target=aarch64-unknown-none" "-nostdinc" "-isystem" "/nix/store/vhg4azj1sd88x317byclhyzbqr4xlfpw-clang-21.1.8-lib/lib/clang/21/include" "-I" "/Users/petitstrawberry/Development/Rust/Scarlet/user/lib/scarlet-libc/include" "-o" "/tmp/scarlet-cargo-readiness-target/aarch64-unknown-scarlet/release/build/libssh2-sys-702535f7128198aa/out/build/f89bd02e425f6856-transport.o" "-c" "libssh2/src/transport.c"cargo:warning=In file included from libssh2/src/userauth.c:42:
  cargo:warning=libssh2/src/libssh2_priv.h:71:11: fatal error: 'poll.h' file not found
  cargo:warning=   71 | # include <poll.h>
  cargo:warning=      |           ^~~~~~~~
  cargo:warning=1 error generated.

  exit status: 1
  cargo:warning=ToolExecError: command did not execute successfully (status code exit status: 1): LC_ALL="C" "/nix/store/1g31prgnyak0bdszc40z72lmafkhjz64-clang-21.1.8/bin/clang" "-O3" "-ffunction-sections" "-fdata-sections" "-fPIC" "--target=aarch64-unknown-scarlet" "-I" "/tmp/scarlet-cargo-readiness-target/aarch64-unknown-scarlet/release/build/libssh2-sys-702535f7128198aa/out/include" "-I" "libssh2/src" "-I" "/tmp/scarlet-cargo-readiness-target/aarch64-unknown-scarlet/release/build/libssh2-sys-702535f7128198aa/out/build" "-I" "/tmp/scarlet-cargo-readiness-target/aarch64-unknown-scarlet/release/build/libz-sys-358db38874294c61/out/include" "-fvisibility=hidden" "-DHAVE_LONGLONG" "-DHAVE_SNPRINTF" "-DHAVE_UNISTD_H" "-DHAVE_INTTYPES_H" "-DHAVE_STDLIB_H" "-DHAVE_SYS_SELECT_H" "-DHAVE_SYS_SOCKET_H" "-DHAVE_SYS_IOCTL_H" "-DHAVE_SYS_TIME_H" "-DHAVE_SYS_UN_H" "-DHAVE_O_NONBLOCK" "-DLIBSSH2_OPENSSL" "-DHAVE_LIBCRYPT32" "-DHAVE_EVP_AES_128_CTR" "-DHAVE_POLL" "-DHAVE_GETTIMEOFDAY" "-DLIBSSH2_DH_GEX_NEW" "-DLIBSSH2_HAVE_ZLIB" "--target=aarch64-unknown-none" "-nostdinc" "-isystem" "/nix/store/vhg4azj1sd88x317byclhyzbqr4xlfpw-clang-21.1.8-lib/lib/clang/21/include" "-I" "/Users/petitstrawberry/Development/Rust/Scarlet/user/lib/scarlet-libc/include" "-o" "/tmp/scarlet-cargo-readiness-target/aarch64-unknown-scarlet/release/build/libssh2-sys-702535f7128198aa/out/build/f89bd02e425f6856-userauth.o" "-c" "libssh2/src/userauth.c"cargo:warning=In file included from libssh2/src/userauth_kbd_packet.c:40:
  cargo:warning=libssh2/src/libssh2_priv.h:71:11: fatal error: 'poll.h' file not found
  cargo:warning=   71 | # include <poll.h>
  cargo:warning=      |           ^~~~~~~~
  cargo:warning=1 error generated.

  exit status: 1
  cargo:warning=ToolExecError: command did not execute successfully (status code exit status: 1): LC_ALL="C" "/nix/store/1g31prgnyak0bdszc40z72lmafkhjz64-clang-21.1.8/bin/clang" "-O3" "-ffunction-sections" "-fdata-sections" "-fPIC" "--target=aarch64-unknown-scarlet" "-I" "/tmp/scarlet-cargo-readiness-target/aarch64-unknown-scarlet/release/build/libssh2-sys-702535f7128198aa/out/include" "-I" "libssh2/src" "-I" "/tmp/scarlet-cargo-readiness-target/aarch64-unknown-scarlet/release/build/libssh2-sys-702535f7128198aa/out/build" "-I" "/tmp/scarlet-cargo-readiness-target/aarch64-unknown-scarlet/release/build/libz-sys-358db38874294c61/out/include" "-fvisibility=hidden" "-DHAVE_LONGLONG" "-DHAVE_SNPRINTF" "-DHAVE_UNISTD_H" "-DHAVE_INTTYPES_H" "-DHAVE_STDLIB_H" "-DHAVE_SYS_SELECT_H" "-DHAVE_SYS_SOCKET_H" "-DHAVE_SYS_IOCTL_H" "-DHAVE_SYS_TIME_H" "-DHAVE_SYS_UN_H" "-DHAVE_O_NONBLOCK" "-DLIBSSH2_OPENSSL" "-DHAVE_LIBCRYPT32" "-DHAVE_EVP_AES_128_CTR" "-DHAVE_POLL" "-DHAVE_GETTIMEOFDAY" "-DLIBSSH2_DH_GEX_NEW" "-DLIBSSH2_HAVE_ZLIB" "--target=aarch64-unknown-none" "-nostdinc" "-isystem" "/nix/store/vhg4azj1sd88x317byclhyzbqr4xlfpw-clang-21.1.8-lib/lib/clang/21/include" "-I" "/Users/petitstrawberry/Development/Rust/Scarlet/user/lib/scarlet-libc/include" "-o" "/tmp/scarlet-cargo-readiness-target/aarch64-unknown-scarlet/release/build/libssh2-sys-702535f7128198aa/out/build/f89bd02e425f6856-userauth_kbd_packet.o" "-c" "libssh2/src/userauth_kbd_packet.c"

  --- stderr
  fatal: not a git repository (or any of the parent directories): .git


  error occurred in cc-rs: command did not execute successfully (status code exit status: 1): LC_ALL="C" "/nix/store/1g31prgnyak0bdszc40z72lmafkhjz64-clang-21.1.8/bin/clang" "-O3" "-ffunction-sections" "-fdata-sections" "-fPIC" "--target=aarch64-unknown-scarlet" "-I" "/tmp/scarlet-cargo-readiness-target/aarch64-unknown-scarlet/release/build/libssh2-sys-702535f7128198aa/out/include" "-I" "libssh2/src" "-I" "/tmp/scarlet-cargo-readiness-target/aarch64-unknown-scarlet/release/build/libssh2-sys-702535f7128198aa/out/build" "-I" "/tmp/scarlet-cargo-readiness-target/aarch64-unknown-scarlet/release/build/libz-sys-358db38874294c61/out/include" "-fvisibility=hidden" "-DHAVE_LONGLONG" "-DHAVE_SNPRINTF" "-DHAVE_UNISTD_H" "-DHAVE_INTTYPES_H" "-DHAVE_STDLIB_H" "-DHAVE_SYS_SELECT_H" "-DHAVE_SYS_SOCKET_H" "-DHAVE_SYS_IOCTL_H" "-DHAVE_SYS_TIME_H" "-DHAVE_SYS_UN_H" "-DHAVE_O_NONBLOCK" "-DLIBSSH2_OPENSSL" "-DHAVE_LIBCRYPT32" "-DHAVE_EVP_AES_128_CTR" "-DHAVE_POLL" "-DHAVE_GETTIMEOFDAY" "-DLIBSSH2_DH_GEX_NEW" "-DLIBSSH2_HAVE_ZLIB" "--target=aarch64-unknown-none" "-nostdinc" "-isystem" "/nix/store/vhg4azj1sd88x317byclhyzbqr4xlfpw-clang-21.1.8-lib/lib/clang/21/include" "-I" "/Users/petitstrawberry/Development/Rust/Scarlet/user/lib/scarlet-libc/include" "-o" "/tmp/scarlet-cargo-readiness-target/aarch64-unknown-scarlet/release/build/libssh2-sys-702535f7128198aa/out/build/f89bd02e425f6856-userauth_kbd_packet.o" "-c" "libssh2/src/userauth_kbd_packet.c"


SCARLET_BACKEND get enter
SCARLET_BACKEND load init enter
SCARLET_BACKEND factory enter
SCARLET_BACKEND factory exit
    Checking gix-refspec v0.32.0
SCARLET_BACKEND get enter
SCARLET_BACKEND load init enter
SCARLET_BACKEND factory enter
SCARLET_BACKEND factory exit
    Checking gix-filter v0.21.0
SCARLET_BACKEND get enter
SCARLET_BACKEND load init enter
SCARLET_BACKEND factory enter
SCARLET_BACKEND factory exit
SCARLET_BACKEND get enter
SCARLET_BACKEND load init enter
SCARLET_BACKEND factory enter
SCARLET_BACKEND factory exit
SCARLET_BACKEND get enter
SCARLET_BACKEND load init enter
SCARLET_BACKEND factory enter
SCARLET_BACKEND factory exit
SCARLET_BACKEND get enter
SCARLET_BACKEND load init enter
SCARLET_BACKEND factory enter
SCARLET_BACKEND factory exit
    Checking imara-diff v0.1.8
SCARLET_BACKEND get enter
SCARLET_BACKEND load init enter
SCARLET_BACKEND factory enter
SCARLET_BACKEND factory exit
SCARLET_BACKEND get enter
SCARLET_BACKEND load init enter
SCARLET_BACKEND factory enter
SCARLET_BACKEND factory exit
    Checking rfc6979 v0.4.0
SCARLET_BACKEND get enter
SCARLET_BACKEND load init enter
SCARLET_BACKEND factory enter
SCARLET_BACKEND factory exit
   Compiling libsqlite3-sys v0.35.0
SCARLET_BACKEND get enter
SCARLET_BACKEND load init enter
SCARLET_BACKEND factory enter
SCARLET_BACKEND factory exit
    Checking gix-packetline v0.19.3
SCARLET_BACKEND get enter
SCARLET_BACKEND load init enter
SCARLET_BACKEND factory enter
SCARLET_BACKEND factory exit
    Checking indexmap v2.12.1
    Checking toml_parser v1.0.4
SCARLET_BACKEND get enter
SCARLET_BACKEND load init enter
SCARLET_BACKEND factory enter
SCARLET_BACKEND factory exit
SCARLET_BACKEND get enter
SCARLET_BACKEND load init enter
SCARLET_BACKEND factory enter
SCARLET_BACKEND factory exit
    Checking sha2 v0.10.9
SCARLET_BACKEND get enter
SCARLET_BACKEND load init enter
SCARLET_BACKEND factory enter
SCARLET_BACKEND factory exit
   Compiling libz-rs-sys v0.5.2
    Checking crossbeam-epoch v0.9.18
SCARLET_BACKEND get enter
SCARLET_BACKEND load init enter
SCARLET_BACKEND factory enter
SCARLET_BACKEND factory exit
SCARLET_BACKEND get enter
SCARLET_BACKEND load init enter
SCARLET_BACKEND factory enter
SCARLET_BACKEND factory exit
    Checking serde_spanned v1.0.3
SCARLET_BACKEND get enter
SCARLET_BACKEND load init enter
SCARLET_BACKEND factory enter
SCARLET_BACKEND factory exit
    Checking toml_datetime v0.7.3
SCARLET_BACKEND get enter
SCARLET_BACKEND load init enter
SCARLET_BACKEND factory enter
SCARLET_BACKEND factory exit
    Checking clap_lex v0.7.6
SCARLET_BACKEND get enter
SCARLET_BACKEND load init enter
SCARLET_BACKEND factory enter
SCARLET_BACKEND factory exit
   Compiling minimal-lexical v0.2.1
SCARLET_BACKEND get enter
SCARLET_BACKEND load init enter
SCARLET_BACKEND factory enter
SCARLET_BACKEND factory exit
    Checking terminal_size v0.4.3
SCARLET_BACKEND get enter
SCARLET_BACKEND load init enter
SCARLET_BACKEND factory enter
SCARLET_BACKEND factory exit
    Checking base64 v0.22.1
SCARLET_BACKEND get enter
    Checking strsim v0.11.1
SCARLET_BACKEND load init enter
SCARLET_BACKEND factory enter
SCARLET_BACKEND factory exit
    Checking toml_writer v1.0.4
SCARLET_BACKEND get enter
SCARLET_BACKEND load init enter
SCARLET_BACKEND factory enter
SCARLET_BACKEND factory exit
SCARLET_BACKEND get enter
SCARLET_BACKEND load init enter
SCARLET_BACKEND factory enter
SCARLET_BACKEND factory exit
    Checking num-conv v0.1.0
SCARLET_BACKEND get enter
SCARLET_BACKEND load init enter
SCARLET_BACKEND factory enter
SCARLET_BACKEND factory exit
   Compiling memchr v2.7.6
    Checking lazy_static v1.5.0
SCARLET_BACKEND get enter
SCARLET_BACKEND load init enter
SCARLET_BACKEND factory enter
SCARLET_BACKEND factory exit
SCARLET_BACKEND get enter
SCARLET_BACKEND load init enter
SCARLET_BACKEND factory enter
SCARLET_BACKEND factory exit
    Checking time-core v0.1.6
    Checking clru v0.6.2
SCARLET_BACKEND get enter
SCARLET_BACKEND load init enter
SCARLET_BACKEND factory enter
SCARLET_BACKEND factory exit
SCARLET_BACKEND get enter
SCARLET_BACKEND load init enter
SCARLET_BACKEND factory enter
SCARLET_BACKEND factory exit
    Checking sharded-slab v0.1.7
SCARLET_BACKEND get enter
SCARLET_BACKEND load init enter
SCARLET_BACKEND factory enter
SCARLET_BACKEND factory exit
    Checking time v0.3.44
SCARLET_BACKEND get enter
SCARLET_BACKEND load init enter
SCARLET_BACKEND factory enter
SCARLET_BACKEND factory exit
    Checking clap_builder v4.5.53
SCARLET_BACKEND get enter
SCARLET_BACKEND load init enter
SCARLET_BACKEND factory enter
SCARLET_BACKEND factory exit
   Compiling nom v7.1.3
SCARLET_BACKEND get enter
SCARLET_BACKEND load init enter
SCARLET_BACKEND factory enter
SCARLET_BACKEND factory exit
    Checking ppv-lite86 v0.2.21
SCARLET_BACKEND get enter
SCARLET_BACKEND load init enter
SCARLET_BACKEND factory enter
SCARLET_BACKEND factory exit
    Checking crossbeam-deque v0.8.6
SCARLET_BACKEND get enter
SCARLET_BACKEND load init enter
SCARLET_BACKEND factory enter
SCARLET_BACKEND factory exit
   Compiling flate2 v1.1.5
SCARLET_BACKEND get enter
SCARLET_BACKEND load init enter
SCARLET_BACKEND factory enter
SCARLET_BACKEND factory exit
   Compiling tar v0.4.44
SCARLET_BACKEND get enter
SCARLET_BACKEND load init enter
SCARLET_BACKEND factory enter
SCARLET_BACKEND factory exit
SCARLET_BACKEND get enter
SCARLET_BACKEND load init enter
SCARLET_BACKEND factory enter
SCARLET_BACKEND factory exit
warning: libsqlite3-sys@0.35.0: sqlite3/sqlite3.c:25268:42: warning: declaration of 'struct tm' will not be visible outside of this function [-Wvisibility]
warning: libsqlite3-sys@0.35.0:  25268 | static int osLocaltime(time_t *t, struct tm *pTm){
warning: libsqlite3-sys@0.35.0:        |                                          ^
warning: libsqlite3-sys@0.35.0: sqlite3/sqlite3.c:25304:8: error: call to undeclared function 'localtime_r'; ISO C99 and later do not support implicit function declarations [-Wimplicit-function-declaration]
warning: libsqlite3-sys@0.35.0:  25304 |   rc = localtime_r(t, pTm)==0;
warning: libsqlite3-sys@0.35.0:        |        ^
warning: libsqlite3-sys@0.35.0: sqlite3/sqlite3.c:25323:13: error: variable has incomplete type 'struct tm'
warning: libsqlite3-sys@0.35.0:  25323 |   struct tm sLocal;
warning: libsqlite3-sys@0.35.0:        |             ^
warning: libsqlite3-sys@0.35.0: sqlite3/sqlite3.c:25323:10: note: forward declaration of 'struct tm'
warning: libsqlite3-sys@0.35.0:  25323 |   struct tm sLocal;
warning: libsqlite3-sys@0.35.0:        |          ^
warning: libsqlite3-sys@0.35.0: sqlite3/sqlite3.c:29860:10: fatal error: 'pthread.h' file not found
warning: libsqlite3-sys@0.35.0:  29860 | #include <pthread.h>
warning: libsqlite3-sys@0.35.0:        |          ^~~~~~~~~~~
warning: libsqlite3-sys@0.35.0: 1 warning and 3 errors generated.
error: failed to run custom build command for `libsqlite3-sys v0.35.0`

Caused by:
  process didn't exit successfully: `/tmp/scarlet-cargo-readiness-target/release/build/libsqlite3-sys-16347c20d2d5d5b7/build-script-build` (exit status: 1)
  --- stdout
  cargo:rerun-if-env-changed=LIBSQLITE3_SYS_USE_PKG_CONFIG
  cargo:include=/Users/petitstrawberry/.cargo/registry/src/index.crates.io-1949cf8c6b5b557f/libsqlite3-sys-0.35.0/sqlite3
  cargo:rerun-if-changed=sqlite3/sqlite3.c
  cargo:rerun-if-changed=sqlite3/wasm32-wasi-vfs.c
  cargo:rerun-if-env-changed=SQLITE_MAX_VARIABLE_NUMBER
  cargo:rerun-if-env-changed=SQLITE_MAX_EXPR_DEPTH
  cargo:rerun-if-env-changed=SQLITE_MAX_COLUMN
  cargo:rerun-if-env-changed=LIBSQLITE3_FLAGS
  OUT_DIR = Some(/tmp/scarlet-cargo-readiness-target/aarch64-unknown-scarlet/release/build/libsqlite3-sys-7c582ee3dca29cf8/out)
  OPT_LEVEL = Some(3)
  TARGET = Some(aarch64-unknown-scarlet)
  CARGO_ENCODED_RUSTFLAGS = Some(-Cpanic=abort-Clinker=/nix/store/j9qx1hvhsibni3hjhvs156pnqn24hq1p-lld-21.1.8/bin/ld.lld)
  HOST = Some(aarch64-apple-darwin)
  cargo:rerun-if-env-changed=CC_aarch64-unknown-scarlet
  CC_aarch64-unknown-scarlet = None
  cargo:rerun-if-env-changed=CC_aarch64_unknown_scarlet
  CC_aarch64_unknown_scarlet = Some(/nix/store/1g31prgnyak0bdszc40z72lmafkhjz64-clang-21.1.8/bin/clang)
  RUSTC_WRAPPER = None
  cargo:rerun-if-env-changed=CC_ENABLE_DEBUG_OUTPUT
  cargo:rerun-if-env-changed=CRATE_CC_NO_DEFAULTS
  CRATE_CC_NO_DEFAULTS = None
  DEBUG = Some(false)
  cargo:rerun-if-env-changed=CFLAGS
  CFLAGS = None
  cargo:rerun-if-env-changed=TARGET_CFLAGS
  TARGET_CFLAGS = None
  cargo:rerun-if-env-changed=CFLAGS_aarch64_unknown_scarlet
  CFLAGS_aarch64_unknown_scarlet = Some(--target=aarch64-unknown-none -nostdinc -isystem /nix/store/vhg4azj1sd88x317byclhyzbqr4xlfpw-clang-21.1.8-lib/lib/clang/21/include -I /Users/petitstrawberry/Development/Rust/Scarlet/user/lib/scarlet-libc/include)
  cargo:rerun-if-env-changed=CC_SHELL_ESCAPED_FLAGS
  CC_SHELL_ESCAPED_FLAGS = None
  cargo:rerun-if-env-changed=CFLAGS_aarch64-unknown-scarlet
  CFLAGS_aarch64-unknown-scarlet = None
  cargo:warning=sqlite3/sqlite3.c:25268:42: warning: declaration of 'struct tm' will not be visible outside of this function [-Wvisibility]
  cargo:warning= 25268 | static int osLocaltime(time_t *t, struct tm *pTm){
  cargo:warning=       |                                          ^
  cargo:warning=sqlite3/sqlite3.c:25304:8: error: call to undeclared function 'localtime_r'; ISO C99 and later do not support implicit function declarations [-Wimplicit-function-declaration]
  cargo:warning= 25304 |   rc = localtime_r(t, pTm)==0;
  cargo:warning=       |        ^
  cargo:warning=sqlite3/sqlite3.c:25323:13: error: variable has incomplete type 'struct tm'
  cargo:warning= 25323 |   struct tm sLocal;
  cargo:warning=       |             ^
  cargo:warning=sqlite3/sqlite3.c:25323:10: note: forward declaration of 'struct tm'
  cargo:warning= 25323 |   struct tm sLocal;
  cargo:warning=       |          ^
  cargo:warning=sqlite3/sqlite3.c:29860:10: fatal error: 'pthread.h' file not found
  cargo:warning= 29860 | #include <pthread.h>
  cargo:warning=       |          ^~~~~~~~~~~
  cargo:warning=1 warning and 3 errors generated.

  --- stderr


  error occurred in cc-rs: command did not execute successfully (status code exit status: 1): LC_ALL="C" "/nix/store/1g31prgnyak0bdszc40z72lmafkhjz64-clang-21.1.8/bin/clang" "-O3" "-ffunction-sections" "-fdata-sections" "-fPIC" "--target=aarch64-unknown-scarlet" "-DSQLITE_CORE" "-DSQLITE_DEFAULT_FOREIGN_KEYS=1" "-DSQLITE_ENABLE_API_ARMOR" "-DSQLITE_ENABLE_COLUMN_METADATA" "-DSQLITE_ENABLE_DBSTAT_VTAB" "-DSQLITE_ENABLE_FTS3" "-DSQLITE_ENABLE_FTS3_PARENTHESIS" "-DSQLITE_ENABLE_FTS5" "-DSQLITE_ENABLE_JSON1" "-DSQLITE_ENABLE_LOAD_EXTENSION=1" "-DSQLITE_ENABLE_MEMORY_MANAGEMENT" "-DSQLITE_ENABLE_RTREE" "-DSQLITE_ENABLE_STAT4" "-DSQLITE_SOUNDEX" "-DSQLITE_THREADSAFE=1" "-DSQLITE_USE_URI" "-DHAVE_USLEEP=1" "-DHAVE_ISNAN" "-D_POSIX_THREAD_SAFE_FUNCTIONS" "-DHAVE_LOCALTIME_R" "--target=aarch64-unknown-none" "-nostdinc" "-isystem" "/nix/store/vhg4azj1sd88x317byclhyzbqr4xlfpw-clang-21.1.8-lib/lib/clang/21/include" "-I" "/Users/petitstrawberry/Development/Rust/Scarlet/user/lib/scarlet-libc/include" "-o" "/tmp/scarlet-cargo-readiness-target/aarch64-unknown-scarlet/release/build/libsqlite3-sys-7c582ee3dca29cf8/out/c877a2978823c39d-sqlite3.o" "-c" "sqlite3/sqlite3.c"


    Checking ordered-float v2.10.1
SCARLET_BACKEND get enter
SCARLET_BACKEND load init enter
SCARLET_BACKEND factory enter
SCARLET_BACKEND factory exit
SCARLET_BACKEND get enter
SCARLET_BACKEND load init enter
SCARLET_BACKEND factory enter
SCARLET_BACKEND factory exit
    Checking tracing-log v0.2.0
SCARLET_BACKEND get enter
SCARLET_BACKEND load init enter
SCARLET_BACKEND factory enter
SCARLET_BACKEND factory exit
    Checking globset v0.4.18
SCARLET_BACKEND get enter
SCARLET_BACKEND load init enter
SCARLET_BACKEND factory enter
SCARLET_BACKEND factory exit
    Checking gix-negotiate v0.22.0
   Compiling blake3 v1.8.2
SCARLET_BACKEND get enter
SCARLET_BACKEND load init enter
SCARLET_BACKEND factory enter
SCARLET_BACKEND factory exit
SCARLET_BACKEND get enter
SCARLET_BACKEND load init enter
SCARLET_BACKEND factory enter
SCARLET_BACKEND factory exit
    Checking bitmaps v2.1.0
SCARLET_BACKEND get enter
SCARLET_BACKEND load init enter
SCARLET_BACKEND factory enter
SCARLET_BACKEND factory exit
   Compiling im-rc v15.1.0
SCARLET_BACKEND get enter
SCARLET_BACKEND load init enter
SCARLET_BACKEND factory enter
SCARLET_BACKEND factory exit
   Compiling maybe-async v0.2.10
SCARLET_BACKEND get enter
SCARLET_BACKEND load init enter
SCARLET_BACKEND factory enter
SCARLET_BACKEND factory exit
    Checking matchers v0.2.0
    Checking thread_local v1.1.9
SCARLET_BACKEND get enter
SCARLET_BACKEND load init enter
SCARLET_BACKEND factory enter
SCARLET_BACKEND factory exit
SCARLET_BACKEND get enter
SCARLET_BACKEND load init enter
SCARLET_BACKEND factory enter
SCARLET_BACKEND factory exit
    Checking fiat-crypto v0.3.0
SCARLET_BACKEND get enter
SCARLET_BACKEND load init enter
SCARLET_BACKEND factory enter
SCARLET_BACKEND factory exit
    Checking arc-swap v1.7.1
SCARLET_BACKEND get enter
SCARLET_BACKEND load init enter
SCARLET_BACKEND factory enter
SCARLET_BACKEND factory exit
    Checking nu-ansi-term v0.50.3
SCARLET_BACKEND get enter
SCARLET_BACKEND load init enter
SCARLET_BACKEND factory enter
SCARLET_BACKEND factory exit
    Checking ignore v0.4.25
SCARLET_BACKEND get enter
SCARLET_BACKEND load init enter
SCARLET_BACKEND factory enter
SCARLET_BACKEND factory exit
    Checking tracing-subscriber v0.3.22
SCARLET_BACKEND get enter
SCARLET_BACKEND load init enter
SCARLET_BACKEND factory enter
SCARLET_BACKEND factory exit
    Checking sized-chunks v0.6.5
SCARLET_BACKEND get enter
SCARLET_BACKEND load init enter
SCARLET_BACKEND factory enter
SCARLET_BACKEND factory exit
   Compiling cargo v0.95.0 (/Users/petitstrawberry/Development/Rust/rust-scarlet/src/tools/cargo)
SCARLET_BACKEND get enter
SCARLET_BACKEND load init enter
SCARLET_BACKEND factory enter
SCARLET_BACKEND factory exit
    Checking serde-untagged v0.1.9
SCARLET_BACKEND get enter
SCARLET_BACKEND load init enter
SCARLET_BACKEND factory enter
SCARLET_BACKEND factory exit
    Checking serde-value v0.7.0
SCARLET_BACKEND get enter
SCARLET_BACKEND load init enter
SCARLET_BACKEND factory enter
SCARLET_BACKEND factory exit
   Compiling color-print-proc-macro v0.3.7
SCARLET_BACKEND get enter
SCARLET_BACKEND load init enter
SCARLET_BACKEND factory enter
SCARLET_BACKEND factory exit
    Checking clap v4.5.53
SCARLET_BACKEND get enter
SCARLET_BACKEND load init enter
SCARLET_BACKEND factory enter
SCARLET_BACKEND factory exit
    Checking toml v0.9.8
SCARLET_BACKEND get enter
SCARLET_BACKEND load init enter
SCARLET_BACKEND factory enter
SCARLET_BACKEND factory exit
    Checking hashlink v0.10.0
SCARLET_BACKEND get enter
SCARLET_BACKEND load init enter
SCARLET_BACKEND factory enter
SCARLET_BACKEND factory exit
    Checking semver v1.0.27
SCARLET_BACKEND get enter
SCARLET_BACKEND load init enter
SCARLET_BACKEND factory enter
SCARLET_BACKEND factory exit
    Checking regex v1.12.2
SCARLET_BACKEND get enter
SCARLET_BACKEND load init enter
SCARLET_BACKEND factory enter
SCARLET_BACKEND factory exit
    Checking fallible-streaming-iterator v0.1.9
SCARLET_BACKEND get enter
SCARLET_BACKEND load init enter
SCARLET_BACKEND factory enter
SCARLET_BACKEND factory exit
    Checking unicode-width v0.2.2
SCARLET_BACKEND get enter
SCARLET_BACKEND load init enter
SCARLET_BACKEND factory enter
SCARLET_BACKEND factory exit
    Checking is_executable v1.0.5
SCARLET_BACKEND get enter
SCARLET_BACKEND load init enter
SCARLET_BACKEND factory enter
SCARLET_BACKEND factory exit
error[E0599]: no method named `is_executable` found for reference `&Path` in the current scope
  --> /Users/petitstrawberry/.cargo/registry/src/index.crates.io-1949cf8c6b5b557f/is_executable-1.0.5/src/lib.rs:16:19
   |
16 |     path.as_ref().is_executable()
   |                   ^^^^^^^^^^^^^ method not found in `&Path`
   |
   = help: items from traits can only be used if the trait is implemented and in scope
note: `IsExecutable` defines an item `is_executable`, perhaps you need to implement it
  --> /Users/petitstrawberry/.cargo/registry/src/index.crates.io-1949cf8c6b5b557f/is_executable-1.0.5/src/lib.rs:22:1
   |
22 | pub trait IsExecutable {
   | ^^^^^^^^^^^^^^^^^^^^^^

    Checking either v1.15.0
For more information about this error, try `rustc --explain E0599`.
error: could not compile `is_executable` (lib) due to 1 previous error
    Checking ct-codecs v1.1.6
SCARLET_BACKEND get enter
SCARLET_BACKEND load init enter
SCARLET_BACKEND factory enter
SCARLET_BACKEND factory exit
SCARLET_BACKEND get enter
SCARLET_BACKEND load init enter
SCARLET_BACKEND factory enter
SCARLET_BACKEND factory exit
    Checking hex v0.4.3
SCARLET_BACKEND get enter
SCARLET_BACKEND load init enter
SCARLET_BACKEND factory enter
SCARLET_BACKEND factory exit
    Checking jobserver v0.1.34
SCARLET_BACKEND get enter
SCARLET_BACKEND load init enter
SCARLET_BACKEND factory enter
SCARLET_BACKEND factory exit
    Checking arrayref v0.3.9
SCARLET_BACKEND get enter
SCARLET_BACKEND load init enter
SCARLET_BACKEND factory enter
SCARLET_BACKEND factory exit
    Checking shell-escape v0.1.5
SCARLET_BACKEND get enter
SCARLET_BACKEND load init enter
SCARLET_BACKEND factory enter
SCARLET_BACKEND factory exit
    Checking fallible-iterator v0.3.0
SCARLET_BACKEND get enter
SCARLET_BACKEND load init enter
SCARLET_BACKEND factory enter
SCARLET_BACKEND factory exit
    Checking arrayvec v0.7.6
    Checking unicode-ident v1.0.22
SCARLET_BACKEND get enter
SCARLET_BACKEND load init enter
SCARLET_BACKEND factory enter
SCARLET_BACKEND factory exit
SCARLET_BACKEND get enter
SCARLET_BACKEND load init enter
SCARLET_BACKEND factory enter
SCARLET_BACKEND factory exit
    Checking constant_time_eq v0.3.1
SCARLET_BACKEND get enter
SCARLET_BACKEND load init enter
SCARLET_BACKEND factory enter
SCARLET_BACKEND factory exit
    Checking shlex v1.3.0
SCARLET_BACKEND get enter
SCARLET_BACKEND load init enter
SCARLET_BACKEND factory enter
SCARLET_BACKEND factory exit
SCARLET_BACKEND get enter
SCARLET_BACKEND load init enter
SCARLET_BACKEND factory enter
SCARLET_BACKEND factory exit
    Checking cargo-util-schemas v0.12.0 (/Users/petitstrawberry/Development/Rust/rust-scarlet/src/tools/cargo/crates/cargo-util-schemas)
SCARLET_BACKEND get enter
SCARLET_BACKEND load init enter
SCARLET_BACKEND factory enter
SCARLET_BACKEND factory exit
    Checking itertools v0.14.0
SCARLET_BACKEND get enter
SCARLET_BACKEND load init enter
SCARLET_BACKEND factory enter
SCARLET_BACKEND factory exit
    Checking annotate-snippets v0.12.9
SCARLET_BACKEND get enter
SCARLET_BACKEND load init enter
SCARLET_BACKEND factory enter
SCARLET_BACKEND factory exit
error[E0599]: no function or associated item named `from_file_path` found for struct `Url` in the current scope
    --> crates/cargo-util-schemas/src/core/package_id_spec.rs:88:38
     |
  88 |                 let maybe_url = Url::from_file_path(abs)
     |                                      ^^^^^^^^^^^^^^ function or associated item not found in `Url`
     |
note: if you're trying to build a new `Url` consider using one of the following associated functions:
      Url::parse
      Url::parse_with_params
      Url::deserialize_internal
    --> /Users/petitstrawberry/.cargo/registry/src/index.crates.io-1949cf8c6b5b557f/url-2.5.7/src/lib.rs:341:5
     |
 341 |       pub fn parse(input: &str) -> Result<Self, crate::ParseError> {
     |       ^^^^^^^^^^^^^^^^^^^^^^^^^^^^^^^^^^^^^^^^^^^^^^^^^^^^^^^^^^^^
...
 371 | /     pub fn parse_with_params<I, K, V>(input: &str, iter: I) -> Result<Self, crate::ParseError>
 372 | |     where
 373 | |         I: IntoIterator,
 374 | |         I::Item: Borrow<(K, V)>,
 375 | |         K: AsRef<str>,
 376 | |         V: AsRef<str>,
     | |______________________^
...
2659 | /     pub fn deserialize_internal<'de, D>(deserializer: D) -> Result<Self, D::Error>
2660 | |     where
2661 | |         D: serde::Deserializer<'de>,
     | |____________________________________^

error[E0282]: type annotations needed
  --> crates/cargo-util-schemas/src/core/package_id_spec.rs:89:68
   |
89 |                     .map_or_else(|_| "a file:// URL".to_string(), |url| url.to_string());
   |                                                                    ^^^  --- type must be known at this point
   |
help: consider giving this closure parameter an explicit type
   |
89 |                     .map_or_else(|_| "a file:// URL".to_string(), |url: /* Type */| url.to_string());
   |                                                                       ++++++++++++

    Checking color-print v0.3.7
SCARLET_BACKEND get enter
SCARLET_BACKEND load init enter
SCARLET_BACKEND factory enter
SCARLET_BACKEND factory exit
    Checking tracing-chrome v0.7.2
SCARLET_BACKEND get enter
SCARLET_BACKEND load init enter
SCARLET_BACKEND factory enter
SCARLET_BACKEND factory exit
    Checking cargo-credential v0.4.9 (/Users/petitstrawberry/Development/Rust/rust-scarlet/src/tools/cargo/credential/cargo-credential)
SCARLET_BACKEND get enter
SCARLET_BACKEND load init enter
SCARLET_BACKEND factory enter
SCARLET_BACKEND factory exit
error[E0433]: failed to resolve: use of unresolved module or unlinked crate `imp`
  --> credential/cargo-credential/src/stdio.rs:14:24
   |
14 |     let _stdin_guard = imp::ReplacementGuard::new(Stdio::Stdin, &mut stdin)?;
   |                        ^^^ use of unresolved module or unlinked crate `imp`
   |
   = help: if you wanted to use a crate named `imp`, use `cargo add imp` to add it to your `Cargo.toml`

error[E0433]: failed to resolve: use of unresolved module or unlinked crate `imp`
  --> credential/cargo-credential/src/stdio.rs:15:25
   |
15 |     let _stdout_guard = imp::ReplacementGuard::new(Stdio::Stdout, &mut stdout)?;
   |                         ^^^ use of unresolved module or unlinked crate `imp`
   |
   = help: if you wanted to use a crate named `imp`, use `cargo add imp` to add it to your `Cargo.toml`

error[E0433]: failed to resolve: use of unresolved module or unlinked crate `imp`
  --> credential/cargo-credential/src/stdio.rs:11:32
   |
11 |     let mut stdin = File::open(imp::IN_DEVICE).or_else(|_| File::open(imp::NULL_DEVICE))?;
   |                                ^^^ use of unresolved module or unlinked crate `imp`
   |
   = help: if you wanted to use a crate named `imp`, use `cargo add imp` to add it to your `Cargo.toml`

error[E0433]: failed to resolve: use of unresolved module or unlinked crate `imp`
  --> credential/cargo-credential/src/stdio.rs:11:71
   |
11 |     let mut stdin = File::open(imp::IN_DEVICE).or_else(|_| File::open(imp::NULL_DEVICE))?;
   |                                                                       ^^^ use of unresolved module or unlinked crate `imp`
   |
   = help: if you wanted to use a crate named `imp`, use `cargo add imp` to add it to your `Cargo.toml`

error[E0433]: failed to resolve: use of unresolved module or unlinked crate `imp`
  --> credential/cargo-credential/src/stdio.rs:12:33
   |
12 |     let mut stdout = open_write(imp::OUT_DEVICE).or_else(|_| open_write(imp::NULL_DEVICE))?;
   |                                 ^^^ use of unresolved module or unlinked crate `imp`
   |
   = help: if you wanted to use a crate named `imp`, use `cargo add imp` to add it to your `Cargo.toml`

error[E0433]: failed to resolve: use of unresolved module or unlinked crate `imp`
  --> credential/cargo-credential/src/stdio.rs:12:73
   |
12 |     let mut stdout = open_write(imp::OUT_DEVICE).or_else(|_| open_write(imp::NULL_DEVICE))?;
   |                                                                         ^^^ use of unresolved module or unlinked crate `imp`
   |
   = help: if you wanted to use a crate named `imp`, use `cargo add imp` to add it to your `Cargo.toml`

Some errors have detailed explanations: E0282, E0599.
For more information about an error, try `rustc --explain E0282`.
error: could not compile `cargo-credential` (lib) due to 6 previous errors
    Checking toml_edit v0.23.7
error: could not compile `cargo-util-schemas` (lib) due to 2 previous errors
    Checking rustfix v0.9.4 (/Users/petitstrawberry/Development/Rust/rust-scarlet/src/tools/cargo/crates/rustfix)
SCARLET_BACKEND get enter
SCARLET_BACKEND get enter
SCARLET_BACKEND load init enter
SCARLET_BACKEND factory enter
SCARLET_BACKEND factory exit
SCARLET_BACKEND load init enter
SCARLET_BACKEND factory enter
SCARLET_BACKEND factory exit
    Checking os_info v3.13.0
SCARLET_BACKEND get enter
SCARLET_BACKEND load init enter
SCARLET_BACKEND factory enter
SCARLET_BACKEND factory exit
SCARLET_BACKEND get enter
SCARLET_BACKEND load init enter
SCARLET_BACKEND factory enter
SCARLET_BACKEND factory exit
    Checking cargo-platform v0.3.2 (/Users/petitstrawberry/Development/Rust/rust-scarlet/src/tools/cargo/crates/cargo-platform)
SCARLET_BACKEND get enter
SCARLET_BACKEND load init enter
SCARLET_BACKEND factory enter
SCARLET_BACKEND factory exit
    Checking serde_ignored v0.1.14
SCARLET_BACKEND get enter
SCARLET_BACKEND load init enter
SCARLET_BACKEND factory enter
SCARLET_BACKEND factory exit
    Checking http-auth v0.1.10
SCARLET_BACKEND get enter
SCARLET_BACKEND load init enter
SCARLET_BACKEND factory enter
SCARLET_BACKEND factory exit
    Checking rustc-stable-hash v0.1.2
SCARLET_BACKEND get enter
SCARLET_BACKEND load init enter
SCARLET_BACKEND factory enter
SCARLET_BACKEND factory exit
    Checking supports-hyperlinks v3.1.0
    Checking supports-unicode v3.0.0
SCARLET_BACKEND get enter
SCARLET_BACKEND load init enter
SCARLET_BACKEND factory enter
SCARLET_BACKEND factory exit
SCARLET_BACKEND get enter
SCARLET_BACKEND load init enter
SCARLET_BACKEND factory enter
SCARLET_BACKEND factory exit
    Checking unicase v2.8.1
    Checking pathdiff v0.2.3
SCARLET_BACKEND get enter
SCARLET_BACKEND load init enter
SCARLET_BACKEND factory enter
SCARLET_BACKEND factory exit
SCARLET_BACKEND get enter
SCARLET_BACKEND load init enter
SCARLET_BACKEND factory enter
SCARLET_BACKEND factory exit
    Checking home v0.5.12
SCARLET_BACKEND get enter
SCARLET_BACKEND load init enter
SCARLET_BACKEND factory enter
SCARLET_BACKEND factory exit
error[E0425]: cannot find function `home_dir_inner` in the crate root
  --> /Users/petitstrawberry/.cargo/registry/src/index.crates.io-1949cf8c6b5b557f/home-0.5.12/src/env.rs:33:16
   |
33 |         crate::home_dir_inner()
   |                ^^^^^^^^^^^^^^ not found in the crate root
   |
note: found an item that was configured out
  --> /Users/petitstrawberry/.cargo/registry/src/index.crates.io-1949cf8c6b5b557f/home-0.5.12/src/lib.rs:70:14
   |
69 | #[cfg(windows)]
   |       ------- the item is gated here
70 | use windows::home_dir_inner;
   |              ^^^^^^^^^^^^^^
note: found an item that was configured out
  --> /Users/petitstrawberry/.cargo/registry/src/index.crates.io-1949cf8c6b5b557f/home-0.5.12/src/lib.rs:73:4
   |
72 | #[cfg(unix)]
   |       ---- the item is gated here
73 | fn home_dir_inner() -> Option<PathBuf> {
   |    ^^^^^^^^^^^^^^

error: could not compile `home` (lib) due to 1 previous error
    Checking opener v0.8.3
    Checking glob v0.3.3
SCARLET_BACKEND get enter
SCARLET_BACKEND load init enter
SCARLET_BACKEND factory enter
SCARLET_BACKEND factory exit
SCARLET_BACKEND get enter
SCARLET_BACKEND load init enter
SCARLET_BACKEND factory enter
SCARLET_BACKEND factory exit
    Checking rustc-hash v2.1.1
SCARLET_BACKEND get enter
SCARLET_BACKEND load init enter
SCARLET_BACKEND factory enter
SCARLET_BACKEND factory exit
    Checking orion v0.17.11
SCARLET_BACKEND get enter
SCARLET_BACKEND load init enter
SCARLET_BACKEND factory enter
SCARLET_BACKEND factory exit
