warning: Git tree '/Users/petitstrawberry/Development/Rust/Scarlet' is dirty
/tmp/nix-shell.uGqvWZ: line 2537: /Users/petitstrawberry/.codex/worktrees/native-rustc-host/rust/scripts/scarlet-rust-dev.sh: No such file or directory
Building bootstrap
    Finished `dev` profile [unoptimized] target(s) in 0.11s
cargo:warning=Warning: supplying the --target aarch64-none-elf != arm64-apple-darwin argument to a nix-wrapped compiler may not work correctly - cc-wrapper is currently not designed with multi-target compilers in mind. You may want to use an un-wrapped compiler instead.
cargo:warning=Warning: supplying the --target aarch64-none-elf != arm64-apple-darwin argument to a nix-wrapped compiler may not work correctly - cc-wrapper is currently not designed with multi-target compilers in mind. You may want to use an un-wrapped compiler instead.
WARNING: Using a potentially old librustc. This may not behave well.
WARNING: Use `--keep-stage-std` if you want to rebuild the compiler when it changes
Creating a sysroot for stage1 compiler (use `rustup toolchain link 'name' build/host/stage1`)
Warning: supplying the --target aarch64-none-elf != arm64-apple-darwin argument to a nix-wrapped compiler may not work correctly - cc-wrapper is currently not designed with multi-target compilers in mind. You may want to use an un-wrapped compiler instead.
clang: warning: argument unused during compilation: '-mmacos-version-min=14.0' [-Wunused-command-line-argument]
Building stage1 library artifacts (stage1:aarch64-apple-darwin -> stage1:aarch64-unknown-scarlet)
SCARLET_BACKEND get enter
SCARLET_BACKEND load init enter
SCARLET_BACKEND factory enter
SCARLET_BACKEND factory exit
SCARLET_BACKEND get enter
SCARLET_BACKEND load init enter
SCARLET_BACKEND factory enter
SCARLET_BACKEND factory exit
SCARLET_BACKEND get enter
SCARLET_BACKEND load init enter
SCARLET_BACKEND factory enter
SCARLET_BACKEND factory exit
SCARLET_BACKEND get enter
SCARLET_BACKEND load init enter
SCARLET_BACKEND factory enter
SCARLET_BACKEND factory exit
SCARLET_BACKEND get enter
SCARLET_BACKEND load init enter
SCARLET_BACKEND factory enter
SCARLET_BACKEND factory exit
SCARLET_BACKEND get enter
SCARLET_BACKEND load init enter
SCARLET_BACKEND factory enter
SCARLET_BACKEND factory exit
SCARLET_BACKEND get enter
SCARLET_BACKEND load init enter
SCARLET_BACKEND factory enter
SCARLET_BACKEND factory exit
SCARLET_BACKEND get enter
SCARLET_BACKEND load init enter
SCARLET_BACKEND factory enter
SCARLET_BACKEND factory exit
SCARLET_BACKEND get enter
SCARLET_BACKEND load init enter
SCARLET_BACKEND factory enter
SCARLET_BACKEND factory exit
SCARLET_BACKEND get enter
SCARLET_BACKEND load init enter
SCARLET_BACKEND factory enter
SCARLET_BACKEND factory exit
SCARLET_BACKEND get enter
SCARLET_BACKEND load init enter
SCARLET_BACKEND factory enter
SCARLET_BACKEND factory exit
SCARLET_BACKEND get enter
SCARLET_BACKEND load init enter
SCARLET_BACKEND factory enter
SCARLET_BACKEND factory exit
SCARLET_BACKEND get enter
SCARLET_BACKEND load init enter
SCARLET_BACKEND factory enter
SCARLET_BACKEND factory exit
SCARLET_BACKEND get enter
SCARLET_BACKEND load init enter
SCARLET_BACKEND factory enter
SCARLET_BACKEND factory exit
SCARLET_BACKEND get enter
SCARLET_BACKEND load init enter
SCARLET_BACKEND factory enter
SCARLET_BACKEND factory exit
SCARLET_BACKEND get enter
SCARLET_BACKEND load init enter
SCARLET_BACKEND factory enter
SCARLET_BACKEND factory exit
SCARLET_BACKEND get enter
SCARLET_BACKEND load init enter
SCARLET_BACKEND factory enter
SCARLET_BACKEND factory exit
SCARLET_BACKEND get enter
SCARLET_BACKEND load init enter
SCARLET_BACKEND factory enter
SCARLET_BACKEND factory exit
SCARLET_BACKEND get enter
SCARLET_BACKEND load init enter
SCARLET_BACKEND factory enter
SCARLET_BACKEND factory exit
SCARLET_BACKEND get enter
SCARLET_BACKEND load init enter
SCARLET_BACKEND factory enter
SCARLET_BACKEND factory exit
SCARLET_BACKEND get enter
SCARLET_BACKEND load init enter
SCARLET_BACKEND factory enter
SCARLET_BACKEND factory exit
SCARLET_BACKEND get enter
SCARLET_BACKEND load init enter
SCARLET_BACKEND factory enter
SCARLET_BACKEND factory exit
warning: function `socket_recvfrom` is never used
   --> library/std/src/sys/pal/scarlet/abi.rs:619:8
    |
619 | pub fn socket_recvfrom(handle: usize, data: &mut [u8], address: &mut [u8; 8]) -> Result<usize, ()> {
    |        ^^^^^^^^^^^^^^^
    |
    = note: `#[warn(dead_code)]` (part of `#[warn(unused)]`) on by default

warning: `std` (lib) generated 1 warning
SCARLET_BACKEND get enter
SCARLET_BACKEND load init enter
SCARLET_BACKEND factory enter
SCARLET_BACKEND factory exit
SCARLET_BACKEND get enter
SCARLET_BACKEND load init enter
SCARLET_BACKEND factory enter
SCARLET_BACKEND factory exit
SCARLET_BACKEND get enter
SCARLET_BACKEND load init enter
SCARLET_BACKEND factory enter
SCARLET_BACKEND factory exit
SCARLET_BACKEND get enter
SCARLET_BACKEND load init enter
SCARLET_BACKEND factory enter
SCARLET_BACKEND factory exit
SCARLET_BACKEND get enter
SCARLET_BACKEND load init enter
SCARLET_BACKEND factory enter
SCARLET_BACKEND factory exit
SCARLET_BACKEND get enter
SCARLET_BACKEND load init enter
SCARLET_BACKEND factory enter
SCARLET_BACKEND factory exit
    Finished `release` profile [optimized] target(s) in 0.04s
SCARLET_BACKEND get enter
SCARLET_BACKEND load init enter
SCARLET_BACKEND factory enter
SCARLET_BACKEND factory exit
Building stage1 library artifacts (stage1 -> stage1, aarch64-apple-darwin)
SCARLET_BACKEND get enter
SCARLET_BACKEND load init enter
SCARLET_BACKEND factory enter
SCARLET_BACKEND factory exit
SCARLET_BACKEND get enter
SCARLET_BACKEND load init enter
SCARLET_BACKEND factory enter
SCARLET_BACKEND factory exit
SCARLET_BACKEND get enter
SCARLET_BACKEND load init enter
SCARLET_BACKEND factory enter
SCARLET_BACKEND factory exit
SCARLET_BACKEND get enter
SCARLET_BACKEND load init enter
SCARLET_BACKEND factory enter
SCARLET_BACKEND factory exit
SCARLET_BACKEND get enter
SCARLET_BACKEND load init enter
SCARLET_BACKEND factory enter
SCARLET_BACKEND factory exit
SCARLET_BACKEND get enter
SCARLET_BACKEND load init enter
SCARLET_BACKEND factory enter
SCARLET_BACKEND factory exit
SCARLET_BACKEND get enter
SCARLET_BACKEND load init enter
SCARLET_BACKEND factory enter
SCARLET_BACKEND factory exit
SCARLET_BACKEND get enter
SCARLET_BACKEND load init enter
SCARLET_BACKEND factory enter
SCARLET_BACKEND factory exit
SCARLET_BACKEND get enter
SCARLET_BACKEND load init enter
SCARLET_BACKEND factory enter
SCARLET_BACKEND factory exit
SCARLET_BACKEND get enter
SCARLET_BACKEND load init enter
SCARLET_BACKEND factory enter
SCARLET_BACKEND factory exit
SCARLET_BACKEND get enter
SCARLET_BACKEND load init enter
SCARLET_BACKEND factory enter
SCARLET_BACKEND factory exit
SCARLET_BACKEND get enter
SCARLET_BACKEND load init enter
SCARLET_BACKEND factory enter
SCARLET_BACKEND factory exit
SCARLET_BACKEND get enter
SCARLET_BACKEND load init enter
SCARLET_BACKEND factory enter
SCARLET_BACKEND factory exit
SCARLET_BACKEND get enter
SCARLET_BACKEND load init enter
SCARLET_BACKEND factory enter
SCARLET_BACKEND factory exit
SCARLET_BACKEND get enter
SCARLET_BACKEND load init enter
SCARLET_BACKEND factory enter
SCARLET_BACKEND factory exit
SCARLET_BACKEND get enter
SCARLET_BACKEND load init enter
SCARLET_BACKEND factory enter
SCARLET_BACKEND factory exit
SCARLET_BACKEND get enter
SCARLET_BACKEND load init enter
SCARLET_BACKEND factory enter
SCARLET_BACKEND factory exit
SCARLET_BACKEND get enter
SCARLET_BACKEND load init enter
SCARLET_BACKEND factory enter
SCARLET_BACKEND factory exit
SCARLET_BACKEND get enter
SCARLET_BACKEND load init enter
SCARLET_BACKEND factory enter
SCARLET_BACKEND factory exit
SCARLET_BACKEND get enter
SCARLET_BACKEND load init enter
SCARLET_BACKEND factory enter
SCARLET_BACKEND factory exit
SCARLET_BACKEND get enter
SCARLET_BACKEND load init enter
SCARLET_BACKEND factory enter
SCARLET_BACKEND factory exit
SCARLET_BACKEND get enter
SCARLET_BACKEND load init enter
SCARLET_BACKEND factory enter
SCARLET_BACKEND factory exit
SCARLET_BACKEND get enter
SCARLET_BACKEND load init enter
SCARLET_BACKEND factory enter
SCARLET_BACKEND factory exit
SCARLET_BACKEND get enter
SCARLET_BACKEND load init enter
SCARLET_BACKEND factory enter
SCARLET_BACKEND factory exit
SCARLET_BACKEND get enter
SCARLET_BACKEND load init enter
SCARLET_BACKEND factory enter
SCARLET_BACKEND factory exit
SCARLET_BACKEND get enter
SCARLET_BACKEND load init enter
SCARLET_BACKEND factory enter
SCARLET_BACKEND factory exit
    Finished `release` profile [optimized] target(s) in 0.02s
Building stage2 compiler artifacts (stage1:aarch64-apple-darwin -> stage2:aarch64-unknown-scarlet)
   Compiling proc-macro2 v1.0.103
   Compiling quote v1.0.42
SCARLET_BACKEND get enter
SCARLET_BACKEND load init enter
SCARLET_BACKEND factory enter
SCARLET_BACKEND factory exit
SCARLET_BACKEND get enter
SCARLET_BACKEND load init enter
SCARLET_BACKEND factory enter
SCARLET_BACKEND factory exit
SCARLET_BACKEND get enter
SCARLET_BACKEND load init enter
SCARLET_BACKEND factory enter
SCARLET_BACKEND factory exit
   Compiling proc-macro-hack v0.5.20+deprecated
   Compiling memchr v2.7.6
   Compiling stable_deref_trait v1.2.1
SCARLET_BACKEND get enter
SCARLET_BACKEND load init enter
SCARLET_BACKEND factory enter
SCARLET_BACKEND factory exit
   Compiling shlex v1.3.0
SCARLET_BACKEND get enter
SCARLET_BACKEND load init enter
SCARLET_BACKEND factory enter
SCARLET_BACKEND factory exit
SCARLET_BACKEND get enter
SCARLET_BACKEND load init enter
SCARLET_BACKEND factory enter
SCARLET_BACKEND factory exit
SCARLET_BACKEND get enter
SCARLET_BACKEND load init enter
SCARLET_BACKEND factory enter
SCARLET_BACKEND factory exit
SCARLET_BACKEND get enter
SCARLET_BACKEND load init enter
SCARLET_BACKEND factory enter
SCARLET_BACKEND factory exit
SCARLET_BACKEND get enter
SCARLET_BACKEND get enter
SCARLET_BACKEND load init enter
SCARLET_BACKEND factory enter
SCARLET_BACKEND factory exit
SCARLET_BACKEND load init enter
SCARLET_BACKEND factory enter
SCARLET_BACKEND factory exit
   Compiling once_cell v1.21.3
SCARLET_BACKEND get enter
SCARLET_BACKEND load init enter
SCARLET_BACKEND factory enter
SCARLET_BACKEND factory exit
   Compiling cc v1.2.16
SCARLET_BACKEND get enter
SCARLET_BACKEND load init enter
SCARLET_BACKEND factory enter
SCARLET_BACKEND factory exit
SCARLET_BACKEND get enter
SCARLET_BACKEND load init enter
SCARLET_BACKEND factory enter
SCARLET_BACKEND factory exit
   Compiling version_check v0.9.5
SCARLET_BACKEND get enter
SCARLET_BACKEND load init enter
SCARLET_BACKEND factory enter
SCARLET_BACKEND factory exit
SCARLET_BACKEND get enter
SCARLET_BACKEND load init enter
SCARLET_BACKEND factory enter
SCARLET_BACKEND factory exit
SCARLET_BACKEND get enter
SCARLET_BACKEND load init enter
SCARLET_BACKEND factory enter
SCARLET_BACKEND factory exit
SCARLET_BACKEND get enter
SCARLET_BACKEND load init enter
SCARLET_BACKEND factory enter
SCARLET_BACKEND factory exit
SCARLET_BACKEND get enter
SCARLET_BACKEND load init enter
SCARLET_BACKEND factory enter
SCARLET_BACKEND factory exit
   Compiling typenum v1.19.0
SCARLET_BACKEND get enter
SCARLET_BACKEND load init enter
SCARLET_BACKEND factory enter
SCARLET_BACKEND factory exit
SCARLET_BACKEND get enter
SCARLET_BACKEND load init enter
SCARLET_BACKEND factory enter
SCARLET_BACKEND factory exit
SCARLET_BACKEND get enter
SCARLET_BACKEND load init enter
SCARLET_BACKEND factory enter
SCARLET_BACKEND factory exit
   Compiling thiserror v2.0.17
SCARLET_BACKEND get enter
SCARLET_BACKEND load init enter
SCARLET_BACKEND factory enter
SCARLET_BACKEND factory exit
SCARLET_BACKEND get enter
SCARLET_BACKEND load init enter
SCARLET_BACKEND factory enter
SCARLET_BACKEND factory exit
   Compiling syn v2.0.110
SCARLET_BACKEND get enter
SCARLET_BACKEND load init enter
SCARLET_BACKEND factory enter
SCARLET_BACKEND factory exit
   Compiling indexmap v2.12.0
SCARLET_BACKEND get enter
SCARLET_BACKEND load init enter
SCARLET_BACKEND factory enter
SCARLET_BACKEND factory exit
   Compiling generic-array v0.14.7
SCARLET_BACKEND get enter
SCARLET_BACKEND load init enter
SCARLET_BACKEND factory enter
SCARLET_BACKEND factory exit
SCARLET_BACKEND get enter
SCARLET_BACKEND load init enter
SCARLET_BACKEND factory enter
SCARLET_BACKEND factory exit
   Compiling parking_lot_core v0.9.12
SCARLET_BACKEND get enter
SCARLET_BACKEND load init enter
SCARLET_BACKEND factory enter
SCARLET_BACKEND factory exit
SCARLET_BACKEND get enter
SCARLET_BACKEND load init enter
SCARLET_BACKEND factory enter
SCARLET_BACKEND factory exit
   Compiling tracing-core v0.1.34
SCARLET_BACKEND get enter
SCARLET_BACKEND load init enter
SCARLET_BACKEND factory enter
SCARLET_BACKEND factory exit
SCARLET_BACKEND get enter
SCARLET_BACKEND load init enter
SCARLET_BACKEND factory enter
SCARLET_BACKEND factory exit
   Compiling log v0.4.28
SCARLET_BACKEND get enter
SCARLET_BACKEND load init enter
SCARLET_BACKEND factory enter
SCARLET_BACKEND factory exit
SCARLET_BACKEND get enter
SCARLET_BACKEND load init enter
SCARLET_BACKEND factory enter
SCARLET_BACKEND factory exit
SCARLET_BACKEND get enter
SCARLET_BACKEND load init enter
SCARLET_BACKEND factory enter
SCARLET_BACKEND factory exit
SCARLET_BACKEND get enter
SCARLET_BACKEND load init enter
SCARLET_BACKEND factory enter
SCARLET_BACKEND factory exit
SCARLET_BACKEND get enter
SCARLET_BACKEND load init enter
SCARLET_BACKEND factory enter
SCARLET_BACKEND factory exit
   Compiling rustc_macros v0.0.0 (/Users/petitstrawberry/.codex/worktrees/native-rustc-host/rust/compiler/rustc_macros)
SCARLET_BACKEND get enter
SCARLET_BACKEND load init enter
SCARLET_BACKEND factory enter
SCARLET_BACKEND factory exit
SCARLET_BACKEND get enter
SCARLET_BACKEND load init enter
SCARLET_BACKEND factory enter
SCARLET_BACKEND factory exit
SCARLET_BACKEND get enter
SCARLET_BACKEND load init enter
SCARLET_BACKEND factory enter
SCARLET_BACKEND factory exit
SCARLET_BACKEND get enter
SCARLET_BACKEND load init enter
SCARLET_BACKEND factory enter
SCARLET_BACKEND factory exit
   Compiling crossbeam-utils v0.8.21
SCARLET_BACKEND get enter
SCARLET_BACKEND load init enter
SCARLET_BACKEND factory enter
SCARLET_BACKEND factory exit
SCARLET_BACKEND get enter
SCARLET_BACKEND load init enter
SCARLET_BACKEND factory enter
SCARLET_BACKEND factory exit
   Compiling parking_lot v0.12.5
SCARLET_BACKEND get enter
   Compiling psm v0.1.26
SCARLET_BACKEND load init enter
SCARLET_BACKEND factory enter
SCARLET_BACKEND factory exit
SCARLET_BACKEND get enter
SCARLET_BACKEND load init enter
SCARLET_BACKEND factory enter
SCARLET_BACKEND factory exit
SCARLET_BACKEND get enter
SCARLET_BACKEND load init enter
SCARLET_BACKEND factory enter
SCARLET_BACKEND factory exit
   Compiling aho-corasick v1.1.4
SCARLET_BACKEND get enter
SCARLET_BACKEND load init enter
SCARLET_BACKEND factory enter
SCARLET_BACKEND factory exit
   Compiling block-buffer v0.10.4
SCARLET_BACKEND get enter
SCARLET_BACKEND load init enter
SCARLET_BACKEND factory enter
SCARLET_BACKEND factory exit
   Compiling crypto-common v0.1.7
SCARLET_BACKEND get enter
SCARLET_BACKEND load init enter
SCARLET_BACKEND factory enter
SCARLET_BACKEND factory exit
   Compiling regex-syntax v0.8.8
SCARLET_BACKEND get enter
SCARLET_BACKEND load init enter
SCARLET_BACKEND factory enter
SCARLET_BACKEND factory exit
   Compiling rustc-hash v2.1.1
SCARLET_BACKEND get enter
SCARLET_BACKEND load init enter
SCARLET_BACKEND factory enter
SCARLET_BACKEND factory exit
   Compiling rustc-stable-hash v0.1.2
SCARLET_BACKEND get enter
SCARLET_BACKEND load init enter
SCARLET_BACKEND factory enter
SCARLET_BACKEND factory exit
   Compiling crossbeam-epoch v0.9.18
SCARLET_BACKEND get enter
SCARLET_BACKEND load init enter
SCARLET_BACKEND factory enter
SCARLET_BACKEND factory exit
   Compiling rustc_hashes v0.0.0 (/Users/petitstrawberry/.codex/worktrees/native-rustc-host/rust/compiler/rustc_hashes)
SCARLET_BACKEND get enter
SCARLET_BACKEND load init enter
SCARLET_BACKEND factory enter
SCARLET_BACKEND factory exit
   Compiling digest v0.10.7
SCARLET_BACKEND get enter
SCARLET_BACKEND load init enter
SCARLET_BACKEND factory enter
SCARLET_BACKEND factory exit
   Compiling stacker v0.1.21 (/Users/petitstrawberry/.codex/worktrees/native-rustc-host/rust/native-host-deps/stacker-0.1.21)
SCARLET_BACKEND get enter
SCARLET_BACKEND load init enter
SCARLET_BACKEND factory enter
SCARLET_BACKEND factory exit
SCARLET_BACKEND get enter
SCARLET_BACKEND load init enter
SCARLET_BACKEND factory enter
SCARLET_BACKEND factory exit
   Compiling thin-vec v0.2.14
SCARLET_BACKEND get enter
SCARLET_BACKEND load init enter
SCARLET_BACKEND factory enter
SCARLET_BACKEND factory exit
   Compiling fastrand v2.3.0
SCARLET_BACKEND get enter
SCARLET_BACKEND load init enter
SCARLET_BACKEND factory enter
SCARLET_BACKEND factory exit
   Compiling rustc-hash v1.1.0
SCARLET_BACKEND get enter
SCARLET_BACKEND load init enter
SCARLET_BACKEND factory enter
SCARLET_BACKEND factory exit
   Compiling rustc_serialize v0.0.0 (/Users/petitstrawberry/.codex/worktrees/native-rustc-host/rust/compiler/rustc_serialize)
SCARLET_BACKEND get enter
SCARLET_BACKEND load init enter
SCARLET_BACKEND factory enter
SCARLET_BACKEND factory exit
   Compiling tempfile v3.23.0 (/Users/petitstrawberry/.codex/worktrees/native-rustc-host/rust/native-host-deps/tempfile-3.23.0)
SCARLET_BACKEND get enter
SCARLET_BACKEND load init enter
SCARLET_BACKEND factory enter
SCARLET_BACKEND factory exit
warning: unreachable `pub` item
 --> native-host-deps/tempfile-3.23.0/src/dir/imp/mod.rs:9:9
  |
9 | pub use any::*;
  | ---     ^^^
  | |
  | help: consider restricting its visibility: `pub(super)`
  |
  = help: or consider exporting it for use by other crates
  = note: requested on the command line with `-W unreachable-pub`

warning: unreachable `pub` item
  --> native-host-deps/tempfile-3.23.0/src/dir/imp/any.rs:10:1
   |
10 |   pub fn create(
   |   ^--
   |   |
   |  _help: consider restricting its visibility: `pub(crate)`
   | |
11 | |     path: PathBuf,
12 | |     permissions: Option<&std::fs::Permissions>,
13 | |     disable_cleanup: bool,
14 | | ) -> io::Result<TempDir> {
   | |________________________^
   |
   = help: or consider exporting it for use by other crates

warning: unreachable `pub` item
  --> native-host-deps/tempfile-3.23.0/src/file/imp/mod.rs:16:9
   |
16 | pub use self::platform::*;
   | ---     ^^^^^^^^^^^^^^
   | |
   | help: consider restricting its visibility: `pub(super)`
   |
   = help: or consider exporting it for use by other crates

warning: unreachable `pub` item
  --> native-host-deps/tempfile-3.23.0/src/file/imp/scarlet.rs:12:1
   |
12 |   pub fn create_named(
   |   ^--
   |   |
   |  _help: consider restricting its visibility: `pub(crate)`
   | |
13 | |     path: &Path,
14 | |     open_options: &mut OpenOptions,
15 | |     permissions: Option<&Permissions>,
16 | | ) -> io::Result<File> {
   | |_____________________^
   |
   = help: or consider exporting it for use by other crates

warning: unreachable `pub` item
  --> native-host-deps/tempfile-3.23.0/src/file/imp/scarlet.rs:25:1
   |
25 | pub fn create(_dir: &Path) -> io::Result<File> {
   | ---^^^^^^^^^^^^^^^^^^^^^^^^^^^^^^^^^^^^^^^^^^^
   | |
   | help: consider restricting its visibility: `pub(crate)`
   |
   = help: or consider exporting it for use by other crates

warning: unreachable `pub` item
  --> native-host-deps/tempfile-3.23.0/src/file/imp/scarlet.rs:31:1
   |
31 | pub fn reopen(_file: &File, _path: &Path) -> io::Result<File> {
   | ---^^^^^^^^^^^^^^^^^^^^^^^^^^^^^^^^^^^^^^^^^^^^^^^^^^^^^^^^^^
   | |
   | help: consider restricting its visibility: `pub(crate)`
   |
   = help: or consider exporting it for use by other crates

warning: unreachable `pub` item
  --> native-host-deps/tempfile-3.23.0/src/file/imp/scarlet.rs:37:1
   |
37 | pub fn persist(old_path: &Path, new_path: &Path, overwrite: bool) -> io::Result<()> {
   | ---^^^^^^^^^^^^^^^^^^^^^^^^^^^^^^^^^^^^^^^^^^^^^^^^^^^^^^^^^^^^^^^^^^^^^^^^^^^^^^^^
   | |
   | help: consider restricting its visibility: `pub(crate)`
   |
   = help: or consider exporting it for use by other crates

warning: unreachable `pub` item
  --> native-host-deps/tempfile-3.23.0/src/file/imp/scarlet.rs:47:1
   |
47 | pub fn keep(_path: &Path) -> io::Result<()> {
   | ---^^^^^^^^^^^^^^^^^^^^^^^^^^^^^^^^^^^^^^^^
   | |
   | help: consider restricting its visibility: `pub(crate)`
   |
   = help: or consider exporting it for use by other crates

warning: unreachable `pub` item
  --> native-host-deps/tempfile-3.23.0/src/util.rs:22:1
   |
22 |   pub fn create_helper<R>(
   |   ^--
   |   |
   |  _help: consider restricting its visibility: `pub(crate)`
   | |
23 | |     base: &Path,
24 | |     prefix: &OsStr,
25 | |     suffix: &OsStr,
26 | |     random_len: usize,
27 | |     mut f: impl FnMut(PathBuf) -> io::Result<R>,
28 | | ) -> io::Result<R> {
   | |__________________^
   |
   = help: or consider exporting it for use by other crates

SCARLET_BACKEND get enter
SCARLET_BACKEND load init enter
SCARLET_BACKEND factory enter
SCARLET_BACKEND factory exit
   Compiling crossbeam-deque v0.8.6
SCARLET_BACKEND get enter
SCARLET_BACKEND load init enter
SCARLET_BACKEND factory enter
SCARLET_BACKEND factory exit
   Compiling synstructure v0.13.2
SCARLET_BACKEND get enter
SCARLET_BACKEND load init enter
SCARLET_BACKEND factory enter
SCARLET_BACKEND factory exit
warning: `tempfile` (lib) generated 9 warnings (run `cargo fix --lib -p tempfile` to apply 9 suggestions)
SCARLET_BACKEND get enter
SCARLET_BACKEND load init enter
SCARLET_BACKEND factory enter
SCARLET_BACKEND factory exit
   Compiling regex-automata v0.4.13
SCARLET_BACKEND get enter
SCARLET_BACKEND load init enter
SCARLET_BACKEND factory enter
SCARLET_BACKEND factory exit
   Compiling blake3 v1.8.2
SCARLET_BACKEND get enter
SCARLET_BACKEND load init enter
SCARLET_BACKEND factory enter
SCARLET_BACKEND factory exit
SCARLET_BACKEND get enter
SCARLET_BACKEND load init enter
SCARLET_BACKEND factory enter
SCARLET_BACKEND factory exit
SCARLET_BACKEND get enter
SCARLET_BACKEND load init enter
SCARLET_BACKEND factory enter
SCARLET_BACKEND factory exit
SCARLET_BACKEND get enter
SCARLET_BACKEND load init enter
SCARLET_BACKEND factory enter
SCARLET_BACKEND factory exit
   Compiling either v1.15.0
SCARLET_BACKEND get enter
SCARLET_BACKEND load init enter
SCARLET_BACKEND factory enter
SCARLET_BACKEND factory exit
SCARLET_BACKEND get enter
SCARLET_BACKEND load init enter
SCARLET_BACKEND factory enter
SCARLET_BACKEND factory exit
   Compiling rustc_thread_pool v0.0.0 (/Users/petitstrawberry/.codex/worktrees/native-rustc-host/rust/compiler/rustc_thread_pool)
   Compiling displaydoc v0.2.5
SCARLET_BACKEND get enter
SCARLET_BACKEND load init enter
SCARLET_BACKEND factory enter
SCARLET_BACKEND factory exit
SCARLET_BACKEND get enter
SCARLET_BACKEND load init enter
SCARLET_BACKEND factory enter
SCARLET_BACKEND factory exit
   Compiling zerofrom-derive v0.1.6
SCARLET_BACKEND get enter
SCARLET_BACKEND load init enter
SCARLET_BACKEND factory enter
SCARLET_BACKEND factory exit
   Compiling tinystr v0.8.2
SCARLET_BACKEND get enter
SCARLET_BACKEND load init enter
SCARLET_BACKEND factory enter
SCARLET_BACKEND factory exit
   Compiling unic-langid-impl v0.9.6
SCARLET_BACKEND get enter
SCARLET_BACKEND load init enter
SCARLET_BACKEND factory enter
SCARLET_BACKEND factory exit
SCARLET_BACKEND get enter
SCARLET_BACKEND load init enter
SCARLET_BACKEND factory enter
SCARLET_BACKEND factory exit
   Compiling unic-langid-macros-impl v0.9.6
SCARLET_BACKEND get enter
SCARLET_BACKEND load init enter
SCARLET_BACKEND factory enter
SCARLET_BACKEND factory exit
SCARLET_BACKEND get enter
SCARLET_BACKEND load init enter
SCARLET_BACKEND factory enter
SCARLET_BACKEND factory exit
   Compiling yoke-derive v0.8.1
SCARLET_BACKEND get enter
SCARLET_BACKEND load init enter
SCARLET_BACKEND factory enter
SCARLET_BACKEND factory exit
SCARLET_BACKEND get enter
SCARLET_BACKEND load init enter
SCARLET_BACKEND factory enter
SCARLET_BACKEND factory exit
   Compiling zerovec-derive v0.11.2
SCARLET_BACKEND get enter
SCARLET_BACKEND load init enter
SCARLET_BACKEND factory enter
SCARLET_BACKEND factory exit
SCARLET_BACKEND get enter
SCARLET_BACKEND load init enter
SCARLET_BACKEND factory enter
SCARLET_BACKEND factory exit
   Compiling zerofrom v0.1.6
SCARLET_BACKEND get enter
SCARLET_BACKEND load init enter
SCARLET_BACKEND factory enter
SCARLET_BACKEND factory exit
SCARLET_BACKEND get enter
SCARLET_BACKEND load init enter
SCARLET_BACKEND factory enter
SCARLET_BACKEND factory exit
   Compiling yoke v0.8.1
   Compiling tracing-attributes v0.1.30
SCARLET_BACKEND get enter
SCARLET_BACKEND load init enter
SCARLET_BACKEND factory enter
SCARLET_BACKEND factory exit
SCARLET_BACKEND get enter
SCARLET_BACKEND load init enter
SCARLET_BACKEND factory enter
SCARLET_BACKEND factory exit
SCARLET_BACKEND get enter
SCARLET_BACKEND load init enter
SCARLET_BACKEND factory enter
SCARLET_BACKEND factory exit
SCARLET_BACKEND get enter
SCARLET_BACKEND load init enter
SCARLET_BACKEND factory enter
SCARLET_BACKEND factory exit
   Compiling thiserror-impl v2.0.17
SCARLET_BACKEND get enter
SCARLET_BACKEND load init enter
SCARLET_BACKEND factory enter
SCARLET_BACKEND factory exit
SCARLET_BACKEND get enter
SCARLET_BACKEND load init enter
SCARLET_BACKEND factory enter
SCARLET_BACKEND factory exit
   Compiling rustc_index_macros v0.0.0 (/Users/petitstrawberry/.codex/worktrees/native-rustc-host/rust/compiler/rustc_index_macros)
SCARLET_BACKEND get enter
SCARLET_BACKEND load init enter
SCARLET_BACKEND factory enter
SCARLET_BACKEND factory exit
   Compiling zerovec v0.11.5
SCARLET_BACKEND get enter
SCARLET_BACKEND load init enter
SCARLET_BACKEND factory enter
SCARLET_BACKEND factory exit
warning: building proc macro crate with `panic=abort` or `panic=immediate-abort` may crash the compiler should the proc-macro panic

warning: `rustc_index_macros` (lib) generated 1 warning
SCARLET_BACKEND get enter
SCARLET_BACKEND load init enter
SCARLET_BACKEND factory enter
SCARLET_BACKEND factory exit
SCARLET_BACKEND get enter
SCARLET_BACKEND load init enter
SCARLET_BACKEND factory enter
SCARLET_BACKEND factory exit
   Compiling tracing v0.1.41
SCARLET_BACKEND get enter
SCARLET_BACKEND load init enter
SCARLET_BACKEND factory enter
SCARLET_BACKEND factory exit
SCARLET_BACKEND get enter
SCARLET_BACKEND load init enter
SCARLET_BACKEND factory enter
SCARLET_BACKEND factory exit
SCARLET_BACKEND get enter
SCARLET_BACKEND load init enter
SCARLET_BACKEND factory enter
SCARLET_BACKEND factory exit
SCARLET_BACKEND get enter
SCARLET_BACKEND load init enter
SCARLET_BACKEND factory enter
SCARLET_BACKEND factory exit
SCARLET_BACKEND get enter
SCARLET_BACKEND load init enter
SCARLET_BACKEND factory enter
SCARLET_BACKEND factory exit
warning: unreachable `pub` item
  --> native-host-deps/stacker-0.1.21/src/backends/mod.rs:26:17
   |
26 |         pub use fallback::guess_os_stack_limit;
   |         ---     ^^^^^^^^^^^^^^^^^^^^^^^^^^^^^^
   |         |
   |         help: consider restricting its visibility: `pub(crate)`
   |
   = help: or consider exporting it for use by other crates
   = note: requested on the command line with `-W unreachable-pub`

warning: unreachable `pub` item
 --> native-host-deps/stacker-0.1.21/src/backends/fallback.rs:2:1
  |
2 | pub unsafe fn guess_os_stack_limit() -> Option<usize> {
  | ---^^^^^^^^^^^^^^^^^^^^^^^^^^^^^^^^^^^^^^^^^^^^^^^^^^
  | |
  | help: consider restricting its visibility: `pub(crate)`
  |
  = help: or consider exporting it for use by other crates

warning: unreachable `pub` item
 --> native-host-deps/stacker-0.1.21/src/alloc_stack_restore_guard.rs:3:1
  |
3 | pub struct StackRestoreGuard {
  | ---^^^^^^^^^^^^^^^^^^^^^^^^^
  | |
  | help: consider restricting its visibility: `pub(crate)`
  |
  = help: or consider exporting it for use by other crates

warning: unreachable `pub` item
  --> native-host-deps/stacker-0.1.21/src/alloc_stack_restore_guard.rs:12:5
   |
12 |     pub fn new(stack_bytes: usize) -> StackRestoreGuard {
   |     ---^^^^^^^^^^^^^^^^^^^^^^^^^^^^^^^^^^^^^^^^^^^^^^^^
   |     |
   |     help: consider restricting its visibility: `pub(crate)`

warning: unreachable `pub` item
  --> native-host-deps/stacker-0.1.21/src/alloc_stack_restore_guard.rs:32:5
   |
32 |     pub fn stack_area(&self) -> (*mut u8, usize) {
   |     ---^^^^^^^^^^^^^^^^^^^^^^^^^^^^^^^^^^^^^^^^^
   |     |
   |     help: consider restricting its visibility: `pub(crate)`

   Compiling measureme v12.0.3
SCARLET_BACKEND get enter
SCARLET_BACKEND load init enter
SCARLET_BACKEND factory enter
SCARLET_BACKEND factory exit
SCARLET_BACKEND get enter
SCARLET_BACKEND load init enter
SCARLET_BACKEND factory enter
SCARLET_BACKEND factory exit
warning: `stacker` (lib) generated 5 warnings (run `cargo fix --lib -p stacker` to apply 5 suggestions)
   Compiling ena v0.14.3
SCARLET_BACKEND get enter
SCARLET_BACKEND load init enter
SCARLET_BACKEND factory enter
SCARLET_BACKEND factory exit
   Compiling elsa v1.11.2
SCARLET_BACKEND get enter
SCARLET_BACKEND load init enter
SCARLET_BACKEND factory enter
SCARLET_BACKEND factory exit
   Compiling rustc_arena v0.0.0 (/Users/petitstrawberry/.codex/worktrees/native-rustc-host/rust/compiler/rustc_arena)
SCARLET_BACKEND get enter
SCARLET_BACKEND load init enter
SCARLET_BACKEND factory enter
SCARLET_BACKEND factory exit
   Compiling jobserver v0.1.34
SCARLET_BACKEND get enter
SCARLET_BACKEND load init enter
SCARLET_BACKEND factory enter
SCARLET_BACKEND factory exit
   Compiling rustc_graphviz v0.0.0 (/Users/petitstrawberry/.codex/worktrees/native-rustc-host/rust/compiler/rustc_graphviz)
SCARLET_BACKEND get enter
SCARLET_BACKEND load init enter
SCARLET_BACKEND factory enter
SCARLET_BACKEND factory exit
SCARLET_BACKEND get enter
SCARLET_BACKEND load init enter
SCARLET_BACKEND factory enter
SCARLET_BACKEND factory exit
SCARLET_BACKEND get enter
SCARLET_BACKEND load init enter
SCARLET_BACKEND factory enter
SCARLET_BACKEND factory exit
SCARLET_BACKEND get enter
SCARLET_BACKEND load init enter
SCARLET_BACKEND factory enter
SCARLET_BACKEND factory exit
warning: `rustc_macros` (lib) generated 1 warning (1 duplicate)
   Compiling unic-langid-macros v0.9.6
SCARLET_BACKEND get enter
SCARLET_BACKEND load init enter
SCARLET_BACKEND factory enter
SCARLET_BACKEND factory exit
   Compiling derive-where v1.6.0
SCARLET_BACKEND get enter
SCARLET_BACKEND load init enter
SCARLET_BACKEND factory enter
SCARLET_BACKEND factory exit
   Compiling rustc_index v0.0.0 (/Users/petitstrawberry/.codex/worktrees/native-rustc-host/rust/compiler/rustc_index)
SCARLET_BACKEND get enter
SCARLET_BACKEND load init enter
SCARLET_BACKEND factory enter
SCARLET_BACKEND factory exit
SCARLET_BACKEND get enter
SCARLET_BACKEND load init enter
SCARLET_BACKEND factory enter
SCARLET_BACKEND factory exit
   Compiling sha1 v0.10.6
SCARLET_BACKEND get enter
SCARLET_BACKEND load init enter
SCARLET_BACKEND factory enter
SCARLET_BACKEND factory exit
   Compiling sha2 v0.10.9
SCARLET_BACKEND get enter
SCARLET_BACKEND load init enter
SCARLET_BACKEND factory enter
SCARLET_BACKEND factory exit
   Compiling rustc_data_structures v0.0.0 (/Users/petitstrawberry/.codex/worktrees/native-rustc-host/rust/compiler/rustc_data_structures)
   Compiling md-5 v0.10.6
SCARLET_BACKEND get enter
SCARLET_BACKEND load init enter
SCARLET_BACKEND factory enter
SCARLET_BACKEND factory exit
SCARLET_BACKEND get enter
SCARLET_BACKEND load init enter
SCARLET_BACKEND factory enter
SCARLET_BACKEND factory exit
SCARLET_BACKEND get enter
SCARLET_BACKEND load init enter
SCARLET_BACKEND factory enter
SCARLET_BACKEND factory exit
   Compiling scoped-tls v1.0.1
SCARLET_BACKEND get enter
SCARLET_BACKEND load init enter
SCARLET_BACKEND factory enter
SCARLET_BACKEND factory exit
   Compiling icu_locale_core v2.1.1
SCARLET_BACKEND get enter
SCARLET_BACKEND load init enter
SCARLET_BACKEND factory enter
SCARLET_BACKEND factory exit
   Compiling unic-langid v0.9.6
SCARLET_BACKEND get enter
SCARLET_BACKEND load init enter
SCARLET_BACKEND factory enter
SCARLET_BACKEND factory exit
   Compiling zerotrie v0.2.3
SCARLET_BACKEND get enter
SCARLET_BACKEND load init enter
SCARLET_BACKEND factory enter
SCARLET_BACKEND factory exit
   Compiling rustc-literal-escaper v0.0.5
SCARLET_BACKEND get enter
SCARLET_BACKEND load init enter
SCARLET_BACKEND factory enter
SCARLET_BACKEND factory exit
   Compiling icu_locale_data v2.1.1
SCARLET_BACKEND get enter
SCARLET_BACKEND load init enter
SCARLET_BACKEND factory enter
SCARLET_BACKEND factory exit
   Compiling potential_utf v0.1.4
SCARLET_BACKEND get enter
SCARLET_BACKEND load init enter
SCARLET_BACKEND factory enter
SCARLET_BACKEND factory exit
   Compiling serde_core v1.0.228
SCARLET_BACKEND get enter
SCARLET_BACKEND load init enter
SCARLET_BACKEND factory enter
SCARLET_BACKEND factory exit
SCARLET_BACKEND get enter
SCARLET_BACKEND load init enter
SCARLET_BACKEND factory enter
SCARLET_BACKEND factory exit
SCARLET_BACKEND get enter
SCARLET_BACKEND load init enter
SCARLET_BACKEND factory enter
SCARLET_BACKEND factory exit
   Compiling rustc_lexer v0.0.0 (/Users/petitstrawberry/.codex/worktrees/native-rustc-host/rust/compiler/rustc_lexer)
SCARLET_BACKEND get enter
SCARLET_BACKEND load init enter
SCARLET_BACKEND factory enter
SCARLET_BACKEND factory exit
   Compiling icu_provider v2.1.1
SCARLET_BACKEND get enter
SCARLET_BACKEND load init enter
SCARLET_BACKEND factory enter
SCARLET_BACKEND factory exit
SCARLET_BACKEND get enter
SCARLET_BACKEND load init enter
SCARLET_BACKEND factory enter
SCARLET_BACKEND factory exit
SCARLET_BACKEND get enter
SCARLET_BACKEND load init enter
SCARLET_BACKEND factory enter
SCARLET_BACKEND factory exit
   Compiling icu_collections v2.1.1
SCARLET_BACKEND get enter
SCARLET_BACKEND load init enter
SCARLET_BACKEND factory enter
SCARLET_BACKEND factory exit
   Compiling rustc_span v0.0.0 (/Users/petitstrawberry/.codex/worktrees/native-rustc-host/rust/compiler/rustc_span)
SCARLET_BACKEND get enter
SCARLET_BACKEND load init enter
SCARLET_BACKEND factory enter
SCARLET_BACKEND factory exit
   Compiling type-map v0.5.1
SCARLET_BACKEND get enter
SCARLET_BACKEND load init enter
SCARLET_BACKEND factory enter
SCARLET_BACKEND factory exit
   Compiling getrandom v0.3.3 (/Users/petitstrawberry/.codex/worktrees/native-rustc-host/rust/native-host-deps/getrandom-0.3.3)
SCARLET_BACKEND get enter
SCARLET_BACKEND load init enter
SCARLET_BACKEND factory enter
SCARLET_BACKEND factory exit
   Compiling intl-memoizer v0.5.3
SCARLET_BACKEND get enter
SCARLET_BACKEND load init enter
SCARLET_BACKEND factory enter
SCARLET_BACKEND factory exit
   Compiling icu_locale v2.1.1
SCARLET_BACKEND get enter
SCARLET_BACKEND load init enter
SCARLET_BACKEND factory enter
SCARLET_BACKEND factory exit
   Compiling fluent-syntax v0.12.0
   Compiling icu_list v2.1.1
SCARLET_BACKEND get enter
SCARLET_BACKEND load init enter
SCARLET_BACKEND factory enter
SCARLET_BACKEND factory exit
SCARLET_BACKEND get enter
SCARLET_BACKEND load init enter
SCARLET_BACKEND factory enter
SCARLET_BACKEND factory exit
SCARLET_BACKEND get enter
SCARLET_BACKEND load init enter
SCARLET_BACKEND factory enter
SCARLET_BACKEND factory exit
   Compiling fluent-langneg v0.13.1
SCARLET_BACKEND get enter
SCARLET_BACKEND load init enter
SCARLET_BACKEND factory enter
SCARLET_BACKEND factory exit
   Compiling intl_pluralrules v7.0.2
SCARLET_BACKEND get enter
SCARLET_BACKEND load init enter
SCARLET_BACKEND factory enter
SCARLET_BACKEND factory exit
   Compiling itertools v0.12.1
SCARLET_BACKEND get enter
SCARLET_BACKEND load init enter
SCARLET_BACKEND factory enter
SCARLET_BACKEND factory exit
   Compiling rustc_ast_ir v0.0.0 (/Users/petitstrawberry/.codex/worktrees/native-rustc-host/rust/compiler/rustc_ast_ir)
   Compiling zerocopy v0.8.27
SCARLET_BACKEND get enter
SCARLET_BACKEND load init enter
SCARLET_BACKEND factory enter
SCARLET_BACKEND factory exit
SCARLET_BACKEND get enter
SCARLET_BACKEND load init enter
SCARLET_BACKEND factory enter
SCARLET_BACKEND factory exit
   Compiling rustc_ast v0.0.0 (/Users/petitstrawberry/.codex/worktrees/native-rustc-host/rust/compiler/rustc_ast)
SCARLET_BACKEND get enter
SCARLET_BACKEND load init enter
SCARLET_BACKEND factory enter
SCARLET_BACKEND factory exit
   Compiling crc32fast v1.5.0
SCARLET_BACKEND get enter
SCARLET_BACKEND load init enter
SCARLET_BACKEND factory enter
SCARLET_BACKEND factory exit
SCARLET_BACKEND get enter
SCARLET_BACKEND load init enter
SCARLET_BACKEND factory enter
SCARLET_BACKEND factory exit
   Compiling fluent-bundle v0.16.0
SCARLET_BACKEND get enter
SCARLET_BACKEND load init enter
SCARLET_BACKEND factory enter
SCARLET_BACKEND factory exit
   Compiling rustc_baked_icu_data v0.0.0 (/Users/petitstrawberry/.codex/worktrees/native-rustc-host/rust/compiler/rustc_baked_icu_data)
SCARLET_BACKEND get enter
SCARLET_BACKEND load init enter
SCARLET_BACKEND factory enter
SCARLET_BACKEND factory exit
SCARLET_BACKEND get enter
SCARLET_BACKEND load init enter
SCARLET_BACKEND factory enter
SCARLET_BACKEND factory exit
warning: unreachable `pub` item
  --> native-host-deps/getrandom-0.3.3/src/backends.rs:43:17
   |
43 |         pub use scarlet::*;
   |         ---     ^^^^^^^
   |         |
   |         help: consider restricting its visibility: `pub(crate)`
   |
   = help: or consider exporting it for use by other crates
   = note: requested on the command line with `-W unreachable-pub`

warning: unreachable `pub` item
 --> native-host-deps/getrandom-0.3.3/src/backends/scarlet.rs:4:23
  |
4 | pub use crate::util::{inner_u32, inner_u64};
  | ---                   ^^^^^^^^^
  | |
  | help: consider restricting its visibility: `pub(crate)`
  |
  = help: or consider exporting it for use by other crates

warning: unreachable `pub` item
 --> native-host-deps/getrandom-0.3.3/src/backends/scarlet.rs:4:34
  |
4 | pub use crate::util::{inner_u32, inner_u64};
  | ---                              ^^^^^^^^^
  | |
  | help: consider restricting its visibility: `pub(crate)`
  |
  = help: or consider exporting it for use by other crates

warning: unreachable `pub` item
 --> native-host-deps/getrandom-0.3.3/src/backends/scarlet.rs:7:1
  |
7 | pub fn fill_inner(dest: &mut [MaybeUninit<u8>]) -> Result<(), Error> {
  | ---^^^^^^^^^^^^^^^^^^^^^^^^^^^^^^^^^^^^^^^^^^^^^^^^^^^^^^^^^^^^^^^^^
  | |
  | help: consider restricting its visibility: `pub(crate)`
  |
  = help: or consider exporting it for use by other crates

warning: unreachable `pub` item
  --> native-host-deps/getrandom-0.3.3/src/util.rs:10:1
   |
10 | pub unsafe fn slice_assume_init_mut<T>(slice: &mut [MaybeUninit<T>]) -> &mut [T] {
   | ---^^^^^^^^^^^^^^^^^^^^^^^^^^^^^^^^^^^^^^^^^^^^^^^^^^^^^^^^^^^^^^^^^^^^^^^^^^^^^
   | |
   | help: consider restricting its visibility: `pub(crate)`
   |
   = help: or consider exporting it for use by other crates

warning: unreachable `pub` item
  --> native-host-deps/getrandom-0.3.3/src/util.rs:17:1
   |
17 | pub fn uninit_slice_fill_zero(slice: &mut [MaybeUninit<u8>]) -> &mut [u8] {
   | ---^^^^^^^^^^^^^^^^^^^^^^^^^^^^^^^^^^^^^^^^^^^^^^^^^^^^^^^^^^^^^^^^^^^^^^
   | |
   | help: consider restricting its visibility: `pub(crate)`
   |
   = help: or consider exporting it for use by other crates

warning: unreachable `pub` item
  --> native-host-deps/getrandom-0.3.3/src/util.rs:23:1
   |
23 | pub fn slice_as_uninit<T>(slice: &[T]) -> &[MaybeUninit<T>] {
   | ---^^^^^^^^^^^^^^^^^^^^^^^^^^^^^^^^^^^^^^^^^^^^^^^^^^^^^^^^
   | |
   | help: consider restricting its visibility: `pub(crate)`
   |
   = help: or consider exporting it for use by other crates

warning: unreachable `pub` item
  --> native-host-deps/getrandom-0.3.3/src/util.rs:35:1
   |
35 | pub unsafe fn slice_as_uninit_mut<T>(slice: &mut [T]) -> &mut [MaybeUninit<T>] {
   | ---^^^^^^^^^^^^^^^^^^^^^^^^^^^^^^^^^^^^^^^^^^^^^^^^^^^^^^^^^^^^^^^^^^^^^^^^^^^
   | |
   | help: consider restricting its visibility: `pub(crate)`
   |
   = help: or consider exporting it for use by other crates

warning: unreachable `pub` item
  --> native-host-deps/getrandom-0.3.3/src/util.rs:53:1
   |
53 | pub fn inner_u32() -> Result<u32, Error> {
   | ---^^^^^^^^^^^^^^^^^^^^^^^^^^^^^^^^^^^^^
   | |
   | help: consider restricting its visibility: `pub(crate)`
   |
   = help: or consider exporting it for use by other crates

warning: unreachable `pub` item
  --> native-host-deps/getrandom-0.3.3/src/util.rs:68:1
   |
68 | pub fn inner_u64() -> Result<u64, Error> {
   | ---^^^^^^^^^^^^^^^^^^^^^^^^^^^^^^^^^^^^^
   | |
   | help: consider restricting its visibility: `pub(crate)`
   |
   = help: or consider exporting it for use by other crates

warning: `getrandom` (lib) generated 10 warnings (run `cargo fix --lib -p getrandom` to apply 10 suggestions)
   Compiling serde v1.0.228
SCARLET_BACKEND get enter
SCARLET_BACKEND load init enter
SCARLET_BACKEND factory enter
SCARLET_BACKEND factory exit
   Compiling rand_core v0.9.3
SCARLET_BACKEND get enter
SCARLET_BACKEND load init enter
SCARLET_BACKEND factory enter
SCARLET_BACKEND factory exit
SCARLET_BACKEND get enter
SCARLET_BACKEND load init enter
SCARLET_BACKEND factory enter
SCARLET_BACKEND factory exit
SCARLET_BACKEND get enter
SCARLET_BACKEND load init enter
SCARLET_BACKEND factory enter
SCARLET_BACKEND factory exit
   Compiling serde_derive v1.0.228
SCARLET_BACKEND get enter
SCARLET_BACKEND load init enter
SCARLET_BACKEND factory enter
SCARLET_BACKEND factory exit
SCARLET_BACKEND get enter
SCARLET_BACKEND load init enter
SCARLET_BACKEND factory enter
SCARLET_BACKEND factory exit
   Compiling serde_json v1.0.145
SCARLET_BACKEND get enter
SCARLET_BACKEND load init enter
SCARLET_BACKEND factory enter
SCARLET_BACKEND factory exit
   Compiling wasmparser v0.236.1
SCARLET_BACKEND get enter
SCARLET_BACKEND load init enter
SCARLET_BACKEND factory enter
SCARLET_BACKEND factory exit
SCARLET_BACKEND get enter
SCARLET_BACKEND load init enter
SCARLET_BACKEND factory enter
SCARLET_BACKEND factory exit
SCARLET_BACKEND get enter
SCARLET_BACKEND load init enter
SCARLET_BACKEND factory enter
SCARLET_BACKEND factory exit
   Compiling ref-cast v1.0.25
SCARLET_BACKEND get enter
SCARLET_BACKEND load init enter
SCARLET_BACKEND factory enter
SCARLET_BACKEND factory exit
   Compiling ident_case v1.0.1
SCARLET_BACKEND get enter
SCARLET_BACKEND load init enter
SCARLET_BACKEND factory enter
SCARLET_BACKEND factory exit
   Compiling fnv v1.0.7
SCARLET_BACKEND get enter
SCARLET_BACKEND load init enter
SCARLET_BACKEND factory enter
SCARLET_BACKEND factory exit
SCARLET_BACKEND get enter
SCARLET_BACKEND load init enter
SCARLET_BACKEND factory enter
SCARLET_BACKEND factory exit
   Compiling object v0.37.3
   Compiling strsim v0.11.1
SCARLET_BACKEND get enter
SCARLET_BACKEND load init enter
SCARLET_BACKEND factory enter
SCARLET_BACKEND factory exit
SCARLET_BACKEND get enter
SCARLET_BACKEND load init enter
SCARLET_BACKEND factory enter
SCARLET_BACKEND factory exit
   Compiling darling_core v0.20.11
SCARLET_BACKEND get enter
SCARLET_BACKEND load init enter
SCARLET_BACKEND factory enter
SCARLET_BACKEND factory exit
   Compiling ppv-lite86 v0.2.21
SCARLET_BACKEND get enter
SCARLET_BACKEND load init enter
SCARLET_BACKEND factory enter
SCARLET_BACKEND factory exit
SCARLET_BACKEND get enter
SCARLET_BACKEND load init enter
SCARLET_BACKEND factory enter
SCARLET_BACKEND factory exit
   Compiling rand_chacha v0.9.0
SCARLET_BACKEND get enter
SCARLET_BACKEND load init enter
SCARLET_BACKEND factory enter
SCARLET_BACKEND factory exit
   Compiling rustc_ast_pretty v0.0.0 (/Users/petitstrawberry/.codex/worktrees/native-rustc-host/rust/compiler/rustc_ast_pretty)
SCARLET_BACKEND get enter
SCARLET_BACKEND load init enter
SCARLET_BACKEND factory enter
SCARLET_BACKEND factory exit
SCARLET_BACKEND get enter
SCARLET_BACKEND load init enter
SCARLET_BACKEND factory enter
SCARLET_BACKEND factory exit
   Compiling rand v0.9.2
SCARLET_BACKEND get enter
SCARLET_BACKEND load init enter
SCARLET_BACKEND factory enter
SCARLET_BACKEND factory exit
   Compiling rustc_error_messages v0.0.0 (/Users/petitstrawberry/.codex/worktrees/native-rustc-host/rust/compiler/rustc_error_messages)
SCARLET_BACKEND get enter
SCARLET_BACKEND load init enter
SCARLET_BACKEND factory enter
SCARLET_BACKEND factory exit
SCARLET_BACKEND get enter
SCARLET_BACKEND load init enter
SCARLET_BACKEND factory enter
SCARLET_BACKEND factory exit
SCARLET_BACKEND get enter
SCARLET_BACKEND load init enter
SCARLET_BACKEND factory enter
SCARLET_BACKEND factory exit
   Compiling rand_xoshiro v0.7.0
SCARLET_BACKEND get enter
SCARLET_BACKEND load init enter
SCARLET_BACKEND factory enter
SCARLET_BACKEND factory exit
SCARLET_BACKEND get enter
SCARLET_BACKEND load init enter
SCARLET_BACKEND factory enter
SCARLET_BACKEND factory exit
   Compiling ref-cast-impl v1.0.25
SCARLET_BACKEND get enter
SCARLET_BACKEND load init enter
SCARLET_BACKEND factory enter
SCARLET_BACKEND factory exit
SCARLET_BACKEND get enter
SCARLET_BACKEND load init enter
SCARLET_BACKEND factory enter
SCARLET_BACKEND factory exit
   Compiling serde_derive_internals v0.29.1
SCARLET_BACKEND get enter
SCARLET_BACKEND load init enter
SCARLET_BACKEND factory enter
SCARLET_BACKEND factory exit
SCARLET_BACKEND get enter
SCARLET_BACKEND load init enter
SCARLET_BACKEND factory enter
SCARLET_BACKEND factory exit
SCARLET_BACKEND get enter
SCARLET_BACKEND load init enter
SCARLET_BACKEND factory enter
SCARLET_BACKEND factory exit
   Compiling rustc_abi v0.0.0 (/Users/petitstrawberry/.codex/worktrees/native-rustc-host/rust/compiler/rustc_abi)
   Compiling darling_macro v0.20.11
SCARLET_BACKEND get enter
SCARLET_BACKEND load init enter
SCARLET_BACKEND factory enter
SCARLET_BACKEND factory exit
SCARLET_BACKEND get enter
SCARLET_BACKEND load init enter
SCARLET_BACKEND factory enter
SCARLET_BACKEND factory exit
   Compiling schemars_derive v1.1.0
SCARLET_BACKEND get enter
SCARLET_BACKEND load init enter
SCARLET_BACKEND factory enter
SCARLET_BACKEND factory exit
   Compiling rustc_hir_id v0.0.0 (/Users/petitstrawberry/.codex/worktrees/native-rustc-host/rust/compiler/rustc_hir_id)
SCARLET_BACKEND get enter
SCARLET_BACKEND load init enter
SCARLET_BACKEND factory enter
SCARLET_BACKEND factory exit
SCARLET_BACKEND get enter
SCARLET_BACKEND load init enter
SCARLET_BACKEND factory enter
SCARLET_BACKEND factory exit
SCARLET_BACKEND get enter
SCARLET_BACKEND load init enter
SCARLET_BACKEND factory enter
SCARLET_BACKEND factory exit
SCARLET_BACKEND get enter
SCARLET_BACKEND load init enter
SCARLET_BACKEND factory enter
SCARLET_BACKEND factory exit
SCARLET_BACKEND get enter
SCARLET_BACKEND load init enter
SCARLET_BACKEND factory enter
SCARLET_BACKEND factory exit
SCARLET_BACKEND get enter
SCARLET_BACKEND load init enter
SCARLET_BACKEND factory enter
SCARLET_BACKEND factory exit
SCARLET_BACKEND get enter
SCARLET_BACKEND load init enter
SCARLET_BACKEND factory enter
SCARLET_BACKEND factory exit
SCARLET_BACKEND get enter
SCARLET_BACKEND load init enter
SCARLET_BACKEND factory enter
SCARLET_BACKEND factory exit
SCARLET_BACKEND get enter
SCARLET_BACKEND load init enter
SCARLET_BACKEND factory enter
SCARLET_BACKEND factory exit
SCARLET_BACKEND get enter
SCARLET_BACKEND load init enter
SCARLET_BACKEND factory enter
SCARLET_BACKEND factory exit
SCARLET_BACKEND get enter
SCARLET_BACKEND load init enter
SCARLET_BACKEND factory enter
SCARLET_BACKEND factory exit
SCARLET_BACKEND get enter
SCARLET_BACKEND load init enter
SCARLET_BACKEND factory enter
SCARLET_BACKEND factory exit
SCARLET_BACKEND get enter
SCARLET_BACKEND load init enter
SCARLET_BACKEND factory enter
SCARLET_BACKEND factory exit
SCARLET_BACKEND get enter
SCARLET_BACKEND load init enter
SCARLET_BACKEND factory enter
SCARLET_BACKEND factory exit
   Compiling rustc_lint_defs v0.0.0 (/Users/petitstrawberry/.codex/worktrees/native-rustc-host/rust/compiler/rustc_lint_defs)
   Compiling serde_path_to_error v0.1.20
SCARLET_BACKEND get enter
SCARLET_BACKEND load init enter
SCARLET_BACKEND factory enter
SCARLET_BACKEND factory exit
SCARLET_BACKEND get enter
SCARLET_BACKEND load init enter
SCARLET_BACKEND factory enter
SCARLET_BACKEND factory exit
   Compiling schemars v1.1.0
SCARLET_BACKEND get enter
SCARLET_BACKEND load init enter
SCARLET_BACKEND factory enter
SCARLET_BACKEND factory exit
   Compiling rustc_fs_util v0.0.0 (/Users/petitstrawberry/.codex/worktrees/native-rustc-host/rust/compiler/rustc_fs_util)
SCARLET_BACKEND get enter
SCARLET_BACKEND load init enter
SCARLET_BACKEND factory enter
SCARLET_BACKEND factory exit
warning: unused import: `CString`
 --> compiler/rustc_fs_util/src/lib.rs:1:16
  |
1 | use std::ffi::{CString, OsStr};
  |                ^^^^^^^
  |
  = note: `#[warn(unused_imports)]` (part of `#[warn(unused)]`) on by default

SCARLET_BACKEND get enter
SCARLET_BACKEND load init enter
SCARLET_BACKEND factory enter
SCARLET_BACKEND factory exit
warning: `rustc_fs_util` (lib) generated 1 warning (run `cargo fix --lib -p rustc_fs_util` to apply 1 suggestion)
SCARLET_BACKEND get enter
SCARLET_BACKEND load init enter
SCARLET_BACKEND factory enter
SCARLET_BACKEND factory exit
SCARLET_BACKEND get enter
SCARLET_BACKEND load init enter
SCARLET_BACKEND factory enter
SCARLET_BACKEND factory exit
SCARLET_BACKEND get enter
SCARLET_BACKEND load init enter
SCARLET_BACKEND factory enter
SCARLET_BACKEND factory exit
SCARLET_BACKEND get enter
SCARLET_BACKEND load init enter
SCARLET_BACKEND factory enter
SCARLET_BACKEND factory exit
SCARLET_BACKEND get enter
SCARLET_BACKEND load init enter
SCARLET_BACKEND factory enter
SCARLET_BACKEND factory exit
SCARLET_BACKEND get enter
SCARLET_BACKEND load init enter
SCARLET_BACKEND factory enter
SCARLET_BACKEND factory exit
SCARLET_BACKEND get enter
SCARLET_BACKEND load init enter
SCARLET_BACKEND factory enter
SCARLET_BACKEND factory exit
SCARLET_BACKEND get enter
SCARLET_BACKEND load init enter
SCARLET_BACKEND factory enter
SCARLET_BACKEND factory exit
SCARLET_BACKEND get enter
SCARLET_BACKEND load init enter
SCARLET_BACKEND factory enter
SCARLET_BACKEND factory exit
   Compiling odht v0.3.1
SCARLET_BACKEND get enter
SCARLET_BACKEND load init enter
SCARLET_BACKEND factory enter
SCARLET_BACKEND factory exit
SCARLET_BACKEND get enter
SCARLET_BACKEND load init enter
SCARLET_BACKEND factory enter
SCARLET_BACKEND factory exit
SCARLET_BACKEND get enter
SCARLET_BACKEND load init enter
SCARLET_BACKEND factory enter
SCARLET_BACKEND factory exit
SCARLET_BACKEND get enter
SCARLET_BACKEND load init enter
SCARLET_BACKEND factory enter
SCARLET_BACKEND factory exit
SCARLET_BACKEND get enter
SCARLET_BACKEND load init enter
SCARLET_BACKEND factory enter
SCARLET_BACKEND factory exit
   Compiling anstyle v1.0.13
SCARLET_BACKEND get enter
SCARLET_BACKEND load init enter
SCARLET_BACKEND factory enter
SCARLET_BACKEND factory exit
SCARLET_BACKEND get enter
SCARLET_BACKEND load init enter
SCARLET_BACKEND factory enter
SCARLET_BACKEND factory exit
SCARLET_BACKEND get enter
SCARLET_BACKEND load init enter
SCARLET_BACKEND factory enter
SCARLET_BACKEND factory exit
SCARLET_BACKEND get enter
SCARLET_BACKEND load init enter
SCARLET_BACKEND factory enter
SCARLET_BACKEND factory exit
SCARLET_BACKEND get enter
SCARLET_BACKEND load init enter
SCARLET_BACKEND factory enter
SCARLET_BACKEND factory exit
SCARLET_BACKEND get enter
SCARLET_BACKEND load init enter
SCARLET_BACKEND factory enter
SCARLET_BACKEND factory exit
   Compiling annotate-snippets v0.11.5
SCARLET_BACKEND get enter
SCARLET_BACKEND load init enter
SCARLET_BACKEND factory enter
SCARLET_BACKEND factory exit
SCARLET_BACKEND get enter
SCARLET_BACKEND load init enter
SCARLET_BACKEND factory enter
SCARLET_BACKEND factory exit
SCARLET_BACKEND get enter
SCARLET_BACKEND load init enter
SCARLET_BACKEND factory enter
SCARLET_BACKEND factory exit
SCARLET_BACKEND get enter
SCARLET_BACKEND load init enter
SCARLET_BACKEND factory enter
SCARLET_BACKEND factory exit
SCARLET_BACKEND get enter
SCARLET_BACKEND load init enter
SCARLET_BACKEND factory enter
SCARLET_BACKEND factory exit
   Compiling darling v0.20.11
SCARLET_BACKEND get enter
SCARLET_BACKEND load init enter
SCARLET_BACKEND factory enter
SCARLET_BACKEND factory exit
SCARLET_BACKEND get enter
SCARLET_BACKEND load init enter
SCARLET_BACKEND factory enter
SCARLET_BACKEND factory exit
SCARLET_BACKEND get enter
SCARLET_BACKEND load init enter
SCARLET_BACKEND factory enter
SCARLET_BACKEND factory exit
   Compiling is_terminal_polyfill v1.70.2
SCARLET_BACKEND get enter
SCARLET_BACKEND load init enter
SCARLET_BACKEND factory enter
SCARLET_BACKEND factory exit
   Compiling anstyle-query v1.1.5
SCARLET_BACKEND get enter
SCARLET_BACKEND load init enter
SCARLET_BACKEND factory enter
SCARLET_BACKEND factory exit
SCARLET_BACKEND get enter
SCARLET_BACKEND load init enter
SCARLET_BACKEND factory enter
SCARLET_BACKEND factory exit
   Compiling rustc_fluent_macro v0.0.0 (/Users/petitstrawberry/.codex/worktrees/native-rustc-host/rust/compiler/rustc_fluent_macro)
   Compiling anstream v0.6.21
SCARLET_BACKEND get enter
SCARLET_BACKEND load init enter
SCARLET_BACKEND factory enter
SCARLET_BACKEND factory exit
SCARLET_BACKEND get enter
SCARLET_BACKEND load init enter
SCARLET_BACKEND factory enter
SCARLET_BACKEND factory exit
   Compiling derive_setters v0.1.8
SCARLET_BACKEND get enter
SCARLET_BACKEND load init enter
SCARLET_BACKEND factory enter
SCARLET_BACKEND factory exit
SCARLET_BACKEND get enter
SCARLET_BACKEND load init enter
SCARLET_BACKEND factory enter
SCARLET_BACKEND factory exit
SCARLET_BACKEND get enter
SCARLET_BACKEND load init enter
SCARLET_BACKEND factory enter
SCARLET_BACKEND factory exit
   Compiling annotate-snippets v0.12.10
SCARLET_BACKEND get enter
SCARLET_BACKEND load init enter
SCARLET_BACKEND factory enter
SCARLET_BACKEND factory exit
   Compiling rustc_error_codes v0.0.0 (/Users/petitstrawberry/.codex/worktrees/native-rustc-host/rust/compiler/rustc_error_codes)
SCARLET_BACKEND get enter
SCARLET_BACKEND load init enter
SCARLET_BACKEND factory enter
SCARLET_BACKEND factory exit
   Compiling termize v0.2.1
SCARLET_BACKEND get enter
SCARLET_BACKEND load init enter
SCARLET_BACKEND factory enter
SCARLET_BACKEND factory exit
   Compiling getopts v0.2.24
SCARLET_BACKEND get enter
SCARLET_BACKEND load init enter
SCARLET_BACKEND factory enter
SCARLET_BACKEND factory exit
   Compiling rustc_type_ir_macros v0.0.0 (/Users/petitstrawberry/.codex/worktrees/native-rustc-host/rust/compiler/rustc_type_ir_macros)
SCARLET_BACKEND get enter
SCARLET_BACKEND load init enter
SCARLET_BACKEND factory enter
SCARLET_BACKEND factory exit
warning: `rustc_fluent_macro` (lib) generated 1 warning (1 duplicate)
SCARLET_BACKEND get enter
SCARLET_BACKEND load init enter
SCARLET_BACKEND factory enter
SCARLET_BACKEND factory exit
   Compiling rustc_apfloat v0.2.3+llvm-462a31f5a5ab
SCARLET_BACKEND get enter
SCARLET_BACKEND load init enter
SCARLET_BACKEND factory enter
SCARLET_BACKEND factory exit
warning: `rustc_type_ir_macros` (lib) generated 1 warning (1 duplicate)
   Compiling rustc_errors v0.0.0 (/Users/petitstrawberry/.codex/worktrees/native-rustc-host/rust/compiler/rustc_errors)
SCARLET_BACKEND get enter
SCARLET_BACKEND load init enter
SCARLET_BACKEND factory enter
SCARLET_BACKEND factory exit
   Compiling datafrog v2.0.1
SCARLET_BACKEND get enter
SCARLET_BACKEND load init enter
SCARLET_BACKEND factory enter
SCARLET_BACKEND factory exit
   Compiling rustc_type_ir v0.0.0 (/Users/petitstrawberry/.codex/worktrees/native-rustc-host/rust/compiler/rustc_type_ir)
SCARLET_BACKEND get enter
SCARLET_BACKEND load init enter
SCARLET_BACKEND factory enter
SCARLET_BACKEND factory exit
SCARLET_BACKEND get enter
SCARLET_BACKEND load init enter
SCARLET_BACKEND factory enter
SCARLET_BACKEND factory exit
   Compiling polonius-engine v0.13.0
SCARLET_BACKEND get enter
SCARLET_BACKEND load init enter
SCARLET_BACKEND factory enter
SCARLET_BACKEND factory exit
   Compiling rustc_target v0.0.0 (/Users/petitstrawberry/.codex/worktrees/native-rustc-host/rust/compiler/rustc_target)
SCARLET_BACKEND get enter
SCARLET_BACKEND load init enter
SCARLET_BACKEND factory enter
SCARLET_BACKEND factory exit
   Compiling gsgdt v0.1.2
SCARLET_BACKEND get enter
SCARLET_BACKEND load init enter
SCARLET_BACKEND factory enter
SCARLET_BACKEND factory exit
SCARLET_BACKEND get enter
SCARLET_BACKEND load init enter
SCARLET_BACKEND factory enter
SCARLET_BACKEND factory exit
SCARLET_BACKEND get enter
SCARLET_BACKEND load init enter
SCARLET_BACKEND factory enter
SCARLET_BACKEND factory exit
   Compiling unicode-normalization v0.1.25
SCARLET_BACKEND get enter
SCARLET_BACKEND load init enter
SCARLET_BACKEND factory enter
SCARLET_BACKEND factory exit
   Compiling rustc_parse_format v0.0.0 (/Users/petitstrawberry/.codex/worktrees/native-rustc-host/rust/compiler/rustc_parse_format)
SCARLET_BACKEND get enter
SCARLET_BACKEND load init enter
SCARLET_BACKEND factory enter
SCARLET_BACKEND factory exit
   Compiling rustc_proc_macro v0.0.0 (/Users/petitstrawberry/.codex/worktrees/native-rustc-host/rust/compiler/rustc_proc_macro)
SCARLET_BACKEND get enter
SCARLET_BACKEND load init enter
SCARLET_BACKEND factory enter
SCARLET_BACKEND factory exit
SCARLET_BACKEND get enter
SCARLET_BACKEND load init enter
SCARLET_BACKEND factory enter
SCARLET_BACKEND factory exit
   Compiling unicode-security v0.1.2
SCARLET_BACKEND get enter
SCARLET_BACKEND load init enter
SCARLET_BACKEND factory enter
SCARLET_BACKEND factory exit
   Compiling regex v1.12.2
SCARLET_BACKEND get enter
SCARLET_BACKEND load init enter
SCARLET_BACKEND factory enter
SCARLET_BACKEND factory exit
SCARLET_BACKEND get enter
SCARLET_BACKEND load init enter
SCARLET_BACKEND factory enter
SCARLET_BACKEND factory exit
SCARLET_BACKEND get enter
SCARLET_BACKEND load init enter
SCARLET_BACKEND factory enter
SCARLET_BACKEND factory exit
SCARLET_BACKEND get enter
SCARLET_BACKEND load init enter
SCARLET_BACKEND factory enter
SCARLET_BACKEND factory exit
SCARLET_BACKEND get enter
SCARLET_BACKEND load init enter
SCARLET_BACKEND factory enter
SCARLET_BACKEND factory exit
SCARLET_BACKEND get enter
SCARLET_BACKEND load init enter
SCARLET_BACKEND factory enter
SCARLET_BACKEND factory exit
   Compiling object v0.36.7
SCARLET_BACKEND get enter
SCARLET_BACKEND load init enter
SCARLET_BACKEND factory enter
SCARLET_BACKEND factory exit
   Compiling ruzstd v0.7.3
SCARLET_BACKEND get enter
SCARLET_BACKEND load init enter
SCARLET_BACKEND factory enter
SCARLET_BACKEND factory exit
   Compiling rustc_next_trait_solver v0.0.0 (/Users/petitstrawberry/.codex/worktrees/native-rustc-host/rust/compiler/rustc_next_trait_solver)
SCARLET_BACKEND get enter
SCARLET_BACKEND load init enter
SCARLET_BACKEND factory enter
SCARLET_BACKEND factory exit
   Compiling flate2 v1.1.5
SCARLET_BACKEND get enter
SCARLET_BACKEND load init enter
SCARLET_BACKEND factory enter
SCARLET_BACKEND factory exit
   Compiling libloading v0.8.9 (/Users/petitstrawberry/.codex/worktrees/native-rustc-host/rust/native-host-deps/libloading-0.8.9)
SCARLET_BACKEND get enter
SCARLET_BACKEND load init enter
SCARLET_BACKEND factory enter
SCARLET_BACKEND factory exit
warning: hidden lifetime parameters in types are deprecated
 --> native-host-deps/libloading-0.8.9/src/error.rs:7:37
  |
7 |     fn fmt(&self, f: &mut std::fmt::Formatter) -> std::fmt::Result {
  |                           ----------^^^^^^^^^
  |                           |
  |                           expected lifetime parameter
  |
  = note: `-W elided-lifetimes-in-paths` implied by `-W rust-2018-idioms`
  = help: to override `-W rust-2018-idioms` add `#[allow(elided_lifetimes_in_paths)]`
help: indicate the anonymous lifetime
  |
7 |     fn fmt(&self, f: &mut std::fmt::Formatter<'_>) -> std::fmt::Result {
  |                                              ++++

warning: hidden lifetime parameters in types are deprecated
  --> native-host-deps/libloading-0.8.9/src/error.rs:22:37
   |
22 |     fn fmt(&self, f: &mut std::fmt::Formatter) -> std::fmt::Result {
   |                           ----------^^^^^^^^^
   |                           |
   |                           expected lifetime parameter
   |
help: indicate the anonymous lifetime
   |
22 |     fn fmt(&self, f: &mut std::fmt::Formatter<'_>) -> std::fmt::Result {
   |                                              ++++

warning: hidden lifetime parameters in types are deprecated
   --> native-host-deps/libloading-0.8.9/src/error.rs:110:37
    |
110 |     fn fmt(&self, f: &mut std::fmt::Formatter) -> std::fmt::Result {
    |                           ----------^^^^^^^^^
    |                           |
    |                           expected lifetime parameter
    |
help: indicate the anonymous lifetime
    |
110 |     fn fmt(&self, f: &mut std::fmt::Formatter<'_>) -> std::fmt::Result {
    |                                              ++++

warning: function `cstr_cow_from_bytes` is never used
  --> native-host-deps/libloading-0.8.9/src/util.rs:10:15
   |
10 | pub(crate) fn cstr_cow_from_bytes(slice: &[u8]) -> Result<Cow<'_, CStr>, Error> {
   |               ^^^^^^^^^^^^^^^^^^^
   |
   = note: `#[warn(dead_code)]` (part of `#[warn(unused)]`) on by default

warning: function `ensure_compatible_types` is never used
  --> native-host-deps/libloading-0.8.9/src/util.rs:28:15
   |
28 | pub(crate) fn ensure_compatible_types<T, E>() -> Result<(), Error> {
   |               ^^^^^^^^^^^^^^^^^^^^^^^

warning: `libloading` (lib) generated 5 warnings
   Compiling pulldown-cmark v0.11.3
SCARLET_BACKEND get enter
SCARLET_BACKEND load init enter
SCARLET_BACKEND factory enter
SCARLET_BACKEND factory exit
   Compiling find-msvc-tools v0.1.5
SCARLET_BACKEND get enter
SCARLET_BACKEND load init enter
SCARLET_BACKEND factory enter
SCARLET_BACKEND factory exit
   Compiling lazy_static v1.5.0
SCARLET_BACKEND get enter
SCARLET_BACKEND load init enter
SCARLET_BACKEND factory enter
SCARLET_BACKEND factory exit
   Compiling rustc_windows_rc v0.0.0 (/Users/petitstrawberry/.codex/worktrees/native-rustc-host/rust/compiler/rustc_windows_rc)
   Compiling sharded-slab v0.1.7
SCARLET_BACKEND get enter
SCARLET_BACKEND load init enter
SCARLET_BACKEND factory enter
SCARLET_BACKEND factory exit
SCARLET_BACKEND get enter
SCARLET_BACKEND load init enter
SCARLET_BACKEND factory enter
SCARLET_BACKEND factory exit
SCARLET_BACKEND get enter
SCARLET_BACKEND load init enter
SCARLET_BACKEND factory enter
SCARLET_BACKEND factory exit
   Compiling matchers v0.2.0
SCARLET_BACKEND get enter
SCARLET_BACKEND load init enter
SCARLET_BACKEND factory enter
SCARLET_BACKEND factory exit
   Compiling gimli v0.31.1
SCARLET_BACKEND get enter
SCARLET_BACKEND load init enter
SCARLET_BACKEND factory enter
SCARLET_BACKEND factory exit
   Compiling thread_local v1.1.9
SCARLET_BACKEND get enter
SCARLET_BACKEND load init enter
SCARLET_BACKEND factory enter
SCARLET_BACKEND factory exit
   Compiling rustc_hir v0.0.0 (/Users/petitstrawberry/.codex/worktrees/native-rustc-host/rust/compiler/rustc_hir)
SCARLET_BACKEND get enter
SCARLET_BACKEND load init enter
SCARLET_BACKEND factory enter
SCARLET_BACKEND factory exit
   Compiling pulldown-cmark-escape v0.11.0
SCARLET_BACKEND get enter
SCARLET_BACKEND load init enter
SCARLET_BACKEND factory enter
SCARLET_BACKEND factory exit
   Compiling leb128 v0.2.5
SCARLET_BACKEND get enter
SCARLET_BACKEND load init enter
SCARLET_BACKEND factory enter
SCARLET_BACKEND factory exit
SCARLET_BACKEND get enter
SCARLET_BACKEND load init enter
SCARLET_BACKEND factory enter
SCARLET_BACKEND factory exit
   Compiling nu-ansi-term v0.50.3
SCARLET_BACKEND get enter
SCARLET_BACKEND load init enter
SCARLET_BACKEND factory enter
SCARLET_BACKEND factory exit
SCARLET_BACKEND get enter
SCARLET_BACKEND load init enter
SCARLET_BACKEND factory enter
SCARLET_BACKEND factory exit
   Compiling punycode v0.4.1
SCARLET_BACKEND get enter
SCARLET_BACKEND load init enter
SCARLET_BACKEND factory enter
SCARLET_BACKEND factory exit
   Compiling tracing-subscriber v0.3.20
SCARLET_BACKEND get enter
SCARLET_BACKEND load init enter
SCARLET_BACKEND factory enter
SCARLET_BACKEND factory exit
   Compiling rustc_feature v0.0.0 (/Users/petitstrawberry/.codex/worktrees/native-rustc-host/rust/compiler/rustc_feature)
SCARLET_BACKEND get enter
SCARLET_BACKEND load init enter
SCARLET_BACKEND factory enter
SCARLET_BACKEND factory exit
   Compiling rustc_hir_pretty v0.0.0 (/Users/petitstrawberry/.codex/worktrees/native-rustc-host/rust/compiler/rustc_hir_pretty)
SCARLET_BACKEND get enter
SCARLET_BACKEND load init enter
SCARLET_BACKEND factory enter
SCARLET_BACKEND factory exit
   Compiling rustc_session v0.0.0 (/Users/petitstrawberry/.codex/worktrees/native-rustc-host/rust/compiler/rustc_session)
SCARLET_BACKEND get enter
SCARLET_BACKEND load init enter
SCARLET_BACKEND factory enter
SCARLET_BACKEND factory exit
   Compiling thorin-dwp v0.9.0
SCARLET_BACKEND get enter
SCARLET_BACKEND load init enter
SCARLET_BACKEND factory enter
SCARLET_BACKEND factory exit
warning: unused import: `rustc_fs_util::try_canonicalize`
 --> compiler/rustc_session/src/filesearch.rs:6:5
  |
6 | use rustc_fs_util::try_canonicalize;
  |     ^^^^^^^^^^^^^^^^^^^^^^^^^^^^^^^
  |
  = note: `#[warn(unused_imports)]` (part of `#[warn(unused)]`) on by default

SCARLET_BACKEND get enter
SCARLET_BACKEND load init enter
SCARLET_BACKEND factory enter
SCARLET_BACKEND factory exit
   Compiling wasm-encoder v0.219.2
SCARLET_BACKEND get enter
SCARLET_BACKEND load init enter
SCARLET_BACKEND factory enter
SCARLET_BACKEND factory exit
   Compiling ar_archive_writer v0.5.1
SCARLET_BACKEND get enter
SCARLET_BACKEND load init enter
SCARLET_BACKEND factory enter
SCARLET_BACKEND factory exit
   Compiling bstr v1.12.1
SCARLET_BACKEND get enter
SCARLET_BACKEND load init enter
SCARLET_BACKEND factory enter
SCARLET_BACKEND factory exit
   Compiling rustc_query_system v0.0.0 (/Users/petitstrawberry/.codex/worktrees/native-rustc-host/rust/compiler/rustc_query_system)
SCARLET_BACKEND get enter
SCARLET_BACKEND load init enter
SCARLET_BACKEND factory enter
SCARLET_BACKEND factory exit
   Compiling rustc_parse v0.0.0 (/Users/petitstrawberry/.codex/worktrees/native-rustc-host/rust/compiler/rustc_parse)
SCARLET_BACKEND get enter
SCARLET_BACKEND load init enter
SCARLET_BACKEND factory enter
SCARLET_BACKEND factory exit
   Compiling tracing-log v0.2.0
SCARLET_BACKEND get enter
SCARLET_BACKEND load init enter
SCARLET_BACKEND factory enter
SCARLET_BACKEND factory exit
   Compiling rustc_middle v0.0.0 (/Users/petitstrawberry/.codex/worktrees/native-rustc-host/rust/compiler/rustc_middle)
SCARLET_BACKEND get enter
SCARLET_BACKEND load init enter
SCARLET_BACKEND factory enter
SCARLET_BACKEND factory exit
SCARLET_BACKEND get enter
SCARLET_BACKEND load init enter
SCARLET_BACKEND factory enter
SCARLET_BACKEND factory exit
   Compiling pathdiff v0.2.3
SCARLET_BACKEND get enter
SCARLET_BACKEND load init enter
SCARLET_BACKEND factory enter
SCARLET_BACKEND factory exit
   Compiling tracing-tree v0.3.1
SCARLET_BACKEND get enter
SCARLET_BACKEND load init enter
SCARLET_BACKEND factory enter
SCARLET_BACKEND factory exit
   Compiling rustc_log v0.0.0 (/Users/petitstrawberry/.codex/worktrees/native-rustc-host/rust/compiler/rustc_log)
SCARLET_BACKEND get enter
SCARLET_BACKEND load init enter
SCARLET_BACKEND factory enter
SCARLET_BACKEND factory exit
   Compiling rustc_driver v0.0.0 (/Users/petitstrawberry/.codex/worktrees/native-rustc-host/rust/compiler/rustc_driver)
SCARLET_BACKEND get enter
SCARLET_BACKEND load init enter
SCARLET_BACKEND factory enter
SCARLET_BACKEND factory exit
   Compiling jiff v0.2.16
SCARLET_BACKEND get enter
SCARLET_BACKEND load init enter
SCARLET_BACKEND factory enter
SCARLET_BACKEND factory exit
SCARLET_BACKEND get enter
SCARLET_BACKEND load init enter
SCARLET_BACKEND factory enter
SCARLET_BACKEND factory exit
   Compiling rustc-main v0.0.0 (/Users/petitstrawberry/.codex/worktrees/native-rustc-host/rust/compiler/rustc)
SCARLET_BACKEND get enter
SCARLET_BACKEND load init enter
SCARLET_BACKEND factory enter
SCARLET_BACKEND factory exit
warning: `rustc_session` (lib) generated 1 warning (run `cargo fix --lib -p rustc_session` to apply 1 suggestion)
   Compiling rustc_attr_parsing v0.0.0 (/Users/petitstrawberry/.codex/worktrees/native-rustc-host/rust/compiler/rustc_attr_parsing)
SCARLET_BACKEND get enter
SCARLET_BACKEND load init enter
SCARLET_BACKEND factory enter
SCARLET_BACKEND factory exit
   Compiling rustc_ast_passes v0.0.0 (/Users/petitstrawberry/.codex/worktrees/native-rustc-host/rust/compiler/rustc_ast_passes)
SCARLET_BACKEND get enter
SCARLET_BACKEND load init enter
SCARLET_BACKEND factory enter
SCARLET_BACKEND factory exit
   Compiling rustc_expand v0.0.0 (/Users/petitstrawberry/.codex/worktrees/native-rustc-host/rust/compiler/rustc_expand)
SCARLET_BACKEND get enter
SCARLET_BACKEND load init enter
SCARLET_BACKEND factory enter
SCARLET_BACKEND factory exit
   Compiling rustc_builtin_macros v0.0.0 (/Users/petitstrawberry/.codex/worktrees/native-rustc-host/rust/compiler/rustc_builtin_macros)
SCARLET_BACKEND get enter
SCARLET_BACKEND load init enter
SCARLET_BACKEND factory enter
SCARLET_BACKEND factory exit
   Compiling rustc_infer v0.0.0 (/Users/petitstrawberry/.codex/worktrees/native-rustc-host/rust/compiler/rustc_infer)
   Compiling rustc_transmute v0.0.0 (/Users/petitstrawberry/.codex/worktrees/native-rustc-host/rust/compiler/rustc_transmute)
   Compiling rustc_incremental v0.0.0 (/Users/petitstrawberry/.codex/worktrees/native-rustc-host/rust/compiler/rustc_incremental)
   Compiling rustc_mir_dataflow v0.0.0 (/Users/petitstrawberry/.codex/worktrees/native-rustc-host/rust/compiler/rustc_mir_dataflow)
   Compiling rustc_pattern_analysis v0.0.0 (/Users/petitstrawberry/.codex/worktrees/native-rustc-host/rust/compiler/rustc_pattern_analysis)
SCARLET_BACKEND get enter
SCARLET_BACKEND get enter
SCARLET_BACKEND load init enter
SCARLET_BACKEND load init enter
SCARLET_BACKEND factory enter
SCARLET_BACKEND factory enter
SCARLET_BACKEND factory exit
SCARLET_BACKEND factory exit
SCARLET_BACKEND get enter
SCARLET_BACKEND load init enter
SCARLET_BACKEND factory enter
SCARLET_BACKEND factory exit
SCARLET_BACKEND get enter
SCARLET_BACKEND get enter
SCARLET_BACKEND load init enter
SCARLET_BACKEND factory enter
SCARLET_BACKEND factory exit
SCARLET_BACKEND load init enter
SCARLET_BACKEND factory enter
SCARLET_BACKEND factory exit
   Compiling rustc_metadata v0.0.0 (/Users/petitstrawberry/.codex/worktrees/native-rustc-host/rust/compiler/rustc_metadata)
SCARLET_BACKEND get enter
SCARLET_BACKEND load init enter
SCARLET_BACKEND factory enter
SCARLET_BACKEND factory exit
   Compiling rustc_trait_selection v0.0.0 (/Users/petitstrawberry/.codex/worktrees/native-rustc-host/rust/compiler/rustc_trait_selection)
SCARLET_BACKEND get enter
SCARLET_BACKEND load init enter
SCARLET_BACKEND factory enter
SCARLET_BACKEND factory exit
   Compiling rustc_ast_lowering v0.0.0 (/Users/petitstrawberry/.codex/worktrees/native-rustc-host/rust/compiler/rustc_ast_lowering)
SCARLET_BACKEND get enter
SCARLET_BACKEND load init enter
SCARLET_BACKEND factory enter
SCARLET_BACKEND factory exit
   Compiling rustc_symbol_mangling v0.0.0 (/Users/petitstrawberry/.codex/worktrees/native-rustc-host/rust/compiler/rustc_symbol_mangling)
SCARLET_BACKEND get enter
SCARLET_BACKEND load init enter
SCARLET_BACKEND factory enter
SCARLET_BACKEND factory exit
   Compiling rustc_resolve v0.0.0 (/Users/petitstrawberry/.codex/worktrees/native-rustc-host/rust/compiler/rustc_resolve)
SCARLET_BACKEND get enter
SCARLET_BACKEND load init enter
SCARLET_BACKEND factory enter
SCARLET_BACKEND factory exit
   Compiling rustc_monomorphize v0.0.0 (/Users/petitstrawberry/.codex/worktrees/native-rustc-host/rust/compiler/rustc_monomorphize)
SCARLET_BACKEND get enter
SCARLET_BACKEND load init enter
SCARLET_BACKEND factory enter
SCARLET_BACKEND factory exit
   Compiling rustc_query_impl v0.0.0 (/Users/petitstrawberry/.codex/worktrees/native-rustc-host/rust/compiler/rustc_query_impl)
SCARLET_BACKEND get enter
SCARLET_BACKEND load init enter
SCARLET_BACKEND factory enter
SCARLET_BACKEND factory exit
   Compiling rustc_public_bridge v0.0.0 (/Users/petitstrawberry/.codex/worktrees/native-rustc-host/rust/compiler/rustc_public_bridge)
SCARLET_BACKEND get enter
SCARLET_BACKEND load init enter
SCARLET_BACKEND factory enter
SCARLET_BACKEND factory exit
   Compiling rustc_public v0.1.0-preview (/Users/petitstrawberry/.codex/worktrees/native-rustc-host/rust/compiler/rustc_public)
SCARLET_BACKEND get enter
SCARLET_BACKEND load init enter
SCARLET_BACKEND factory enter
SCARLET_BACKEND factory exit
   Compiling rustc_lint v0.0.0 (/Users/petitstrawberry/.codex/worktrees/native-rustc-host/rust/compiler/rustc_lint)
   Compiling rustc_ty_utils v0.0.0 (/Users/petitstrawberry/.codex/worktrees/native-rustc-host/rust/compiler/rustc_ty_utils)
   Compiling rustc_const_eval v0.0.0 (/Users/petitstrawberry/.codex/worktrees/native-rustc-host/rust/compiler/rustc_const_eval)
   Compiling rustc_traits v0.0.0 (/Users/petitstrawberry/.codex/worktrees/native-rustc-host/rust/compiler/rustc_traits)
SCARLET_BACKEND get enter
SCARLET_BACKEND load init enter
SCARLET_BACKEND factory enter
SCARLET_BACKEND factory exit
SCARLET_BACKEND get enter
SCARLET_BACKEND load init enter
SCARLET_BACKEND factory enter
SCARLET_BACKEND factory exit
SCARLET_BACKEND get enter
SCARLET_BACKEND load init enter
SCARLET_BACKEND factory enter
SCARLET_BACKEND factory exit
SCARLET_BACKEND get enter
SCARLET_BACKEND load init enter
SCARLET_BACKEND factory enter
SCARLET_BACKEND factory exit
   Compiling rustc_mir_build v0.0.0 (/Users/petitstrawberry/.codex/worktrees/native-rustc-host/rust/compiler/rustc_mir_build)
SCARLET_BACKEND get enter
SCARLET_BACKEND load init enter
SCARLET_BACKEND factory enter
SCARLET_BACKEND factory exit
   Compiling rustc_hir_analysis v0.0.0 (/Users/petitstrawberry/.codex/worktrees/native-rustc-host/rust/compiler/rustc_hir_analysis)
SCARLET_BACKEND get enter
SCARLET_BACKEND load init enter
SCARLET_BACKEND factory enter
SCARLET_BACKEND factory exit
   Compiling rustc_privacy v0.0.0 (/Users/petitstrawberry/.codex/worktrees/native-rustc-host/rust/compiler/rustc_privacy)
SCARLET_BACKEND get enter
SCARLET_BACKEND load init enter
SCARLET_BACKEND factory enter
SCARLET_BACKEND factory exit
   Compiling rustc_hir_typeck v0.0.0 (/Users/petitstrawberry/.codex/worktrees/native-rustc-host/rust/compiler/rustc_hir_typeck)
SCARLET_BACKEND get enter
SCARLET_BACKEND load init enter
SCARLET_BACKEND factory enter
SCARLET_BACKEND factory exit
   Compiling rustc_passes v0.0.0 (/Users/petitstrawberry/.codex/worktrees/native-rustc-host/rust/compiler/rustc_passes)
SCARLET_BACKEND get enter
SCARLET_BACKEND load init enter
SCARLET_BACKEND factory enter
SCARLET_BACKEND factory exit
   Compiling rustc_mir_transform v0.0.0 (/Users/petitstrawberry/.codex/worktrees/native-rustc-host/rust/compiler/rustc_mir_transform)
SCARLET_BACKEND get enter
SCARLET_BACKEND load init enter
SCARLET_BACKEND factory enter
SCARLET_BACKEND factory exit
   Compiling rustc_borrowck v0.0.0 (/Users/petitstrawberry/.codex/worktrees/native-rustc-host/rust/compiler/rustc_borrowck)
SCARLET_BACKEND get enter
SCARLET_BACKEND load init enter
SCARLET_BACKEND factory enter
SCARLET_BACKEND factory exit
   Compiling rustc_codegen_ssa v0.0.0 (/Users/petitstrawberry/.codex/worktrees/native-rustc-host/rust/compiler/rustc_codegen_ssa)
SCARLET_BACKEND get enter
SCARLET_BACKEND load init enter
SCARLET_BACKEND factory enter
SCARLET_BACKEND factory exit
   Compiling rustc_interface v0.0.0 (/Users/petitstrawberry/.codex/worktrees/native-rustc-host/rust/compiler/rustc_interface)
SCARLET_BACKEND get enter
SCARLET_BACKEND load init enter
SCARLET_BACKEND factory enter
SCARLET_BACKEND factory exit
   Compiling rustc_driver_impl v0.0.0 (/Users/petitstrawberry/.codex/worktrees/native-rustc-host/rust/compiler/rustc_driver_impl)
SCARLET_BACKEND get enter
SCARLET_BACKEND load init enter
SCARLET_BACKEND factory enter
SCARLET_BACKEND factory exit
SCARLET_BACKEND get enter
SCARLET_BACKEND load init enter
SCARLET_BACKEND factory enter
SCARLET_BACKEND factory exit
SCARLET_BACKEND get enter
SCARLET_BACKEND load init enter
SCARLET_BACKEND factory enter
SCARLET_BACKEND factory exit
    Finished `release` profile [optimized] target(s) in 3m 05s
Creating a sysroot for stage2 compiler (aarch64-unknown-scarlet) (use `rustup toolchain link 'name' build/aarch64-unknown-scarlet/stage2`)
Building stage2 codegen backend cranelift (stage1:aarch64-apple-darwin -> stage2:aarch64-unknown-scarlet)
   Compiling cranelift-srcgen v0.127.0
SCARLET_BACKEND get enter
SCARLET_BACKEND load init enter
SCARLET_BACKEND factory enter
SCARLET_BACKEND factory exit
   Compiling cranelift-isle v0.127.0
   Compiling cranelift-codegen-shared v0.127.0
   Compiling libm v0.2.15
SCARLET_BACKEND get enter
SCARLET_BACKEND load init enter
SCARLET_BACKEND factory enter
SCARLET_BACKEND factory exit
SCARLET_BACKEND get enter
SCARLET_BACKEND load init enter
SCARLET_BACKEND factory enter
SCARLET_BACKEND factory exit
SCARLET_BACKEND get enter
SCARLET_BACKEND load init enter
SCARLET_BACKEND factory enter
SCARLET_BACKEND factory exit
   Compiling indexmap v2.10.0
   Compiling target-lexicon v0.13.3 (/Users/petitstrawberry/.codex/worktrees/native-rustc-host/rust/native-host-deps/target-lexicon-0.13.3)
SCARLET_BACKEND get enter
SCARLET_BACKEND get enter
SCARLET_BACKEND get enter
SCARLET_BACKEND load init enter
SCARLET_BACKEND factory enter
SCARLET_BACKEND load init enter
SCARLET_BACKEND factory exit
SCARLET_BACKEND load init enter
SCARLET_BACKEND factory enter
SCARLET_BACKEND factory enter
SCARLET_BACKEND factory exit
SCARLET_BACKEND factory exit
SCARLET_BACKEND get enter
SCARLET_BACKEND load init enter
SCARLET_BACKEND factory enter
SCARLET_BACKEND factory exit
SCARLET_BACKEND get enter
SCARLET_BACKEND load init enter
SCARLET_BACKEND factory enter
SCARLET_BACKEND factory exit
SCARLET_BACKEND get enter
SCARLET_BACKEND load init enter
SCARLET_BACKEND factory enter
SCARLET_BACKEND factory exit
warning: unexpected `cfg` condition value: `rust_1_40`
  --> native-host-deps/target-lexicon-0.13.3/src/data_model.rs:43:12
   |
43 | #[cfg_attr(feature = "rust_1_40", non_exhaustive)]
   |            ^^^^^^^^^^^^^^^^^^^^^
   |
   = note: expected values for `feature` are: `arch_z80`, `arch_zkasm`, `default`, `serde`, `serde_support`, and `std`
   = help: consider adding `rust_1_40` as a feature in `Cargo.toml`
   = note: see <https://doc.rust-lang.org/nightly/rustc/check-cfg/cargo-specifics.html> for more information about checking conditional configuration
   = note: `#[warn(unexpected_cfgs)]` on by default

warning: unexpected `cfg` condition value: `rust_1_40`
  --> native-host-deps/target-lexicon-0.13.3/src/triple.rs:55:12
   |
55 | #[cfg_attr(feature = "rust_1_40", non_exhaustive)]
   |            ^^^^^^^^^^^^^^^^^^^^^
   |
   = note: expected values for `feature` are: `arch_z80`, `arch_zkasm`, `default`, `serde`, `serde_support`, and `std`
   = help: consider adding `rust_1_40` as a feature in `Cargo.toml`
   = note: see <https://doc.rust-lang.org/nightly/rustc/check-cfg/cargo-specifics.html> for more information about checking conditional configuration

warning: unexpected `cfg` condition value: `rust_1_40`
  --> native-host-deps/target-lexicon-0.13.3/src/targets.rs:14:12
   |
14 | #[cfg_attr(feature = "rust_1_40", non_exhaustive)]
   |            ^^^^^^^^^^^^^^^^^^^^^
   |
   = note: expected values for `feature` are: `arch_z80`, `arch_zkasm`, `default`, `serde`, `serde_support`, and `std`
   = help: consider adding `rust_1_40` as a feature in `Cargo.toml`
   = note: see <https://doc.rust-lang.org/nightly/rustc/check-cfg/cargo-specifics.html> for more information about checking conditional configuration

warning: unexpected `cfg` condition value: `rust_1_40`
  --> native-host-deps/target-lexicon-0.13.3/src/targets.rs:63:12
   |
63 | #[cfg_attr(feature = "rust_1_40", non_exhaustive)]
   |            ^^^^^^^^^^^^^^^^^^^^^
   |
   = note: expected values for `feature` are: `arch_z80`, `arch_zkasm`, `default`, `serde`, `serde_support`, and `std`
   = help: consider adding `rust_1_40` as a feature in `Cargo.toml`
   = note: see <https://doc.rust-lang.org/nightly/rustc/check-cfg/cargo-specifics.html> for more information about checking conditional configuration

warning: unexpected `cfg` condition value: `rust_1_40`
   --> native-host-deps/target-lexicon-0.13.3/src/targets.rs:113:12
    |
113 | #[cfg_attr(feature = "rust_1_40", non_exhaustive)]
    |            ^^^^^^^^^^^^^^^^^^^^^
    |
    = note: expected values for `feature` are: `arch_z80`, `arch_zkasm`, `default`, `serde`, `serde_support`, and `std`
    = help: consider adding `rust_1_40` as a feature in `Cargo.toml`
    = note: see <https://doc.rust-lang.org/nightly/rustc/check-cfg/cargo-specifics.html> for more information about checking conditional configuration

warning: unexpected `cfg` condition value: `rust_1_40`
   --> native-host-deps/target-lexicon-0.13.3/src/targets.rs:392:12
    |
392 | #[cfg_attr(feature = "rust_1_40", non_exhaustive)]
    |            ^^^^^^^^^^^^^^^^^^^^^
    |
    = note: expected values for `feature` are: `arch_z80`, `arch_zkasm`, `default`, `serde`, `serde_support`, and `std`
    = help: consider adding `rust_1_40` as a feature in `Cargo.toml`
    = note: see <https://doc.rust-lang.org/nightly/rustc/check-cfg/cargo-specifics.html> for more information about checking conditional configuration

warning: unexpected `cfg` condition value: `rust_1_40`
   --> native-host-deps/target-lexicon-0.13.3/src/targets.rs:413:12
    |
413 | #[cfg_attr(feature = "rust_1_40", non_exhaustive)]
    |            ^^^^^^^^^^^^^^^^^^^^^
    |
    = note: expected values for `feature` are: `arch_z80`, `arch_zkasm`, `default`, `serde`, `serde_support`, and `std`
    = help: consider adding `rust_1_40` as a feature in `Cargo.toml`
    = note: see <https://doc.rust-lang.org/nightly/rustc/check-cfg/cargo-specifics.html> for more information about checking conditional configuration

warning: unexpected `cfg` condition value: `rust_1_40`
   --> native-host-deps/target-lexicon-0.13.3/src/targets.rs:446:12
    |
446 | #[cfg_attr(feature = "rust_1_40", non_exhaustive)]
    |            ^^^^^^^^^^^^^^^^^^^^^
    |
    = note: expected values for `feature` are: `arch_z80`, `arch_zkasm`, `default`, `serde`, `serde_support`, and `std`
    = help: consider adding `rust_1_40` as a feature in `Cargo.toml`
    = note: see <https://doc.rust-lang.org/nightly/rustc/check-cfg/cargo-specifics.html> for more information about checking conditional configuration

warning: unexpected `cfg` condition value: `rust_1_40`
   --> native-host-deps/target-lexicon-0.13.3/src/targets.rs:471:12
    |
471 | #[cfg_attr(feature = "rust_1_40", non_exhaustive)]
    |            ^^^^^^^^^^^^^^^^^^^^^
    |
    = note: expected values for `feature` are: `arch_z80`, `arch_zkasm`, `default`, `serde`, `serde_support`, and `std`
    = help: consider adding `rust_1_40` as a feature in `Cargo.toml`
    = note: see <https://doc.rust-lang.org/nightly/rustc/check-cfg/cargo-specifics.html> for more information about checking conditional configuration

warning: unexpected `cfg` condition value: `rust_1_40`
   --> native-host-deps/target-lexicon-0.13.3/src/targets.rs:494:12
    |
494 | #[cfg_attr(feature = "rust_1_40", non_exhaustive)]
    |            ^^^^^^^^^^^^^^^^^^^^^
    |
    = note: expected values for `feature` are: `arch_z80`, `arch_zkasm`, `default`, `serde`, `serde_support`, and `std`
    = help: consider adding `rust_1_40` as a feature in `Cargo.toml`
    = note: see <https://doc.rust-lang.org/nightly/rustc/check-cfg/cargo-specifics.html> for more information about checking conditional configuration

warning: unexpected `cfg` condition value: `rust_1_40`
   --> native-host-deps/target-lexicon-0.13.3/src/targets.rs:519:12
    |
519 | #[cfg_attr(feature = "rust_1_40", non_exhaustive)]
    |            ^^^^^^^^^^^^^^^^^^^^^
    |
    = note: expected values for `feature` are: `arch_z80`, `arch_zkasm`, `default`, `serde`, `serde_support`, and `std`
    = help: consider adding `rust_1_40` as a feature in `Cargo.toml`
    = note: see <https://doc.rust-lang.org/nightly/rustc/check-cfg/cargo-specifics.html> for more information about checking conditional configuration

warning: unexpected `cfg` condition value: `rust_1_40`
   --> native-host-deps/target-lexicon-0.13.3/src/targets.rs:615:12
    |
615 | #[cfg_attr(feature = "rust_1_40", non_exhaustive)]
    |            ^^^^^^^^^^^^^^^^^^^^^
    |
    = note: expected values for `feature` are: `arch_z80`, `arch_zkasm`, `default`, `serde`, `serde_support`, and `std`
    = help: consider adding `rust_1_40` as a feature in `Cargo.toml`
    = note: see <https://doc.rust-lang.org/nightly/rustc/check-cfg/cargo-specifics.html> for more information about checking conditional configuration

warning: unexpected `cfg` condition value: `rust_1_40`
   --> native-host-deps/target-lexicon-0.13.3/src/targets.rs:690:12
    |
690 | #[cfg_attr(feature = "rust_1_40", non_exhaustive)]
    |            ^^^^^^^^^^^^^^^^^^^^^
    |
    = note: expected values for `feature` are: `arch_z80`, `arch_zkasm`, `default`, `serde`, `serde_support`, and `std`
    = help: consider adding `rust_1_40` as a feature in `Cargo.toml`
    = note: see <https://doc.rust-lang.org/nightly/rustc/check-cfg/cargo-specifics.html> for more information about checking conditional configuration

warning: unexpected `cfg` condition value: `rust_1_40`
   --> native-host-deps/target-lexicon-0.13.3/src/targets.rs:838:12
    |
838 | #[cfg_attr(feature = "rust_1_40", non_exhaustive)]
    |            ^^^^^^^^^^^^^^^^^^^^^
    |
    = note: expected values for `feature` are: `arch_z80`, `arch_zkasm`, `default`, `serde`, `serde_support`, and `std`
    = help: consider adding `rust_1_40` as a feature in `Cargo.toml`
    = note: see <https://doc.rust-lang.org/nightly/rustc/check-cfg/cargo-specifics.html> for more information about checking conditional configuration

warning: unexpected `cfg` condition value: `rust_1_40`
   --> native-host-deps/target-lexicon-0.13.3/src/targets.rs:926:12
    |
926 | #[cfg_attr(feature = "rust_1_40", non_exhaustive)]
    |            ^^^^^^^^^^^^^^^^^^^^^
    |
    = note: expected values for `feature` are: `arch_z80`, `arch_zkasm`, `default`, `serde`, `serde_support`, and `std`
    = help: consider adding `rust_1_40` as a feature in `Cargo.toml`
    = note: see <https://doc.rust-lang.org/nightly/rustc/check-cfg/cargo-specifics.html> for more information about checking conditional configuration

warning: hidden lifetime parameters in types are deprecated
   --> native-host-deps/target-lexicon-0.13.3/src/triple.rs:202:32
    |
202 |     fn fmt(&self, f: &mut fmt::Formatter) -> fmt::Result {
    |                           -----^^^^^^^^^
    |                           |
    |                           expected lifetime parameter
    |
    = note: `-W elided-lifetimes-in-paths` implied by `-W rust-2018-idioms`
    = help: to override `-W rust-2018-idioms` add `#[allow(elided_lifetimes_in_paths)]`
help: indicate the anonymous lifetime
    |
202 |     fn fmt(&self, f: &mut fmt::Formatter<'_>) -> fmt::Result {
    |                                         ++++

warning: hidden lifetime parameters in types are deprecated
   --> native-host-deps/target-lexicon-0.13.3/src/triple.rs:388:49
    |
388 |     fn special_case_display(&self, f: &mut fmt::Formatter) -> Option<fmt::Result> {
    |                                            -----^^^^^^^^^
    |                                            |
    |                                            expected lifetime parameter
    |
help: indicate the anonymous lifetime
    |
388 |     fn special_case_display(&self, f: &mut fmt::Formatter<'_>) -> Option<fmt::Result> {
    |                                                          ++++

warning: hidden lifetime parameters in types are deprecated
    --> native-host-deps/target-lexicon-0.13.3/src/targets.rs:1141:32
     |
1141 |     fn fmt(&self, f: &mut fmt::Formatter) -> fmt::Result {
     |                           -----^^^^^^^^^
     |                           |
     |                           expected lifetime parameter
     |
help: indicate the anonymous lifetime
     |
1141 |     fn fmt(&self, f: &mut fmt::Formatter<'_>) -> fmt::Result {
     |                                         ++++

warning: hidden lifetime parameters in types are deprecated
    --> native-host-deps/target-lexicon-0.13.3/src/targets.rs:1147:32
     |
1147 |     fn fmt(&self, f: &mut fmt::Formatter) -> fmt::Result {
     |                           -----^^^^^^^^^
     |                           |
     |                           expected lifetime parameter
     |
help: indicate the anonymous lifetime
     |
1147 |     fn fmt(&self, f: &mut fmt::Formatter<'_>) -> fmt::Result {
     |                                         ++++

warning: hidden lifetime parameters in types are deprecated
    --> native-host-deps/target-lexicon-0.13.3/src/targets.rs:1153:32
     |
1153 |     fn fmt(&self, f: &mut fmt::Formatter) -> fmt::Result {
     |                           -----^^^^^^^^^
     |                           |
     |                           expected lifetime parameter
     |
help: indicate the anonymous lifetime
     |
1153 |     fn fmt(&self, f: &mut fmt::Formatter<'_>) -> fmt::Result {
     |                                         ++++

warning: hidden lifetime parameters in types are deprecated
    --> native-host-deps/target-lexicon-0.13.3/src/targets.rs:1159:32
     |
1159 |     fn fmt(&self, f: &mut fmt::Formatter) -> fmt::Result {
     |                           -----^^^^^^^^^
     |                           |
     |                           expected lifetime parameter
     |
help: indicate the anonymous lifetime
     |
1159 |     fn fmt(&self, f: &mut fmt::Formatter<'_>) -> fmt::Result {
     |                                         ++++

warning: hidden lifetime parameters in types are deprecated
    --> native-host-deps/target-lexicon-0.13.3/src/targets.rs:1165:32
     |
1165 |     fn fmt(&self, f: &mut fmt::Formatter) -> fmt::Result {
     |                           -----^^^^^^^^^
     |                           |
     |                           expected lifetime parameter
     |
help: indicate the anonymous lifetime
     |
1165 |     fn fmt(&self, f: &mut fmt::Formatter<'_>) -> fmt::Result {
     |                                         ++++

warning: hidden lifetime parameters in types are deprecated
    --> native-host-deps/target-lexicon-0.13.3/src/targets.rs:1171:32
     |
1171 |     fn fmt(&self, f: &mut fmt::Formatter) -> fmt::Result {
     |                           -----^^^^^^^^^
     |                           |
     |                           expected lifetime parameter
     |
help: indicate the anonymous lifetime
     |
1171 |     fn fmt(&self, f: &mut fmt::Formatter<'_>) -> fmt::Result {
     |                                         ++++

warning: hidden lifetime parameters in types are deprecated
    --> native-host-deps/target-lexicon-0.13.3/src/targets.rs:1177:32
     |
1177 |     fn fmt(&self, f: &mut fmt::Formatter) -> fmt::Result {
     |                           -----^^^^^^^^^
     |                           |
     |                           expected lifetime parameter
     |
help: indicate the anonymous lifetime
     |
1177 |     fn fmt(&self, f: &mut fmt::Formatter<'_>) -> fmt::Result {
     |                                         ++++

warning: hidden lifetime parameters in types are deprecated
    --> native-host-deps/target-lexicon-0.13.3/src/targets.rs:1183:32
     |
1183 |     fn fmt(&self, f: &mut fmt::Formatter) -> fmt::Result {
     |                           -----^^^^^^^^^
     |                           |
     |                           expected lifetime parameter
     |
help: indicate the anonymous lifetime
     |
1183 |     fn fmt(&self, f: &mut fmt::Formatter<'_>) -> fmt::Result {
     |                                         ++++

warning: hidden lifetime parameters in types are deprecated
    --> native-host-deps/target-lexicon-0.13.3/src/targets.rs:1196:32
     |
1196 |     fn fmt(&self, f: &mut fmt::Formatter) -> fmt::Result {
     |                           -----^^^^^^^^^
     |                           |
     |                           expected lifetime parameter
     |
help: indicate the anonymous lifetime
     |
1196 |     fn fmt(&self, f: &mut fmt::Formatter<'_>) -> fmt::Result {
     |                                         ++++

warning: hidden lifetime parameters in types are deprecated
    --> native-host-deps/target-lexicon-0.13.3/src/targets.rs:1455:32
     |
1455 |     fn fmt(&self, f: &mut fmt::Formatter) -> fmt::Result {
     |                           -----^^^^^^^^^
     |                           |
     |                           expected lifetime parameter
     |
help: indicate the anonymous lifetime
     |
1455 |     fn fmt(&self, f: &mut fmt::Formatter<'_>) -> fmt::Result {
     |                                         ++++

warning: hidden lifetime parameters in types are deprecated
    --> native-host-deps/target-lexicon-0.13.3/src/targets.rs:1527:32
     |
1527 |     fn fmt(&self, f: &mut fmt::Formatter) -> fmt::Result {
     |                           -----^^^^^^^^^
     |                           |
     |                           expected lifetime parameter
     |
help: indicate the anonymous lifetime
     |
1527 |     fn fmt(&self, f: &mut fmt::Formatter<'_>) -> fmt::Result {
     |                                         ++++

warning: hidden lifetime parameters in types are deprecated
    --> native-host-deps/target-lexicon-0.13.3/src/targets.rs:1667:32
     |
1667 |     fn fmt(&self, f: &mut fmt::Formatter) -> fmt::Result {
     |                           -----^^^^^^^^^
     |                           |
     |                           expected lifetime parameter
     |
help: indicate the anonymous lifetime
     |
1667 |     fn fmt(&self, f: &mut fmt::Formatter<'_>) -> fmt::Result {
     |                                         ++++

warning: hidden lifetime parameters in types are deprecated
    --> native-host-deps/target-lexicon-0.13.3/src/targets.rs:1720:32
     |
1720 |     fn fmt(&self, f: &mut fmt::Formatter) -> fmt::Result {
     |                           -----^^^^^^^^^
     |                           |
     |                           expected lifetime parameter
     |
help: indicate the anonymous lifetime
     |
1720 |     fn fmt(&self, f: &mut fmt::Formatter<'_>) -> fmt::Result {
     |                                         ++++

SCARLET_BACKEND get enter
SCARLET_BACKEND load init enter
SCARLET_BACKEND factory enter
SCARLET_BACKEND factory exit
SCARLET_BACKEND get enter
SCARLET_BACKEND load init enter
SCARLET_BACKEND factory enter
SCARLET_BACKEND factory exit
SCARLET_BACKEND get enter
SCARLET_BACKEND load init enter
SCARLET_BACKEND factory enter
SCARLET_BACKEND factory exit
SCARLET_BACKEND get enter
SCARLET_BACKEND load init enter
SCARLET_BACKEND factory enter
SCARLET_BACKEND factory exit
SCARLET_BACKEND get enter
SCARLET_BACKEND load init enter
SCARLET_BACKEND factory enter
SCARLET_BACKEND factory exit
   Compiling arbitrary v1.4.2
SCARLET_BACKEND get enter
SCARLET_BACKEND load init enter
SCARLET_BACKEND factory enter
SCARLET_BACKEND factory exit
   Compiling cranelift-assembler-x64-meta v0.127.0
SCARLET_BACKEND get enter
SCARLET_BACKEND load init enter
SCARLET_BACKEND factory enter
SCARLET_BACKEND factory exit
SCARLET_BACKEND get enter
SCARLET_BACKEND load init enter
SCARLET_BACKEND factory enter
SCARLET_BACKEND factory exit
SCARLET_BACKEND get enter
SCARLET_BACKEND load init enter
SCARLET_BACKEND factory enter
SCARLET_BACKEND factory exit
warning: `target-lexicon` (build script) generated 30 warnings
SCARLET_BACKEND get enter
SCARLET_BACKEND load init enter
SCARLET_BACKEND factory enter
SCARLET_BACKEND factory exit
   Compiling rustc-hash v2.1.1
SCARLET_BACKEND get enter
SCARLET_BACKEND load init enter
SCARLET_BACKEND factory enter
SCARLET_BACKEND factory exit
   Compiling regalloc2 v0.13.3
SCARLET_BACKEND get enter
SCARLET_BACKEND load init enter
SCARLET_BACKEND factory enter
SCARLET_BACKEND factory exit
   Compiling gimli v0.32.3
SCARLET_BACKEND get enter
SCARLET_BACKEND load init enter
SCARLET_BACKEND factory enter
SCARLET_BACKEND factory exit
   Compiling cranelift-codegen-meta v0.127.0
SCARLET_BACKEND get enter
SCARLET_BACKEND load init enter
SCARLET_BACKEND factory enter
SCARLET_BACKEND factory exit
   Compiling cranelift-assembler-x64 v0.127.0
SCARLET_BACKEND get enter
SCARLET_BACKEND load init enter
SCARLET_BACKEND factory enter
SCARLET_BACKEND factory exit
   Compiling wasmtime-internal-math v40.0.0
SCARLET_BACKEND get enter
SCARLET_BACKEND load init enter
SCARLET_BACKEND factory enter
SCARLET_BACKEND factory exit
   Compiling cranelift-control v0.127.0
SCARLET_BACKEND get enter
SCARLET_BACKEND load init enter
SCARLET_BACKEND factory enter
SCARLET_BACKEND factory exit
SCARLET_BACKEND get enter
SCARLET_BACKEND load init enter
SCARLET_BACKEND factory enter
SCARLET_BACKEND factory exit
warning: unexpected `cfg` condition value: `cargo-clippy`
 --> native-host-deps/target-lexicon-0.13.3/src/lib.rs:6:5
  |
6 |     feature = "cargo-clippy",
  |     ^^^^^^^^^^^^^^^^^^^^^^^^
  |
  = note: expected values for `feature` are: `arch_z80`, `arch_zkasm`, `default`, `serde`, `serde_support`, and `std`
  = help: consider adding `cargo-clippy` as a feature in `Cargo.toml`
  = note: see <https://doc.rust-lang.org/nightly/rustc/check-cfg/cargo-specifics.html> for more information about checking conditional configuration
  = note: `#[warn(unexpected_cfgs)]` on by default

warning: unexpected `cfg` condition value: `rust_1_40`
  --> native-host-deps/target-lexicon-0.13.3/src/data_model.rs:43:12
   |
43 | #[cfg_attr(feature = "rust_1_40", non_exhaustive)]
   |            ^^^^^^^^^^^^^^^^^^^^^
   |
   = note: expected values for `feature` are: `arch_z80`, `arch_zkasm`, `default`, `serde`, `serde_support`, and `std`
   = help: consider adding `rust_1_40` as a feature in `Cargo.toml`
   = note: see <https://doc.rust-lang.org/nightly/rustc/check-cfg/cargo-specifics.html> for more information about checking conditional configuration

warning: hidden lifetime parameters in types are deprecated
  --> native-host-deps/target-lexicon-0.13.3/src/parse_error.rs:18:34
   |
18 |     fn fmt(&self, fmt: &mut fmt::Formatter) -> fmt::Result {
   |                             -----^^^^^^^^^
   |                             |
   |                             expected lifetime parameter
   |
   = note: `-W elided-lifetimes-in-paths` implied by `-W rust-2018-idioms`
   = help: to override `-W rust-2018-idioms` add `#[allow(elided_lifetimes_in_paths)]`
help: indicate the anonymous lifetime
   |
18 |     fn fmt(&self, fmt: &mut fmt::Formatter<'_>) -> fmt::Result {
   |                                           ++++

warning: hidden lifetime parameters in types are deprecated
   --> native-host-deps/target-lexicon-0.13.3/src/triple.rs:202:32
    |
202 |     fn fmt(&self, f: &mut fmt::Formatter) -> fmt::Result {
    |                           -----^^^^^^^^^
    |                           |
    |                           expected lifetime parameter
    |
help: indicate the anonymous lifetime
    |
202 |     fn fmt(&self, f: &mut fmt::Formatter<'_>) -> fmt::Result {
    |                                         ++++

SCARLET_BACKEND get enter
SCARLET_BACKEND load init enter
SCARLET_BACKEND factory enter
SCARLET_BACKEND factory exit
SCARLET_BACKEND get enter
SCARLET_BACKEND load init enter
SCARLET_BACKEND factory enter
SCARLET_BACKEND factory exit
   Compiling crc32fast v1.5.0
SCARLET_BACKEND get enter
SCARLET_BACKEND load init enter
SCARLET_BACKEND factory enter
SCARLET_BACKEND factory exit
warning: `target-lexicon` (lib) generated 32 warnings (28 duplicates)
SCARLET_BACKEND get enter
SCARLET_BACKEND load init enter
SCARLET_BACKEND factory enter
SCARLET_BACKEND factory exit
   Compiling anyhow v1.0.100
SCARLET_BACKEND get enter
SCARLET_BACKEND load init enter
SCARLET_BACKEND factory enter
SCARLET_BACKEND factory exit
SCARLET_BACKEND get enter
SCARLET_BACKEND load init enter
SCARLET_BACKEND factory enter
SCARLET_BACKEND factory exit
   Compiling object v0.37.3
SCARLET_BACKEND get enter
SCARLET_BACKEND load init enter
SCARLET_BACKEND factory enter
SCARLET_BACKEND factory exit
SCARLET_BACKEND get enter
SCARLET_BACKEND load init enter
SCARLET_BACKEND factory enter
SCARLET_BACKEND factory exit
SCARLET_BACKEND get enter
SCARLET_BACKEND load init enter
SCARLET_BACKEND factory enter
SCARLET_BACKEND factory exit
   Compiling memchr v2.7.6
SCARLET_BACKEND get enter
SCARLET_BACKEND load init enter
SCARLET_BACKEND factory enter
SCARLET_BACKEND factory exit
   Compiling cranelift-codegen v0.127.0
SCARLET_BACKEND get enter
SCARLET_BACKEND load init enter
SCARLET_BACKEND factory enter
SCARLET_BACKEND factory exit
SCARLET_BACKEND get enter
SCARLET_BACKEND load init enter
SCARLET_BACKEND factory enter
SCARLET_BACKEND factory exit
SCARLET_BACKEND get enter
SCARLET_BACKEND load init enter
SCARLET_BACKEND factory enter
SCARLET_BACKEND factory exit
   Compiling cranelift-module v0.127.0
   Compiling cranelift-frontend v0.127.0
SCARLET_BACKEND get enter
SCARLET_BACKEND load init enter
SCARLET_BACKEND factory enter
SCARLET_BACKEND factory exit
SCARLET_BACKEND get enter
SCARLET_BACKEND load init enter
SCARLET_BACKEND factory enter
SCARLET_BACKEND factory exit
   Compiling cranelift-object v0.127.0
SCARLET_BACKEND get enter
SCARLET_BACKEND load init enter
SCARLET_BACKEND factory enter
SCARLET_BACKEND factory exit
   Compiling rustc_codegen_cranelift v0.1.0 (/Users/petitstrawberry/.codex/worktrees/native-rustc-host/rust/compiler/rustc_codegen_cranelift)
SCARLET_BACKEND get enter
SCARLET_BACKEND load init enter
SCARLET_BACKEND factory enter
SCARLET_BACKEND factory exit
    Finished `release` profile [optimized] target(s) in 52.96s
Build completed successfully in 0:04:00
